dTdt,dEBdt,dStydt,dH2dt,dBeEtdt,dToMedt,t,Run
-73.009,-0.89268464,2.3829298,2.1853411,0.36512008,0.37828156,0.0,0
-78.81663,-1.0380839,1.5842447,1.3590652,0.34000102,0.17962176,0.12,0
-77.614685,-1.1159422,1.1665908,0.9226941,0.3092857,0.06857205,0.24,0
-75.33548,-1.2534066,0.98171407,0.78820765,0.2970063,0.02658714,0.36,0
-71.91797,-1.3712989,0.8928803,0.75630844,0.2865914,0.009244716,0.48,0
-67.74825,-1.4517746,0.84406865,0.7514358,0.27387705,0.00069738645,0.6,0
-63.266716,-1.501128,0.8167177,0.75109226,0.2593414,-0.0025828,0.72,0
-58.777786,-1.5304455,0.8075001,0.75038844,0.24422534,-0.00013529712,0.84,0
-54.466614,-1.5502214,0.81835485,0.7499873,0.22962321,0.009383506,0.96,0
-50.430294,-1.5679165,0.8507737,0.75142676,0.21624038,0.026720984,1.08,0
-46.692707,-1.5862345,0.902299,0.7549228,0.20426567,0.05123245,1.2,0
-43.21592,-1.6027775,0.96553564,0.75864697,0.19336243,0.08072806,1.3199999999999998,0
-39.925156,-1.6116842,1.0296533,0.75928205,0.18285164,0.11197524,1.44,0
-36.742237,-1.6064935,1.0834357,0.7533258,0.1720147,0.14157861,1.56,0
-33.614273,-1.5827893,1.1181457,0.7383151,0.1603652,0.16679563,1.68,0
-30.526073,-1.5394585,1.12901,0.7134366,0.1477719,0.1859692,1.7999999999999998,0
-27.49551,-1.4784732,1.1151836,0.67942584,0.13442515,0.19853625,1.92,0
-24.560308,-1.4038255,1.0787382,0.63805753,0.120716445,0.20477042,2.04,0
-21.763498,-1.3203028,1.0234135,0.5915578,0.10710291,0.20544891,2.16,0
-19.143438,-1.232557,0.95355606,0.54214436,0.0940118,0.20156498,2.28,0
-16.728014,-1.1445322,0.8733995,0.49175027,0.08178243,0.19413258,2.4,0
-14.533413,-1.059273,0.7866962,0.44190845,0.070649356,0.18407606,2.52,0
-12.56525,-0.9789139,0.69654936,0.39374197,0.060748853,0.17218249,2.64,0
-10.8203745,-0.90480125,0.60543036,0.34801066,0.05213276,0.15909342,2.76,0
-9.289472,-0.8376564,0.51522034,0.30517957,0.044791616,0.14531514,2.88,0
-7.9591036,-0.7777196,0.42730665,0.2654871,0.038670346,0.13123775,3.0,0
-6.813559,-0.7249077,0.34268054,0.2290081,0.033686675,0.11715632,3.12,0
-5.8359733,-0.6789098,0.26202306,0.19570248,0.029740965,0.10328931,3.24,0
-5.0096436,-0.6392763,0.18575966,0.16545562,0.026728073,0.08979624,3.36,0
-4.3180575,-0.6054771,0.114144854,0.13810506,0.024540048,0.07679008,3.48,0
-3.7460628,-0.57696337,0.04728713,0.11346762,0.023074796,0.06434945,3.6,0
-3.2792995,-0.5531727,-0.014801407,0.0913433,0.022234298,0.052524786,3.72,0
-2.9048429,-0.5335649,-0.07218727,0.071532905,0.021928528,0.04134668,3.84,0
-2.610976,-0.51762736,-0.12499105,0.053842545,0.022075932,0.03083064,3.96,0
-2.3872364,-0.5048896,-0.17336705,0.03808769,0.02260346,0.020979993,4.08,0
-2.2242584,-0.49491918,-0.2174918,0.024094708,0.023445422,0.011789682,4.2,0
-2.1137793,-0.487323,-0.25756094,0.0117026875,0.024544321,0.0032481644,4.32,0
-2.048385,-0.48174864,-0.29377788,0.00076161436,0.025848834,-0.004661575,4.44,0
-2.0217586,-0.4778837,-0.32634887,-0.008863503,0.027315471,-0.0119585935,4.56,0
-2.0282233,-0.47545668,-0.3554788,-0.017295917,0.028906284,-0.018665412,4.68,0
-2.0626593,-0.4742179,-0.38136542,-0.02465022,0.030587161,-0.024806036,4.8,0
-2.1209404,-0.47395745,-0.40420872,-0.031026462,0.032330878,-0.030404687,4.92,0
-2.1989655,-0.47448638,-0.42419446,-0.036520652,0.03411191,-0.035487913,5.04,0
-2.2936366,-0.47564393,-0.44150737,-0.041213695,0.03591075,-0.040080246,5.16,0
-2.4019306,-0.47729263,-0.4563175,-0.04518308,0.03770975,-0.044207256,5.279999999999999,0
-2.521255,-0.47931194,-0.46878612,-0.04849596,0.039494265,-0.04789462,5.4,0
-2.649477,-0.48159727,-0.4790738,-0.051215976,0.04125219,-0.05116673,5.52,0
-2.7845883,-0.4840621,-0.48732507,-0.05339813,0.042973507,-0.0540472,5.64,0
-2.924852,-0.4866344,-0.49367294,-0.055094253,0.04464995,-0.056559753,5.76,0
-3.0688179,-0.48924816,-0.49825132,-0.05634949,0.046274833,-0.058726545,5.88,0
-3.2152026,-0.49185193,-0.50118196,-0.057204925,0.04784309,-0.06056946,6.0,0
-3.3628757,-0.49440545,-0.5025763,-0.057699963,0.049350765,-0.062109366,6.12,0
-3.5107965,-0.49687058,-0.5025406,-0.057867933,0.050794728,-0.06336565,6.24,0
-3.6581068,-0.49921915,-0.5011727,-0.057740208,0.052172054,-0.064357944,6.359999999999999,0
-3.8041387,-0.5014293,-0.498572,-0.057344947,0.053482145,-0.065103956,6.48,0
-3.9481952,-0.5034832,-0.494817,-0.05670723,0.054724056,-0.06562083,6.6,0
-4.0896373,-0.50536555,-0.48999438,-0.055851657,0.055896875,-0.065925375,6.72,0
-4.228026,-0.5070672,-0.48417425,-0.054800026,0.05700068,-0.06603326,6.84,0
-4.3629894,-0.5085808,-0.47743177,-0.0535698,0.058036424,-0.06595835,6.96,0
-4.4940977,-0.5099033,-0.4698281,-0.05218069,0.059004303,-0.065715276,7.08,0
-4.6210127,-0.5110308,-0.4614234,-0.050647505,0.059905306,-0.06531679,7.199999999999999,0
-4.7435193,-0.51196545,-0.45227745,-0.048986733,0.06074074,-0.064775966,7.319999999999999,0
-4.861326,-0.512706,-0.4424412,-0.047210187,0.061511435,-0.064103395,7.439999999999999,0
-4.9742675,-0.5132559,-0.43196288,-0.04533107,0.062219407,-0.06331067,7.56,0
-5.0821943,-0.5136205,-0.42088988,-0.04336014,0.06286588,-0.06240835,7.68,0
-5.184921,-0.5137989,-0.40926513,-0.04130928,0.06345194,-0.06140555,7.8,0
-5.282323,-0.5138014,-0.3971208,-0.039188266,0.06397951,-0.060312334,7.92,0
-5.3743243,-0.51362956,-0.38450217,-0.037002973,0.06445001,-0.059136294,8.04,0
-5.460899,-0.51328903,-0.3714432,-0.034765415,0.06486543,-0.057885814,8.16,0
-5.5418777,-0.51278883,-0.35797143,-0.032480903,0.065226875,-0.0565685,8.28,0
-5.6172523,-0.51213115,-0.34411705,-0.030156985,0.06553593,-0.055191245,8.4,0
-5.687017,-0.51132494,-0.32990894,-0.027799528,0.06579437,-0.053760845,8.52,0
-5.751164,-0.5103753,-0.3153726,-0.025413843,0.06600398,-0.05228292,8.64,0
-5.8095713,-0.5092857,-0.30053225,-0.023007477,0.06616531,-0.050763857,8.76,0
-5.862337,-0.50806737,-0.28540865,-0.020582734,0.06628098,-0.04920847,8.879999999999999,0
-5.9093685,-0.5067167,-0.27002594,-0.01814723,0.06635106,-0.047622237,9.0,0
-5.950773,-0.50525033,-0.25439966,-0.015702294,0.06637809,-0.04600923,9.12,0
-5.986571,-0.5036674,-0.23855047,-0.013252887,0.066363096,-0.04437399,9.24,0
-6.016706,-0.5019754,-0.22249314,-0.01080299,0.06630702,-0.04272069,9.36,0
-6.0412498,-0.50017536,-0.20624718,-0.008356308,0.066211455,-0.041052755,9.48,0
-6.0601926,-0.49827507,-0.18982315,-0.0059149354,0.066077344,-0.03937403,9.6,0
-6.073668,-0.49628282,-0.1732386,-0.0034815285,0.06590612,-0.03768715,9.72,0
-6.0815396,-0.4941922,-0.15650469,-0.0010621657,0.06569801,-0.03599596,9.84,0
-6.084049,-0.49202013,-0.13963206,0.0013462972,0.06545556,-0.034302093,9.96,0
-6.081163,-0.4897619,-0.122636445,0.0037378513,0.06517876,-0.032608643,10.08,0
-6.072833,-0.48742214,-0.10552176,0.0061115185,0.06486836,-0.030918492,10.2,0
-6.059272,-0.48500896,-0.0883062,0.008464852,0.06452622,-0.029232837,10.32,0
-6.0404816,-0.48252338,-0.07099187,0.010797086,0.06415302,-0.027554004,10.44,0
-6.0163984,-0.47996408,-0.053593233,0.013104515,0.06374888,-0.02588422,10.56,0
-5.9872007,-0.47734094,-0.036111735,0.015388188,0.06331538,-0.02422472,10.68,0
-5.9530053,-0.47465375,-0.01856285,0.01764573,0.06285362,-0.022576734,10.8,0
-5.9137387,-0.4719044,-0.0009489745,0.019875042,0.062363446,-0.020942494,10.92,0
-5.869422,-0.46909237,0.01671942,0.02207466,0.061845575,-0.019323066,11.04,0
-5.8203106,-0.46622702,0.03443928,0.02424507,0.061301745,-0.017719172,11.16,0
-5.7663307,-0.4633078,0.052204393,0.026385158,0.06073227,-0.016132155,11.28,0
-5.7076464,-0.4603364,0.07000636,0.028493803,0.060137946,-0.014562574,11.4,0
-5.6442127,-0.457315,0.08784246,0.030569889,0.05951885,-0.013012218,11.52,0
-5.576161,-0.45424387,0.10570429,0.03261174,0.058875933,-0.011480974,11.64,0
-5.503441,-0.45112193,0.12359,0.03461956,0.058209274,-0.00997024,11.76,0
-5.426298,-0.44795883,0.14149293,0.036592722,0.05752077,-0.008480184,11.88,0
-5.344762,-0.4447518,0.1594106,0.038531862,0.056810185,-0.0070111956,12.0,0
-69.54058,-1.6673251,2.2156582,1.4726906,0.37332842,0.13238873,0.0,1
-68.44859,-1.6366488,1.828161,1.0858687,0.33969736,0.042737905,0.12,1
-66.22473,-1.6145606,1.5668861,0.8509097,0.31213242,-0.012554997,0.24,1
-63.653374,-1.6030053,1.3848975,0.7173062,0.2906353,-0.04457305,0.36,1
-60.864693,-1.5884825,1.2484125,0.63944876,0.2721745,-0.063356854,0.48,1
-57.916943,-1.5631396,1.1377742,0.5901443,0.25485018,-0.07475596,0.6,1
-54.866383,-1.5244217,1.0424715,0.55484086,0.23779461,-0.08174941,0.72,1
-51.764706,-1.4727454,0.9572922,0.52609706,0.2207069,-0.08572796,0.84,1
-48.655945,-1.4100314,0.8800012,0.50030535,0.20356786,-0.0872634,0.96,1
-45.57761,-1.3388957,0.8099548,0.47592735,0.18649831,-0.08653477,1.08,1
-42.56205,-1.2621698,0.74723244,0.45250896,0.16968167,-0.08357159,1.2,1
-39.63657,-1.1825607,0.6920892,0.43011555,0.15331635,-0.07839593,1.3199999999999998,1
-36.823425,-1.1024172,0.64461803,0.40899488,0.13758437,-0.07110154,1.44,1
-34.13901,-1.0235839,0.6045733,0.38937446,0.122629724,-0.061887894,1.56,1
-31.5937,-0.9473456,0.57132506,0.3713696,0.10854786,-0.051061694,1.68,1
-29.192202,-0.8744626,0.5439179,0.35495168,0.095385715,-0.039014634,1.7999999999999998,1
-26.934355,-0.80525863,0.52117676,0.33996513,0.08314769,-0.026187284,1.92,1
-24.816221,-0.7397407,0.50184286,0.32616946,0.07180623,-0.013029598,2.04,1
-22.831764,-0.67772776,0.48470157,0.31328666,0.061315,3.663249e-05,2.16,1
-20.97352,-0.61896116,0.46868035,0.30104542,0.051617853,0.0126423165,2.28,1
-19.23385,-0.5631777,0.45290837,0.28921232,0.042658914,0.024489755,2.4,1
-17.605366,-0.5101591,0.43674386,0.27760446,0.034385193,0.03535748,2.52,1
-16.081318,-0.459758,0.4197683,0.26610225,0.026752014,0.04509901,2.64,1
-14.655595,-0.41189805,0.40176862,0.25463945,0.01972151,0.053633597,2.76,1
-13.322775,-0.36655626,0.3826909,0.24319437,0.01326214,0.060936373,2.88,1
-12.078044,-0.3237594,0.3626137,0.23178512,0.0073480653,0.06702622,3.0,1
-10.91691,-0.2835542,0.3417029,0.22045067,0.001956809,0.07195451,3.12,1
-9.835302,-0.24599944,0.32018104,0.20924549,-0.0029314545,0.075794324,3.24,1
-8.829289,-0.21115397,0.2983046,0.19822972,-0.007335759,0.07863207,3.36,1
-7.895112,-0.17906034,0.2763326,0.18746409,-0.0112745045,0.08056191,3.48,1
-7.029062,-0.14974892,0.25452155,0.17700486,-0.014766568,0.08167885,3.6,1
-6.227481,-0.12322552,0.23311222,0.16690098,-0.01783126,0.082077004,3.72,1
-5.48696,-0.099483766,0.21232255,0.15719725,-0.020487614,0.081846535,3.84,1
-4.8038898,-0.078486115,0.19234437,0.1479231,-0.022756167,0.0810703,3.96,1
-4.1749406,-0.060187265,0.17333816,0.13910569,-0.024657179,0.07982653,4.08,1
-3.5968106,-0.0445223,0.15544176,0.13076076,-0.02621123,0.07818485,4.2,1
-3.0662775,-0.031410024,0.13876247,0.12289933,-0.027438698,0.07620854,4.32,1
-2.5802946,-0.020765362,0.12338839,0.11552463,-0.02835996,0.073954485,4.44,1
-2.1359258,-0.0124908155,0.109383516,0.108636156,-0.028994687,0.0714732,4.56,1
-1.730325,-0.0064794915,0.096785694,0.10222756,-0.029362781,0.0688085,4.68,1
-1.360916,-0.0026280899,0.085626006,0.09629144,-0.029482445,0.0659997,4.8,1
-1.0250751,-0.0008272338,0.075914145,0.09081395,-0.029372001,0.0630802,4.92,1
-0.7204881,-0.00096754584,0.067650445,0.08578329,-0.029048426,0.06008002,5.04,1
-0.4448555,-0.0029379919,0.060824763,0.0811829,-0.028528811,0.057024408,5.16,1
-0.19616409,-0.006630299,0.05540984,0.07699684,-0.027828278,0.053935878,5.279999999999999,1
0.027609056,-0.011939511,0.051384088,0.073208906,-0.026961783,0.050833266,5.4,1
0.22823152,-0.018761773,0.048707593,0.069799885,-0.025943015,0.047733057,5.52,1
0.4074423,-0.02699406,0.04734263,0.066755034,-0.024785234,0.044649165,5.64,1
0.5669017,-0.036543295,0.047247548,0.06405423,-0.023501059,0.04159316,5.76,1
0.7079836,-0.047314182,0.048375893,0.0616821,-0.022101535,0.038575046,5.88,1
0.83212656,-0.059219167,0.05068078,0.059621457,-0.0205977,0.035603426,6.0,1
0.94055426,-0.07217511,0.054113574,0.057857066,-0.018999053,0.032685235,6.12,1
1.0345142,-0.08609501,0.058620192,0.056371324,-0.017315643,0.029825833,6.24,1
1.1150776,-0.100904845,0.06415441,0.055150535,-0.015556019,0.027030138,6.359999999999999,1
1.183232,-0.116531685,0.07066627,0.054179534,-0.013727975,0.024302289,6.48,1
1.2399744,-0.13290484,0.0781028,0.053445674,-0.011839348,0.021644967,6.6,1
1.2861373,-0.14996022,0.086418614,0.052935336,-0.009896942,0.019060295,6.72,1
1.3225726,-0.1676354,0.09556489,0.052635167,-0.007907171,0.016550284,6.84,1
1.349943,-0.18587072,0.105490685,0.05253497,-0.005876086,0.0141159985,6.96,1
1.3690981,-0.20461123,0.11615642,0.052620914,-0.0038095848,0.011757939,7.08,1
1.3805387,-0.22380526,0.12751435,0.052885167,-0.0017124157,0.009476889,7.199999999999999,1
1.3849803,-0.2434031,0.1395228,0.053315993,0.00041035612,0.0072724014,7.319999999999999,1
1.3829122,-0.26336056,0.1521385,0.053903192,0.0025544965,0.0051445314,7.439999999999999,1
1.3748566,-0.2836329,0.1653247,0.054638796,0.004715732,0.0030930003,7.56,1
1.3613764,-0.3041762,0.17903876,0.055513516,0.006890144,0.0011165504,7.68,1
1.3427868,-0.32495898,0.19324678,0.05652001,0.009074806,-0.0007848462,7.8,1
1.3195668,-0.34594005,0.20791222,0.057651367,0.011266076,-0.0026127263,7.92,1
1.2921678,-0.36708823,0.22300334,0.05889843,0.013460828,-0.0043682917,8.04,1
1.2608446,-0.38837257,0.23848614,0.06025554,0.015656492,-0.0060521844,8.16,1
1.2259432,-0.409763,0.25432876,0.06171648,0.017850965,-0.00766583,8.28,1
1.187843,-0.43123212,0.27050474,0.06327363,0.020041207,-0.009210877,8.4,1
1.1468087,-0.45275375,0.28698447,0.06492189,0.022225354,-0.010688751,8.52,1
1.1030979,-0.4743035,0.30373988,0.066656515,0.02440131,-0.012100373,8.64,1
1.0569063,-0.49586326,0.32074893,0.06847303,0.026567848,-0.013447225,8.76,1
1.0086131,-0.5174078,0.33798638,0.07036403,0.028722435,-0.014731179,8.879999999999999,1
0.95829713,-0.5389206,0.3554293,0.072326854,0.030864123,-0.015953435,9.0,1
0.90622777,-0.5603811,0.373057,0.07435661,0.032991365,-0.017115504,9.12,1
0.85261744,-0.58177406,0.39084762,0.076448694,0.035102542,-0.018219005,9.24,1
0.7976021,-0.6030849,0.40878427,0.078599334,0.037196983,-0.019265253,9.36,1
0.74134636,-0.6243002,0.42684695,0.08080671,0.039273575,-0.020255558,9.48,1
0.6839837,-0.6454042,0.44501758,0.08306488,0.04133149,-0.021191237,9.6,1
0.6257671,-0.66638553,0.4632833,0.0853707,0.04336918,-0.022074386,9.72,1
0.5667299,-0.68723434,0.48162773,0.087723404,0.045386456,-0.02290584,9.84,1
0.50702477,-0.7079406,0.5000363,0.09011692,0.047382597,-0.023686998,9.96,1
0.44679248,-0.7284933,0.5184948,0.09255005,0.049356584,-0.02441959,10.08,1
0.3861117,-0.74888355,0.53698903,0.095020205,0.051308166,-0.025104571,10.2,1
0.32509223,-0.76910573,0.55551124,0.09752397,0.0532368,-0.025743308,10.32,1
0.26387712,-0.7891517,0.5740504,0.100059316,0.055142168,-0.026337279,10.44,1
0.20251173,-0.8090153,0.5925924,0.1026252,0.057023592,-0.026887912,10.56,1
0.14107479,-0.8286888,0.6111275,0.105216935,0.05888096,-0.027396072,10.68,1
0.07964261,-0.8481701,0.62964964,0.107834384,0.06071395,-0.027862934,10.8,1
0.018348787,-0.8674528,0.6481496,0.11047517,0.062522285,-0.028290005,10.92,1
-0.04273512,-0.88653195,0.66661876,0.1131358,0.06430549,-0.028678712,11.04,1
-0.10365681,-0.90540695,0.6850504,0.11581725,0.06606413,-0.02902925,11.16,1
-0.16424455,-0.92407024,0.70343566,0.11851603,0.06779728,-0.029343657,11.28,1
-0.22450785,-0.94252306,0.7217712,0.12123088,0.06950542,-0.0296223,11.4,1
-0.28436804,-0.9607616,0.7400465,0.12395984,0.07118816,-0.029866908,11.52,1
-0.3437225,-0.97878325,0.75826114,0.12670264,0.07284557,-0.030077985,11.64,1
-0.40260464,-0.99658704,0.77640784,0.12945598,0.0744775,-0.030257206,11.76,1
-0.46097153,-1.0141742,0.79448295,0.1322205,0.076084614,-0.030404687,11.88,1
-0.5187134,-1.0315384,0.81248,0.1349942,0.07766617,-0.030522212,12.0,1
-16.106155,-2.0704916,2.8474874,0.3617391,0.17315774,-0.18806787,0.0,2
-15.493275,-1.9909407,2.6342905,0.2590472,0.1556265,-0.20054813,0.12,2
-14.689812,-1.9092972,2.4405658,0.17260149,0.13882522,-0.21031846,0.24,2
-13.819127,-1.8274058,2.262479,0.10041224,0.123123854,-0.21755938,0.36,2
-12.955011,-1.7462164,2.0971196,0.040400848,0.10866384,-0.22252162,0.48,2
-12.140914,-1.6662673,1.9423867,-0.009303972,0.0954704,-0.22544532,0.6,2
-11.401319,-1.5879306,1.7968279,-0.050279215,0.0835136,-0.22653243,0.72,2
-10.749049,-1.5115428,1.6594871,-0.08381121,0.072741106,-0.22594212,0.84,2
-10.189502,-1.4374301,1.5297889,-0.110930696,0.063092746,-0.22379582,0.96,2
-9.7233305,-1.3659286,1.4074117,-0.13246055,0.05450768,-0.22018737,1.08,2
-9.348272,-1.2973782,1.2922133,-0.1490642,0.04692816,-0.21519308,1.2,2
-9.060107,-1.2320905,1.184145,-0.16128302,0.04029871,-0.20888098,1.3199999999999998,2
-8.853323,-1.170343,1.0831914,-0.16957422,0.034565084,-0.20131914,1.44,2
-8.721504,-1.1123499,0.98933554,-0.17433833,0.029673377,-0.19258314,1.56,2
-8.657569,-1.058254,0.90251553,-0.17593977,0.025568353,-0.18275909,1.68,2
-8.653948,-1.0081118,0.8226061,-0.1747236,0.022191957,-0.1719476,1.7999999999999998,2
-8.702663,-0.961895,0.7494089,-0.17102726,0.019483922,-0.16026504,1.92,2
-8.795546,-0.91948646,0.6826496,-0.16518225,0.017380225,-0.14784032,2.04,2
-8.924304,-0.8807048,0.6219861,-0.15751974,0.015815172,-0.13481471,2.16,2
-9.080801,-0.84529203,0.56701124,-0.1483673,0.014721378,-0.12133737,2.28,2
-9.256963,-0.81295174,0.51727897,-0.13804397,0.014031291,-0.10756203,2.4,2
-9.445212,-0.78335047,0.47231528,-0.12685953,0.01367863,-0.093640804,2.52,2
-9.638518,-0.75615185,0.43163183,-0.11510243,0.013600239,-0.07972149,2.64,2
-9.830456,-0.7310084,0.39474997,-0.10304362,0.013736523,-0.06594354,2.76,2
-10.015356,-0.7075981,0.3612098,-0.09092599,0.01403319,-0.052434392,2.88,2
-10.188391,-0.68561894,0.33057886,-0.07896319,0.014441845,-0.039306745,3.0,2
-10.345557,-0.6648065,0.3024677,-0.06733955,0.014920343,-0.026658952,3.12,2
-10.483641,-0.6449265,0.2765245,-0.056206536,0.015432674,-0.01457146,3.24,2
-10.600265,-0.6257978,0.25245318,-0.045687065,0.015949992,-0.0031087878,3.36,2
-10.693795,-0.6072625,0.22998975,-0.03587343,0.01644887,0.0076805837,3.48,2
-10.763276,-0.5892153,0.20892738,-0.026831461,0.016912054,0.017763488,3.6,2
-10.808282,-0.5715716,0.18909083,-0.018604608,0.017326724,0.027119331,3.72,2
-10.829004,-0.5542878,0.17034894,-0.011212786,0.01768536,0.035740905,3.84,2
-10.825934,-0.53733844,0.15259801,-0.0046594185,0.01798349,0.04363044,3.96,2
-10.7999735,-0.52072364,0.13576376,0.0010653448,0.01821997,0.050799314,4.08,2
-10.752227,-0.5044565,0.119798355,0.005986309,0.018396182,0.057265326,4.2,2
-10.684049,-0.48856232,0.104664266,0.010134916,0.01851537,0.063053794,4.32,2
-10.59698,-0.47308326,0.09034754,0.01355225,0.0185828,0.06819254,4.44,2
-10.492398,-0.45805025,0.076841205,0.01628212,0.01860322,0.07271289,4.56,2
-10.371981,-0.44351497,0.064145245,0.018371273,0.018583592,0.07664869,4.68,2
-10.237326,-0.42951882,0.052267965,0.01987106,0.018530805,0.080035426,4.8,2
-10.089936,-0.41610605,0.04122069,0.020828785,0.018451503,0.08290801,4.92,2
-9.931288,-0.4033136,0.031013682,0.021295141,0.018351823,0.08530195,5.04,2
-9.762855,-0.3911838,0.021660019,0.021317186,0.018238964,0.087252,5.16,2
-9.585984,-0.37974697,0.013170824,0.020942431,0.018118627,0.08879232,5.279999999999999,2
-9.401952,-0.36903298,0.0055580926,0.020214615,0.017996786,0.08995542,5.4,2
-9.2119,-0.35906446,-0.0011725064,0.01917385,0.017878033,0.09077246,5.52,2
-9.016881,-0.34985802,-0.0070166104,0.017859116,0.017767034,0.091272965,5.64,2
-8.817957,-0.34143046,-0.011968222,0.016308114,0.017668305,0.091485634,5.76,2
-8.616003,-0.33379006,-0.01603007,0.014553087,0.017585244,0.09143637,5.88,2
-8.411867,-0.32694075,-0.01920553,0.012625967,0.01752106,0.0911503,6.0,2
-8.206199,-0.32088438,-0.021499949,0.010552816,0.017478123,0.090650186,6.12,2
-7.999747,-0.31561828,-0.022920193,0.008360675,0.01745905,0.08995749,6.24,2
-7.793058,-0.31113574,-0.023479896,0.0060723904,0.017465223,0.08909245,6.359999999999999,2
-7.586658,-0.30742577,-0.023190068,0.0037090993,0.017498385,0.08807342,6.48,2
-7.380943,-0.30447587,-0.022067392,0.0012878849,0.01755881,0.08691708,6.6,2
-7.176384,-0.30227453,-0.020126918,-0.0011724575,0.017648162,0.085639246,6.72,2
-6.973281,-0.30080265,-0.017387398,-0.0036584425,0.017766323,0.084254056,6.84,2
-6.771945,-0.30004057,-0.013869116,-0.006155502,0.017913569,0.082775034,6.96,2
-6.572625,-0.29996878,-0.009594533,-0.008652562,0.018089661,0.081214145,7.08,2
-6.375464,-0.3005665,-0.004582185,-0.011140644,0.018294403,0.07958192,7.199999999999999,2
-6.180767,-0.3018127,0.0011428475,-0.013607833,0.018527718,0.07788933,7.319999999999999,2
-5.9885244,-0.30368042,0.0075572305,-0.016050044,0.018788256,0.07614458,7.439999999999999,2
-5.79897,-0.30614528,0.014636539,-0.01845746,0.019075861,0.07435663,7.56,2
-5.6120977,-0.30918685,0.022359401,-0.020825954,0.019389426,0.07253286,7.68,2
-5.4280586,-0.3127775,0.030699212,-0.023149176,0.019728158,0.07068042,7.8,2
-5.246842,-0.31689462,0.03963176,-0.025424253,0.020090988,0.06880498,7.92,2
-5.0684395,-0.32150805,0.049131975,-0.027648047,0.020476533,0.06691278,8.04,2
-4.892907,-0.32659853,0.05917717,-0.029816955,0.020883802,0.065008335,8.16,2
-4.7202396,-0.33214003,0.06974314,-0.03192892,0.021312045,0.06309663,8.28,2
-4.5504227,-0.3381052,0.08080393,-0.033981703,0.021759678,0.061182152,8.4,2
-4.383399,-0.3444723,0.092339486,-0.035975028,0.022225196,0.059268128,8.52,2
-4.2192025,-0.3512197,0.104323626,-0.037906896,0.022708127,0.05735818,8.64,2
-4.0577154,-0.3583204,0.11673499,-0.0397777,0.02320657,0.055455275,8.76,2
-3.8988762,-0.36575168,0.1295511,-0.041587576,0.023719415,0.053561952,8.879999999999999,2
-3.7427232,-0.37349454,0.14275149,-0.04333387,0.024245873,0.05168115,9.0,2
-3.5890937,-0.38152492,0.1563119,-0.04502105,0.024784125,0.049814124,9.12,2
-3.4379644,-0.38982183,0.17021537,-0.046646047,0.02533318,0.047963805,9.24,2
-3.2892802,-0.3983651,0.18443918,-0.04821015,0.025891889,0.046131287,9.36,2
-3.1429286,-0.40713352,0.19896592,-0.04971619,0.026458947,0.044318214,9.48,2
-2.998965,-0.4161135,0.21377398,-0.051162,0.027034,0.0425261,9.6,2
-2.857158,-0.42527825,0.22884679,-0.05255073,0.02761487,0.040756006,9.72,2
-2.7175193,-0.4346159,0.24416755,-0.053882826,0.02820128,0.039008852,9.84,2
-2.5799391,-0.44410577,0.25971732,-0.05516,0.028791687,0.03728539,9.96,2
-2.4443772,-0.4537337,0.27547947,-0.056383412,0.029385258,0.035586633,10.08,2
-2.3107328,-0.46348098,0.29144117,-0.05755351,0.029981086,0.03391347,10.2,2
-2.1790068,-0.4733343,0.3075817,-0.058671523,0.030578457,0.03226607,10.32,2
-2.0489955,-0.4832777,0.32389146,-0.059740763,0.031175828,0.030644767,10.44,2
-1.9207926,-0.49329978,0.34035265,-0.060759906,0.03177312,0.029050654,10.56,2
-1.794176,-0.50338125,0.3569541,-0.061732374,0.03236875,0.027483141,10.68,2
-1.6691241,-0.51351273,0.37368214,-0.062659144,0.032962162,0.025943235,10.8,2
-1.5456873,-0.52368593,0.39052203,-0.063540645,0.0335534,0.024430824,10.92,2
-1.4236364,-0.533879,0.40746292,-0.06437986,0.034140483,0.02294577,11.04,2
-1.3030311,-0.54408836,0.42449322,-0.06517619,0.03472357,0.02148849,11.16,2
-1.1836685,-0.5542991,0.44160354,-0.065933526,0.03530127,0.020059068,11.28,2
-1.065649,-0.5645043,0.45878083,-0.06665159,0.035873633,0.018657198,11.4,2
-0.94883406,-0.57469213,0.4760159,-0.067330986,0.03643978,0.017283102,11.52,2
-0.8332,-0.58485425,0.4932998,-0.06797384,0.036999363,0.015936725,11.64,2
-0.71866083,-0.5949805,0.51062167,-0.068582796,0.037551623,0.014617565,11.76,2
-0.6051808,-0.6050631,0.52797365,-0.06915662,0.038096007,0.013326067,11.88,2
-0.49268115,-0.61509377,0.5453463,-0.06969899,0.038631923,0.01206145,12.0,2
-16.714415,-0.792873,3.1260552,1.1578012,0.12745835,0.06436773,0.0,3
-18.831867,-0.7429247,2.762435,0.96225786,0.113507554,0.031989664,0.12,3
-18.78735,-0.6439323,2.4425554,0.7664092,0.089996204,-0.0034928562,0.24,3
-17.711369,-0.52790415,2.16164,0.5920028,0.064007126,-0.036094654,0.36,3
-16.242355,-0.4107612,1.9129224,0.44574618,0.039033968,-0.063531354,0.48,3
-14.719964,-0.2995445,1.690007,0.3271165,0.016558958,-0.08533436,0.6,3
-13.319297,-0.19719733,1.4879364,0.23299333,-0.0029116685,-0.10172568,0.72,3
-12.128644,-0.105079405,1.3034225,0.15986264,-0.01929113,-0.113078654,0.84,3
-11.190722,-0.024112137,1.1346521,0.104653776,-0.03264745,-0.11971073,0.96,3
-10.523988,0.04481701,0.98093206,0.064943135,-0.043091152,-0.12183536,1.08,3
-10.132733,0.100819215,0.8422891,0.038875837,-0.05073976,-0.11959046,1.2,3
-10.011754,0.14312829,0.7190718,0.02499409,-0.055716984,-0.11309422,1.3199999999999998,3
-10.147876,0.17129014,0.6116055,0.02205363,-0.05816622,-0.1025055,1.44,3
-10.520348,0.18534373,0.519909,0.028855039,-0.058268867,-0.08807923,1.56,3
-11.100921,0.1859395,0.44351152,0.044132672,-0.056255747,-0.07019866,1.68,3
-11.854815,0.174369,0.38136378,0.06649232,-0.052409954,-0.049387887,1.7999999999999998,3
-12.741668,0.15251236,0.3318772,0.09440547,-0.047063455,-0.026296372,1.92,3
-13.71827,0.122672,0.29303357,0.12626132,-0.040577255,-0.0016613994,2.04,3
-14.740707,0.087387376,0.26256946,0.16043676,-0.03332361,0.023741374,2.16,3
-15.767366,0.04919928,0.23817515,0.1953896,-0.02566079,0.049151972,2.28,3
-16.761024,0.010465957,0.21767806,0.22973852,-0.017913608,0.07387652,2.4,3
-17.690722,-0.02679602,0.19918379,0.26232278,-0.0103573175,0.097322494,2.52,3
-18.532513,-0.06100621,0.18117137,0.29224026,-0.0032093648,0.11902284,2.64,3
-19.269526,-0.09103217,0.16251802,0.3188475,0.0033720036,0.13864048,2.76,3
-19.891722,-0.11618836,0.14249283,0.34174928,0.009285247,0.15596488,2.88,3
-20.394958,-0.13617676,0.120710365,0.36076623,0.014478646,0.17089662,3.0,3
-20.77971,-0.15100786,0.09707138,0.37589288,0.018939774,0.1834294,3.12,3
-21.050259,-0.1609413,0.07169648,0.38726267,0.02268838,0.19362956,3.24,3
-21.213503,-0.16639441,0.044859137,0.3951049,0.025765695,0.20161712,3.36,3
-21.277946,-0.16788979,0.016926596,0.39970982,0.028227001,0.207547,3.48,3
-21.25308,-0.1659953,-0.011682102,0.40140525,0.030135652,0.2115963,3.6,3
-21.148754,-0.16129787,-0.040527415,0.40053207,0.031558365,0.21395151,3.72,3
-20.97482,-0.15435767,-0.069193795,0.39743006,0.0325615,0.21480124,3.84,3
-20.740517,-0.14569755,-0.09728488,0.39242113,0.033206873,0.21432862,3.96,3
-20.454762,-0.1357909,-0.124452725,0.38581264,0.03355336,0.21270852,4.08,3
-20.125582,-0.12505952,-0.15039125,0.37788063,0.0336532,0.21010329,4.2,3
-19.760221,-0.113852225,-0.17484847,0.3688766,0.033552133,0.20666285,4.32,3
-19.365404,-0.10248004,-0.19761513,0.35902768,0.033291753,0.2025238,4.44,3
-18.946806,-0.091187954,-0.21853183,0.34852743,0.03290609,0.1978083,4.56,3
-18.509537,-0.08017732,-0.23747796,0.33754954,0.032424424,0.19262576,4.68,3
-18.058077,-0.06960281,-0.25437194,0.3262429,0.03187177,0.18707393,4.8,3
-17.596216,-0.059580166,-0.26916844,0.31473348,0.03126763,0.18123811,4.92,3
-17.127214,-0.050192237,-0.28184456,0.30312914,0.030628119,0.17519344,5.04,3
-16.65392,-0.041493714,-0.2924066,0.29152226,0.029966563,0.16900516,5.16,3
-16.178637,-0.033513878,-0.30088174,0.27998403,0.029292343,0.1627304,5.279999999999999,3
-15.703394,-0.026262393,-0.3073106,0.26858157,0.028613139,0.156418,5.4,3
-15.229822,-0.019731805,-0.31175247,0.25736207,0.02793441,0.15011027,5.52,3
-14.75929,-0.013901118,-0.3142739,0.24636754,0.027259557,0.14384274,5.64,3
-14.292949,-0.008742714,-0.3149491,0.23563108,0.026591511,0.13764639,5.76,3
-13.831632,-0.0042129536,-0.31386304,0.22517557,0.025930353,0.13154663,5.88,3
-13.376137,-0.0002692998,-0.31110412,0.21501943,0.025276948,0.12556499,6.0,3
-12.926997,0.0031332688,-0.30675712,0.20517758,0.024630982,0.119719446,6.12,3
-12.484679,0.006053583,-0.3009198,0.19565688,0.023990875,0.11402422,6.24,3
-12.049406,0.008539704,-0.29367843,0.18646242,0.023355318,0.108490735,6.359999999999999,3
-11.621513,0.010648805,-0.2851308,0.17759585,0.02272249,0.10312864,6.48,3
-11.201045,0.01243226,-0.27536017,0.16905609,0.022090178,0.09794449,6.6,3
-10.788106,0.013943101,-0.26446053,0.16083905,0.02145648,0.09294308,6.72,3
-10.38283,0.015230216,-0.25251806,0.15294154,0.02081954,0.08812866,6.84,3
-9.98508,0.016341664,-0.23961088,0.14535707,0.020176977,0.0835029,6.96,3
-9.594855,0.017329374,-0.22582638,0.138076,0.01952666,0.079066604,7.08,3
-9.212033,0.01823063,-0.21123771,0.13109154,0.018866766,0.074819386,7.199999999999999,3
-8.836506,0.019089628,-0.19592023,0.12439353,0.01819504,0.07076028,7.319999999999999,3
-8.468261,0.019942548,-0.17994565,0.11797501,0.01751065,0.06688774,7.439999999999999,3
-8.107,0.020827232,-0.16337791,0.11182284,0.016810909,0.06319878,7.56,3
-7.752625,0.021779587,-0.14628655,0.10592767,0.016094508,0.059690196,7.68,3
-7.4050283,0.022825023,-0.12872894,0.10028095,0.015360536,0.056359153,7.8,3
-7.064104,0.023987569,-0.11076102,0.09487151,0.014608283,0.05320141,7.92,3
-6.7296395,0.025297333,-0.09243871,0.08969014,0.013836322,0.050213166,8.04,3
-6.401353,0.02677724,-0.0738112,0.08472453,0.013043112,0.047389254,8.16,3
-6.079355,0.028443031,-0.054928973,0.07996825,0.0122294435,0.044726174,8.28,3
-5.7632484,0.030312663,-0.035830956,0.075408384,0.011393615,0.0422184,8.4,3
-5.4531035,0.032401875,-0.016566547,0.0710387,0.010536259,0.039861735,8.52,3
-5.1485214,0.03472918,0.0028326393,0.06684699,0.009655597,0.037650824,8.64,3
-4.8496165,0.03729512,0.022323636,0.06282687,0.008753169,0.03558107,8.76,3
-4.5561004,0.040114623,0.041880276,0.058969278,0.007828225,0.03364729,8.879999999999999,3
-4.2679176,0.043193754,0.061467662,0.055265963,0.0068809637,0.031845286,9.0,3
-3.984993,0.046539426,0.081052326,0.05171028,0.0059118588,0.030169692,9.12,3
-3.70718,0.050153013,0.100613,0.048294205,0.004921147,0.028616149,9.24,3
-3.434291,0.05404115,0.12012307,0.04500879,0.00390883,0.02717963,9.36,3
-3.1663585,0.05820439,0.13955988,0.041850675,0.0028759355,0.025856111,9.48,3
-2.9031947,0.06264162,0.15890236,0.038810298,0.0018226223,0.024640225,9.6,3
-2.644804,0.067352846,0.17812862,0.035884228,0.0007500376,0.023528565,9.72,3
-2.3909147,0.072340555,0.1972263,0.033063386,-0.00034241192,0.022515597,9.84,3
-2.141715,0.077594526,0.21617374,0.030345112,-0.0014521937,0.02159836,9.96,3
-1.8969907,0.083115585,0.23495957,0.027724102,-0.002579387,0.020772299,10.08,3
-1.6567056,0.08890015,0.25356767,0.025193363,-0.003723319,0.020033473,10.2,3
-1.4207429,0.09494434,0.27198648,0.022749268,-0.004883317,0.019378085,10.32,3
-1.1891598,0.10124016,0.2902088,0.020388735,-0.00605764,0.018802721,10.44,3
-0.9618419,0.10778593,0.3082173,0.018105483,-0.0072462084,0.01830339,10.56,3
-0.7387128,0.11457063,0.32601073,0.015896851,-0.008447678,0.01787671,10.68,3
-0.51975346,0.12159176,0.3435773,0.013758999,-0.009661572,0.017519802,10.8,3
-0.30499014,0.12884215,0.36090788,0.011688923,-0.010886348,0.017229006,10.92,3
-0.094267726,0.1363121,0.3780011,0.009681661,-0.01212165,0.017001303,11.04,3
0.11234458,0.14399612,0.39484787,0.007736165,-0.013366015,0.0168339,11.16,3
0.3149255,0.15188758,0.41144505,0.005848383,-0.014618808,0.016724031,11.28,3
0.5135251,0.15997817,0.42778906,0.0040156594,-0.01587904,0.016668594,11.4,3
0.7081172,0.16825768,0.44387376,0.0022362478,-0.017145684,0.016665157,11.52,3
0.89879,0.17672475,0.4596972,0.00050700345,-0.018418184,0.016711121,11.64,3
1.0854505,0.18536279,0.47526026,-0.0011730514,-0.0196948,0.016804421,11.76,3
1.2682585,0.1941693,0.49055985,-0.002806991,-0.020975253,0.016942484,11.88,3
1.4471878,0.2031385,0.5055897,-0.004397541,-0.02225899,0.017122768,12.0,3
11.75152,-2.0223043,3.5203018,0.12813793,0.07167188,-0.20000549,0.0,4
11.608484,-1.8962371,3.278693,0.06135727,0.054953728,-0.19933486,0.12,4
11.770265,-1.7666744,3.0486388,-0.0038489117,0.037748765,-0.20004144,0.24,4
12.096908,-1.6357267,2.8280427,-0.0658146,0.02068927,-0.20135912,0.36,4
12.488038,-1.5050327,2.615375,-0.12354246,0.0042111957,-0.20274702,0.48,4
12.8731575,-1.3759085,2.4096272,-0.17646706,-0.011390133,-0.20381923,0.6,4
13.203913,-1.2494674,2.2102406,-0.22429349,-0.025918877,-0.2042937,0.72,4
13.448106,-1.1266872,2.0170345,-0.26689005,-0.039246943,-0.2039576,0.84,4
13.58534,-1.0084665,1.8301271,-0.30422443,-0.05129297,-0.20264615,0.96,4
13.603769,-0.8956395,1.6498663,-0.33631846,-0.062008727,-0.2002279,1.08,4
13.497746,-0.78898215,1.476751,-0.36323184,-0.071369044,-0.19659892,1.2,4
13.266178,-0.6892084,1.3113627,-0.3850495,-0.07936608,-0.19167835,1.3199999999999998,4
12.911391,-0.59694016,1.1543158,-0.4018845,-0.0860074,-0.18541057,1.44,4
12.4383545,-0.51269466,1.0061793,-0.41387922,-0.091313854,-0.17776524,1.56,4
11.854184,-0.43686202,0.8674505,-0.42121115,-0.095320106,-0.16874081,1.68,4
11.1676655,-0.3696793,0.7384992,-0.42410362,-0.09807416,-0.15836737,1.7999999999999998,4
10.389306,-0.3112186,0.6195567,-0.4228256,-0.09963874,-0.14670846,1.92,4
9.5306635,-0.26138958,0.51068425,-0.4176958,-0.10008926,-0.1338598,2.04,4
8.604455,-0.21992348,0.41177294,-0.40908068,-0.09951472,-0.119949296,2.16,4
7.6240926,-0.18641265,0.32255855,-0.39738905,-0.09801437,-0.10513268,2.28,4
6.603488,-0.16030575,0.24262585,-0.38306424,-0.095696986,-0.089588985,2.4,4
5.55661,-0.1409471,0.17143966,-0.36657098,-0.09267669,-0.07351319,2.52,4
4.497223,-0.12760861,0.10837512,-0.34838364,-0.08907078,-0.057109408,2.64,4
3.4384797,-0.119518846,0.052742288,-0.32897228,-0.08499492,-0.040583767,2.76,4
2.3926418,-0.115892,0.0038195597,-0.30878827,-0.08056138,-0.024135921,2.88,4
1.3709302,-0.11596243,-0.039115567,-0.288257,-0.075876586,-0.007954783,3.0,4
0.38311562,-0.11900483,-0.076761164,-0.26776376,-0.07103708,0.007788777,3.12,4
-0.5625077,-0.124354914,-0.10978217,-0.24764977,-0.06612939,0.022944065,3.24,4
-1.4590864,-0.13142051,-0.13877915,-0.22820684,-0.061228655,0.037383582,3.36,4
-2.3012867,-0.13968043,-0.16429973,-0.2096774,-0.05639888,0.051004775,3.48,4
-3.085311,-0.14870736,-0.18681616,-0.19225416,-0.05169122,0.06372801,3.6,4
-3.8086686,-0.15814665,-0.20673741,-0.17608231,-0.047146596,0.075497545,3.72,4
-4.4699955,-0.16771577,-0.22440189,-0.16126457,-0.04279587,0.0862782,3.84,4
-5.069167,-0.17720617,-0.24009797,-0.14786325,-0.038660254,0.09605424,3.96,4
-5.6068425,-0.18646346,-0.25405258,-0.1359087,-0.034753244,0.1048264,4.08,4
-6.0844145,-0.1953893,-0.2664468,-0.12540299,-0.031081568,0.112608775,4.2,4
-6.5040774,-0.20392817,-0.27742353,-0.116321266,-0.027645893,0.119427584,4.32,4
-6.868157,-0.21204694,-0.2870933,-0.108625226,-0.024443889,0.12531745,4.44,4
-7.1796284,-0.2197561,-0.29553977,-0.10225869,-0.021467997,0.13032018,4.56,4
-7.44154,-0.22707802,-0.30282122,-0.097154036,-0.0187084,0.13448231,4.68,4
-7.657021,-0.23404224,-0.30898678,-0.09323971,-0.016154815,0.1378534,4.8,4
-7.829536,-0.24070348,-0.31407154,-0.090436056,-0.013793347,0.14048585,4.92,4
-7.9621615,-0.24710977,-0.31809664,-0.088664815,-0.011611931,0.14243159,5.04,4
-8.058214,-0.2533139,-0.32108715,-0.08784215,-0.009596516,0.1437431,5.16,4
-8.120827,-0.25937217,-0.32305947,-0.08789008,-0.007733808,0.14447182,5.279999999999999,4
-8.1529875,-0.26533487,-0.3240284,-0.088730216,-0.006010708,0.14466731,5.4,4
-8.157553,-0.2712479,-0.32401204,-0.09028821,-0.004414593,0.14437756,5.52,4
-8.137237,-0.27715948,-0.32302523,-0.09249222,-0.0029337495,0.14364798,5.64,4
-8.094654,-0.28310454,-0.32108802,-0.09527492,-0.001556702,0.14252213,5.76,4
-8.0321245,-0.28911945,-0.3182181,-0.098572984,-0.0002732014,0.14104062,5.88,4
-7.9518614,-0.29522744,-0.31444138,-0.102326885,0.00092601194,0.13924123,6.0,4
-7.8559976,-0.30145642,-0.30977732,-0.10648213,0.002050158,0.1371601,6.12,4
-7.74627,-0.30781934,-0.30425498,-0.11098981,0.0031062812,0.1348293,6.24,4
-7.6245985,-0.3143303,-0.29790395,-0.11580072,0.004102374,0.13228045,6.359999999999999,4
-7.4924974,-0.3209993,-0.29075226,-0.120873936,0.00504465,0.12954114,6.48,4
-7.3514132,-0.32782984,-0.28283092,-0.1261706,0.0059383716,0.12663762,6.6,4
-7.202719,-0.33481976,-0.2741773,-0.13165452,0.006788881,0.12359352,6.72,4
-7.0475802,-0.34196684,-0.2648206,-0.13729438,0.0076005314,0.12043092,6.84,4
-6.8871355,-0.34926528,-0.2547984,-0.14306003,0.00837728,0.11716976,6.96,4
-6.722357,-0.3567057,-0.24414596,-0.148926,0.009122292,0.113828264,7.08,4
-6.554138,-0.36428115,-0.23289795,-0.15486939,0.009838773,0.11042262,7.199999999999999,4
-6.383281,-0.3719743,-0.22109057,-0.16086784,0.0105287805,0.106968544,7.319999999999999,4
-6.2105393,-0.37977487,-0.20876153,-0.16690318,0.0111948475,0.103479296,7.439999999999999,4
-6.0365505,-0.38766548,-0.19594508,-0.17295851,0.011838635,0.09996727,7.56,4
-5.8619223,-0.3956329,-0.18267733,-0.17901789,0.012461926,0.09644409,7.68,4
-5.6871505,-0.40365583,-0.1689939,-0.18506888,0.013065469,0.09291947,7.8,4
-5.5127416,-0.41172212,-0.15492666,-0.19109765,0.01365097,0.08940264,7.92,4
-5.33912,-0.41981298,-0.1405118,-0.19709568,0.014219018,0.08590187,8.04,4
-5.166605,-0.4279102,-0.12578051,-0.20305388,0.014770209,0.082424104,8.16,4
-4.9955454,-0.43599585,-0.11076374,-0.20896275,0.015305017,0.07897638,8.28,4
-4.8262415,-0.44405577,-0.09549357,-0.21481587,0.015824115,0.07556416,8.4,4
-4.658977,-0.4520693,-0.08000031,-0.2206068,0.01632782,0.07219294,8.52,4
-4.4939833,-0.46002427,-0.06431306,-0.22633024,0.01681637,0.06886718,8.64,4
-4.331387,-0.46790302,-0.048456147,-0.23198213,0.017289843,0.06559096,8.76,4
-4.171453,-0.47569063,-0.03245857,-0.23755729,0.017748516,0.062367804,8.879999999999999,4
-4.014329,-0.48337105,-0.016346721,-0.24305211,0.01819243,0.059201203,9.0,4
-3.8600867,-0.49093437,-0.00014186095,-0.2484663,0.01862162,0.056092974,9.12,4
-3.708931,-0.49836567,0.016131913,-0.25379482,0.019036448,0.053046416,9.24,4
-3.5608668,-0.5056509,0.0324517,-0.25903627,0.019436358,0.050063033,9.36,4
-3.4160423,-0.5127814,0.048795477,-0.26419082,0.019821705,0.04714445,9.48,4
-3.2745285,-0.5197434,0.065147,-0.2692548,0.020192726,0.04429245,9.6,4
-3.1363783,-0.5265292,0.08148608,-0.27422783,0.020549068,0.041507684,9.72,4
-3.0016248,-0.5331288,0.09779377,-0.27911016,0.020890728,0.038791683,9.84,4
-2.8703828,-0.53953457,0.11405457,-0.28390053,0.021218222,0.03614467,9.96,4
-2.7425902,-0.54573673,0.13025354,-0.2885984,0.021531152,0.033567403,10.08,4
-2.6183162,-0.5517307,0.14637618,-0.29320517,0.02182956,0.031060047,10.2,4
-2.4976249,-0.55750996,0.16240527,-0.29771984,0.022113882,0.028622773,10.32,4
-2.3804998,-0.5630672,0.17833252,-0.302142,0.022384075,0.026255827,10.44,4
-2.2669435,-0.56840074,0.19414341,-0.3064733,0.022640262,0.02395896,10.56,4
-2.1569867,-0.5735034,0.20982762,-0.3107138,0.022882557,0.021731952,10.68,4
-2.0506082,-0.57837284,0.22537561,-0.31486332,0.023110924,0.01957491,10.8,4
-1.9478291,-0.58300644,0.24077642,-0.31892282,0.023325995,0.01748686,10.92,4
-1.8485806,-0.58740085,0.2560226,-0.32289404,0.023527216,0.015467294,11.04,4
-1.7529722,-0.59155333,0.27110368,-0.32677567,0.023715537,0.013516187,11.16,4
-1.660923,-0.595468,0.28601742,-0.33057037,0.023891116,0.011632673,11.28,4
-1.572409,-0.5991368,0.30075142,-0.33427832,0.024053793,0.009816026,11.4,4
-1.4874827,-0.60256314,0.31530118,-0.33789974,0.024204087,0.008065547,11.52,4
-1.4060318,-0.605747,0.32966357,-0.34143648,0.024342032,0.00638034,11.64,4
-1.3281735,-0.60868967,0.34383222,-0.3448887,0.024468385,0.004759653,11.76,4
-1.2537456,-0.6113898,0.3578007,-0.3482583,0.024582904,0.003202786,11.88,4
-1.1828718,-0.6138522,0.37156686,-0.3515453,0.024686541,0.001708622,12.0,4
-19.269108,-1.718238,2.8897126,0.62485373,0.17266025,-0.110416524,0.0,5
-18.861647,-1.6326371,2.6330247,0.4851156,0.15253578,-0.13117258,0.12,5
-17.998241,-1.5412227,2.404503,0.36652824,0.13240162,-0.148504,0.24,5
-16.943,-1.4490056,2.1984103,0.2680145,0.11335425,-0.1622363,0.36,5
-15.846554,-1.3582662,2.0101445,0.18709755,0.095845975,-0.17259985,0.48,5
-14.793845,-1.2700499,1.8362879,0.12110014,0.08001695,-0.1799303,0.6,5
-13.831875,-1.1849023,1.6744616,0.06762382,0.06586366,-0.18454258,0.72,5
-12.985054,-1.1032238,1.5231283,0.024682606,0.0533239,-0.18669109,0.84,5
-12.264766,-1.0254006,1.3813771,-0.009299989,0.042317174,-0.18656614,0.96,5
-11.674274,-0.9518403,1.2487463,-0.035557896,0.032760624,-0.18430705,1.08,5
-11.211777,-0.8829592,1.1250589,-0.055060226,0.024574436,-0.18002102,1.2,5
-10.872357,-0.8191481,1.0102943,-0.0685813,0.017683184,-0.17380147,1.3199999999999998,5
-10.648694,-0.7607283,0.9044772,-0.076768816,0.012011405,-0.1657446,1.44,5
-10.53167,-0.7079022,0.80759823,-0.080190964,0.007480392,-0.15596268,1.56,5
-10.510816,-0.6607421,0.71955246,-0.079377666,0.0040063737,-0.14459279,1.68,5
-10.574316,-0.6191606,0.6401077,-0.07484903,0.0014972656,-0.1318027,1.7999999999999998,5
-10.709437,-0.58291143,0.5688885,-0.067125455,-0.00014669143,-0.11779013,1.92,5
-10.902815,-0.55160666,0.5053858,-0.05673532,-0.0010323405,-0.10277878,2.04,5
-11.140748,-0.5247416,0.4489716,-0.04421257,-0.0012719061,-0.08701292,2.16,5
-11.4096365,-0.50172156,0.3989349,-0.030084178,-0.0009790773,-0.07074737,2.28,5
-11.696422,-0.48190826,0.35451072,-0.014862302,-0.00026619725,-0.05423841,2.4,5
-11.988974,-0.46465486,0.3149288,0.0009734641,0.0007601679,-0.037733365,2.52,5
-12.276298,-0.44933295,0.27943477,0.016981952,0.0020004564,-0.021463314,2.64,5
-12.54892,-0.43537107,0.24732405,0.032775097,0.0033667404,-0.0056349766,2.76,5
-12.798961,-0.42226484,0.21796286,0.048023175,0.0047828844,0.009573542,2.88,5
-13.020158,-0.40959728,0.19080515,0.062455997,0.006185614,0.024015432,3.0,5
-13.207887,-0.39703962,0.16538872,0.07586276,0.0075251875,0.037574485,3.12,5
-13.359021,-0.38434744,0.14134595,0.08809135,0.008763853,0.050168347,3.24,5
-13.471836,-0.37136167,0.11839501,0.09904318,0.009875693,0.06174128,3.36,5
-13.545708,-0.35799447,0.09632947,0.10866271,0.010844442,0.07226425,3.48,5
-13.581108,-0.34421736,0.0750102,0.116937146,0.011663057,0.0817308,3.6,5
-13.579219,-0.3300541,0.054357823,0.12388403,0.0123303505,0.0901532,3.72,5
-13.541834,-0.3155647,0.034337327,0.12954597,0.012851427,0.09755866,3.84,5
-13.471261,-0.300838,0.014948175,0.13398713,0.013235468,0.10398642,3.96,5
-13.370049,-0.28598425,-0.003782486,0.13728367,0.013494385,0.10948409,4.08,5
-13.240945,-0.27111918,-0.021808749,0.13952178,0.01364163,0.11410582,4.2,5
-13.086733,-0.25636542,-0.03907446,0.14079148,0.013692163,0.11790945,4.32,5
-12.910247,-0.241842,-0.05552106,0.14118527,0.013661139,0.12095422,4.44,5
-12.71425,-0.2276666,-0.0710827,0.1407968,0.013563318,0.12330021,4.56,5
-12.501264,-0.21394336,-0.08569677,0.13971351,0.013412947,0.1250062,4.68,5
-12.2738285,-0.20076895,-0.09931062,0.13802129,0.013223202,0.12613016,4.8,5
-12.034273,-0.18823421,-0.111869626,0.1358021,0.013007022,0.12672718,4.92,5
-11.7846775,-0.17640905,-0.12333289,0.13313045,0.012774897,0.12684979,5.04,5
-11.526972,-0.16535477,-0.13366409,0.13007574,0.012537152,0.12654711,5.16,5
-11.262861,-0.15512083,-0.14283478,0.12670152,0.012301939,0.12586533,5.279999999999999,5
-10.994053,-0.14575362,-0.15082523,0.12306597,0.012077845,0.12484738,5.4,5
-10.721846,-0.13727689,-0.15762387,0.11921967,0.011870451,0.12353272,5.52,5
-10.447544,-0.1297122,-0.16322438,0.115211606,0.011685613,0.12195825,5.64,5
-10.1722555,-0.12307167,-0.16763112,0.111082874,0.01152792,0.12015674,5.76,5
-9.89685,-0.11735478,-0.17084932,0.106868975,0.011399946,0.11815926,5.88,5
-9.62224,-0.11256318,-0.17289132,0.10260323,0.011305291,0.11599316,6.0,5
-9.349105,-0.1086836,-0.1737777,0.09831365,0.011245498,0.11368389,6.12,5
-9.078051,-0.105702795,-0.17352669,0.09402601,0.011222231,0.11125396,6.24,5
-8.809584,-0.10359867,-0.17216718,0.08976001,0.011235804,0.10872389,6.359999999999999,5
-8.544104,-0.102350496,-0.16972578,0.085534826,0.011286534,0.1061125,6.48,5
-8.28197,-0.10193205,-0.16623345,0.0813654,0.011374422,0.103435785,6.6,5
-8.023489,-0.102311,-0.16172378,0.07726591,0.011498875,0.10070928,6.72,5
-7.7688723,-0.103460014,-0.15623166,0.07324748,0.01165914,0.097946055,6.84,5
-7.5183105,-0.105344556,-0.14979371,0.06931841,0.011854068,0.09515813,6.96,5
-7.2718353,-0.107929006,-0.14244747,0.065485336,0.012081921,0.09235562,7.08,5
-7.02968,-0.111181326,-0.13422914,0.061756305,0.012341985,0.08954875,7.199999999999999,5
-6.791756,-0.11506449,-0.12517686,0.058134876,0.012632004,0.08674517,7.319999999999999,5
-6.5581503,-0.11954398,-0.115327284,0.054623496,0.012950277,0.08395222,7.439999999999999,5
-6.328898,-0.12458389,-0.104723364,0.051225726,0.013295499,0.08117715,7.56,5
-6.1038103,-0.13014694,-0.093396954,0.047941253,0.013664779,0.07842448,7.68,5
-5.883043,-0.13619968,-0.08139035,0.04477409,0.01405721,0.07570044,7.8,5
-5.66635,-0.1427068,-0.0687355,0.041720506,0.01446998,0.073008105,7.92,5
-5.453743,-0.14963596,-0.05547003,0.038783327,0.014901665,0.07035204,8.04,5
-5.245141,-0.15695207,-0.04163123,0.03595871,0.015350208,0.06773557,8.16,5
-5.040423,-0.16462256,-0.027252458,0.033247005,0.01581359,0.065161124,8.28,5
-4.8395066,-0.17261787,-0.012366873,0.030646328,0.01629011,0.06263127,8.4,5
-4.642257,-0.18090649,0.0029947816,0.02815395,0.01677771,0.060147922,8.52,5
-4.448579,-0.18945725,0.018795758,0.025767775,0.017274449,0.05771274,8.64,5
-4.258338,-0.19824526,0.035012178,0.02348571,0.017778946,0.055327017,8.76,5
-4.0713887,-0.2072407,0.05160947,0.021304747,0.018288983,0.05299187,8.879999999999999,5
-3.8876839,-0.216419,0.06856093,0.019221885,0.018803451,0.05070825,9.0,5
-3.7070274,-0.22575417,0.08584136,0.017234536,0.019320333,0.048476603,9.12,5
-3.5293863,-0.23522219,0.103420995,0.015340117,0.019838562,0.046297543,9.24,5
-3.3545194,-0.24479711,0.12127585,0.013534678,0.020355998,0.044171236,9.36,5
-3.18246,-0.25446096,0.1393815,0.011816927,0.02087189,0.042098023,9.48,5
-3.0129342,-0.26419085,0.15771449,0.01018173,0.021384342,0.040077593,9.6,5
-2.845956,-0.2739685,0.17625421,0.008627164,0.021892717,0.03811014,9.72,5
-2.681363,-0.28377378,0.19497724,0.0071503995,0.022395354,0.036195137,9.84,5
-2.5190508,-0.29358873,0.21386449,0.0057481877,0.022891263,0.034332383,9.96,5
-2.3589141,-0.30339482,0.23289555,0.0044185375,0.023379337,0.032521855,10.08,5
-2.2008574,-0.31317994,0.2520516,0.003156243,0.023858706,0.03076235,10.2,5
-2.0447876,-0.32292637,0.2713183,0.0019612692,0.024328103,0.029054174,10.32,5
-1.8906049,-0.3326198,0.29067636,0.00082980876,0.024787014,0.027396183,10.44,5
-1.7382351,-0.34224913,0.31010836,-0.0002420865,0.025234487,0.025787987,10.56,5
-1.5875231,-0.35179836,0.32960275,-0.0012554296,0.025669536,0.024228634,10.68,5
-1.4384905,-0.36125866,0.34914216,-0.0022128758,0.026091803,0.022717955,10.8,5
-1.2909702,-0.3706184,0.36871538,-0.003118198,0.026500497,0.021254612,10.92,5
-1.1449505,-0.37986603,0.38830733,-0.0039715357,0.026894826,0.019838464,11.04,5
-1.0003333,-0.38899487,0.4079089,-0.0047772215,0.027274635,0.018468307,11.16,5
-0.85699475,-0.39799225,0.4275051,-0.0055371416,0.02763885,0.01714353,11.28,5
-0.71498483,-0.40685374,0.44708693,-0.0062520644,0.027987713,0.015863573,11.4,5
-0.57412,-0.41556993,0.46664414,-0.0069262874,0.02832023,0.014627317,11.52,5
-0.43444067,-0.4241356,0.48616707,-0.007560334,0.028636407,0.013434037,11.64,5
-0.29578713,-0.43253997,0.50564533,-0.008157034,0.02893545,0.012282865,11.76,5
-0.15821654,-0.4407822,0.5250721,-0.008716284,0.029217513,0.011173161,11.88,5
-0.02160968,-0.44885647,0.54444104,-0.0092419265,0.029482367,0.01010414,12.0,5
