DDmod,noise,Runs,Dps/Run,lambda,AICc,BIC,CV,False Pos,False Neg,N_init,status
spline,0,1,3,0.1,-6.641286204,14.65455066,44.09021747,2,3,0,converge
spline,0,1,3,0.2,6.986524467,6.986524467,10.26604132,0,4,0,converge
spline,0,1,3,0.3,6.986524467,6.986524467,10.26604132,0,4,0,converge
spline,0,1,3,0.4,6.986524467,6.986524467,10.26604132,0,4,0,converge
spline,0,1,3,0.5,6.986524467,6.986524467,10.26604132,0,4,0,converge
spline,0,1,3,0.6,6.986524467,6.986524467,10.26604132,0,4,0,converge
spline,0,1,3,0.7,6.986524467,6.986524467,10.26604132,0,4,0,converge
spline,0,1,3,0.8,6.986524467,6.986524467,10.26604132,0,4,0,converge
spline,0,1,3,0.9,6.986524467,6.986524467,10.26604132,0,4,0,converge
spline,0,1,3,1,6.986524467,6.986524467,10.26604132,0,4,0,converge
spline,0,1,5,0.1,,,,16,1,0,converge
spline,0,1,5,0.2,,,,11,2,0,converge
spline,0,1,5,0.3,39.05083012,13.87914386,6.111462002,1,2,0,converge
spline,0,1,5,0.4,20.70178448,13.9206603,8.502471581,0,2,0,converge
spline,0,1,5,0.5,20.70178448,13.9206603,8.502471581,0,2,0,converge
spline,0,1,5,0.6,31.70152547,29.97763005,291.0917263,0,3,0,converge
spline,0,1,5,0.7,31.70152547,29.97763005,291.0917263,0,3,0,converge
spline,0,1,5,0.8,31.70152547,29.97763005,291.0917263,0,3,0,converge
spline,0,1,5,0.9,31.70152547,29.97763005,291.0917263,0,3,0,converge
spline,0,1,5,1,11.52990259,11.52990259,10.03401196,0,4,0,converge
spline,0,1,10,0.1,165.0000611,23.42074186,1.648731347,4,0,0,converge
spline,0,1,10,0.2,18.98734759,5.500273057,0.548117696,1,0,0,converge
spline,0,1,10,0.3,12.87112921,6.081469582,0.731332491,1,1,0,converge
spline,0,1,10,0.4,10.74577461,7.653529889,1.077428799,0,1,0,converge
spline,0,1,10,0.5,10.74577461,7.653529889,1.077428799,0,1,0,converge
spline,0,1,10,0.6,10.74577461,7.653529889,1.077428799,0,1,0,converge
spline,0,1,10,0.7,10.74577461,7.653529889,1.077428799,0,1,0,converge
spline,0,1,10,0.8,16.26898566,15.15987013,2.873325284,0,2,0,converge
spline,0,1,10,0.9,25.38002988,25.38002988,12.65437478,0,4,0,converge
spline,0,1,10,1,25.38002988,25.38002988,12.65437478,0,4,0,converge
spline,0,3,3,0.1,,,,1,1,0,converge
spline,0,3,3,0.2,35.09305186,34.71884787,37.09616886,0,3,0,converge
spline,0,3,3,0.3,35.09305186,34.71884787,37.09616886,0,3,0,converge
spline,0,3,3,0.4,20.67675772,20.67675772,9.948457605,0,4,0,converge
spline,0,3,3,0.5,20.67675772,20.67675772,9.948457605,0,4,0,converge
spline,0,3,3,0.6,20.67675772,20.67675772,9.948457605,0,4,0,converge
spline,0,3,3,0.7,20.67675772,20.67675772,9.948457605,0,4,0,converge
spline,0,3,3,0.8,20.67675772,20.67675772,9.948457605,0,4,0,converge
spline,0,3,3,0.9,20.67675772,20.67675772,9.948457605,0,4,0,converge
spline,0,3,3,1,20.67675772,20.67675772,9.948457605,0,4,0,converge
spline,0,3,5,0.1,,,,4,2,0,converge
spline,0,3,5,0.2,41.05042906,41.46652946,11.06029797,0,2,0,converge
spline,0,3,5,0.3,41.05042906,41.46652946,11.06029797,0,2,0,converge
spline,0,3,5,0.4,41.05042906,41.46652946,11.06029797,0,2,0,converge
spline,0,3,5,0.5,76.45260554,76.85296344,140.189379,0,3,0,converge
spline,0,3,5,0.6,76.45260554,76.85296344,140.189379,0,3,0,converge
spline,0,3,5,0.7,76.45260554,76.85296344,140.189379,0,3,0,converge
spline,0,3,5,0.8,33.70941798,33.70941798,9.462101761,0,4,0,converge
spline,0,3,5,0.9,33.70941798,33.70941798,9.462101761,0,4,0,converge
spline,0,3,5,1,33.70941798,33.70941798,9.462101761,0,4,0,converge
spline,0,3,10,0.1,127.4261729,119.0429363,10.8143335,10,0,0,converge
spline,0,3,10,0.2,10.37442313,14.37921266,1.026150174,0,0,0,converge
spline,0,3,10,0.3,64.18929475,66.54724507,7.32647874,0,2,0,converge
spline,0,3,10,0.4,64.18929475,66.54724507,7.32647874,0,2,0,converge
spline,0,3,10,0.5,64.18929475,66.54724507,7.32647874,0,2,0,converge
spline,0,3,10,0.6,64.18929475,66.54724507,7.32647874,0,2,0,converge
spline,0,3,10,0.7,148.9921851,150.2505253,133.6170133,0,3,0,converge
spline,0,3,10,0.8,72.8431615,72.8431615,11.33738173,0,4,0,converge
spline,0,3,10,0.9,72.8431615,72.8431615,11.33738173,0,4,0,converge
spline,0,3,10,1,72.8431615,72.8431615,11.33738173,0,4,0,converge
spline,0,5,3,0.1,41.37405333,41.79015373,11.30151614,0,2,0,converge
spline,0,5,3,0.2,49.51939106,49.91974896,23.2765539,0,3,0,converge
spline,0,5,3,0.3,36.52459169,36.52459169,11.41550797,0,4,0,converge
spline,0,5,3,0.4,36.52459169,36.52459169,11.41550797,0,4,0,converge
spline,0,5,3,0.5,36.52459169,36.52459169,11.41550797,0,4,0,converge
spline,0,5,3,0.6,36.52459169,36.52459169,11.41550797,0,4,0,converge
spline,0,5,3,0.7,36.52459169,36.52459169,11.41550797,0,4,0,converge
spline,0,5,3,0.8,36.52459169,36.52459169,11.41550797,0,4,0,converge
spline,0,5,3,0.9,36.52459169,36.52459169,11.41550797,0,4,0,converge
spline,0,5,3,1,36.52459169,36.52459169,11.41550797,0,4,0,converge
spline,0,5,5,0.1,,,,1,2,0,converge
spline,0,5,5,0.2,60.04596988,61.93826699,9.207520663,0,2,0,converge
spline,0,5,5,0.3,60.04596988,61.93826699,9.207520663,0,2,0,converge
spline,0,5,5,0.4,60.04596988,61.93826699,9.207520663,0,2,0,converge
spline,0,5,5,0.5,60.04596988,61.93826699,9.207520663,0,2,0,converge
spline,0,5,5,0.6,59.07221609,59.07221609,10.62158917,0,4,0,converge
spline,0,5,5,0.7,59.07221609,59.07221609,10.62158917,0,4,0,converge
spline,0,5,5,0.8,59.07221609,59.07221609,10.62158917,0,4,0,converge
spline,0,5,5,0.9,59.07221609,59.07221609,10.62158917,0,4,0,converge
spline,0,5,5,1,59.07221609,59.07221609,10.62158917,0,4,0,converge
spline,0,5,10,0.1,64.95977959,75.67727397,2.627051878,3,0,0,converge
spline,0,5,10,0.2,48.11678489,53.33111478,2.297682291,0,1,0,converge
spline,0,5,10,0.3,98.21416581,101.7828927,6.54811311,0,2,0,converge
spline,0,5,10,0.4,98.21416581,101.7828927,6.54811311,0,2,0,converge
spline,0,5,10,0.5,98.21416581,101.7828927,6.54811311,0,2,0,converge
spline,0,5,10,0.6,98.21416581,101.7828927,6.54811311,0,2,0,converge
spline,0,5,10,0.7,239.7665805,241.5952702,116.0086716,0,3,0,converge
spline,0,5,10,0.8,239.7665805,241.5952702,116.0086716,0,3,0,converge
spline,0,5,10,0.9,118.3119162,118.3119162,10.65722775,0,4,0,converge
spline,0,5,10,1,118.3119162,118.3119162,10.65722775,0,4,0,converge
spline,0,10,3,0.1,66.5762638,68.93421412,7.933233004,0,2,0,converge
spline,0,10,3,0.2,63.6183355,63.6183355,8.336230895,0,4,0,converge
spline,0,10,3,0.3,63.6183355,63.6183355,8.336230895,0,4,0,converge
spline,0,10,3,0.4,63.6183355,63.6183355,8.336230895,0,4,0,converge
spline,0,10,3,0.5,63.6183355,63.6183355,8.336230895,0,4,0,converge
spline,0,10,3,0.6,63.6183355,63.6183355,8.336230895,0,4,0,converge
spline,0,10,3,0.7,63.6183355,63.6183355,8.336230895,0,4,0,converge
spline,0,10,3,0.8,63.6183355,63.6183355,8.336230895,0,4,0,converge
spline,0,10,3,0.9,63.6183355,63.6183355,8.336230895,0,4,0,converge
spline,0,10,3,1,63.6183355,63.6183355,8.336230895,0,4,0,converge
spline,0,10,5,0.1,,,,1,2,0,converge
spline,0,10,5,0.2,103.5451592,107.113886,7.284849644,0,2,0,converge
spline,0,10,5,0.3,103.5451592,107.113886,7.284849644,0,2,0,converge
spline,0,10,5,0.4,103.5451592,107.113886,7.284849644,0,2,0,converge
spline,0,10,5,0.5,189.689777,191.5184667,42.61170045,0,3,0,converge
spline,0,10,5,0.6,189.689777,191.5184667,42.61170045,0,3,0,converge
spline,0,10,5,0.7,105.568017,105.568017,8.259469332,0,4,0,converge
spline,0,10,5,0.8,105.568017,105.568017,8.259469332,0,4,0,converge
spline,0,10,5,0.9,105.568017,105.568017,8.259469332,0,4,0,converge
spline,0,10,5,1,105.568017,105.568017,8.259469332,0,4,0,converge
spline,0,10,10,0.1,994.0220179,1004.021646,19072.63097,1,1,0,converge
spline,0,10,10,0.2,100.5137479,108.0792584,2.566742226,0,1,0,converge
spline,0,10,10,0.3,176.8047244,181.8913535,5.622689627,0,2,0,converge
spline,0,10,10,0.4,176.8047244,181.8913535,5.622689627,0,2,0,converge
spline,0,10,10,0.5,176.8047244,181.8913535,5.622689627,0,2,0,converge
spline,0,10,10,0.6,176.8047244,181.8913535,5.622689627,0,2,0,converge
spline,0,10,10,0.7,433.7814845,436.3458384,74.99389286,0,3,0,converge
spline,0,10,10,0.8,433.7814845,436.3458384,74.99389286,0,3,0,converge
spline,0,10,10,0.9,208.970597,208.970597,8.082538307,0,4,0,converge
spline,0,10,10,1,208.970597,208.970597,8.082538307,0,4,0,converge
spline,5,1,3,0.1,,8.862428382,9.223315777,2,4,0,converge
spline,5,1,3,0.2,8.600454663,8.600454663,17.58099028,0,4,0,converge
spline,5,1,3,0.3,8.600454663,8.600454663,17.58099028,0,4,0,converge
spline,5,1,3,0.4,8.600454663,8.600454663,17.58099028,0,4,0,converge
spline,5,1,3,0.5,8.600454663,8.600454663,17.58099028,0,4,0,converge
spline,5,1,3,0.6,8.600454663,8.600454663,17.58099028,0,4,0,converge
spline,5,1,3,0.7,8.600454663,8.600454663,17.58099028,0,4,0,converge
spline,5,1,3,0.8,8.600454663,8.600454663,17.58099028,0,4,0,converge
spline,5,1,3,0.9,8.600454663,8.600454663,17.58099028,0,4,0,converge
spline,5,1,3,1,8.600454663,8.600454663,17.58099028,0,4,0,converge
spline,5,1,5,0.1,,,,13,1,0,converge
spline,5,1,5,0.2,-39.47775722,18.56943234,8.202578503,3,2,0,converge
spline,5,1,5,0.3,45.50044299,20.32875672,22.19991805,1,2,0,converge
spline,5,1,5,0.4,35.08658317,33.36268775,572.8649313,0,3,0,converge
spline,5,1,5,0.5,35.08658317,33.36268775,572.8649313,0,3,0,converge
spline,5,1,5,0.6,35.08658317,33.36268775,572.8649313,0,3,0,converge
spline,5,1,5,0.7,35.08658317,33.36268775,572.8649313,0,3,0,converge
spline,5,1,5,0.8,35.08658317,33.36268775,572.8649313,0,3,0,converge
spline,5,1,5,0.9,35.08658317,33.36268775,572.8649313,0,3,0,converge
spline,5,1,5,1,35.08658317,33.36268775,572.8649313,0,3,0,converge
spline,5,1,10,0.1,,,,12,1,0,converge
spline,5,1,10,0.2,18.67944303,11.8897834,1.307274326,1,1,0,converge
spline,5,1,10,0.3,18.67944303,11.8897834,1.307274326,1,1,0,converge
spline,5,1,10,0.4,31.41652224,30.30740671,13.06874697,0,2,0,converge
spline,5,1,10,0.5,31.41652224,30.30740671,13.06874697,0,2,0,converge
spline,5,1,10,0.6,31.41652224,30.30740671,13.06874697,0,2,0,converge
spline,5,1,10,0.7,31.41652224,30.30740671,13.06874697,0,2,0,converge
spline,5,1,10,0.8,61.03573016,60.83831525,348.4772735,0,3,0,converge
spline,5,1,10,0.9,29.77624164,29.77624164,19.64109715,0,4,0,converge
spline,5,1,10,1,29.77624164,29.77624164,19.64109715,0,4,0,converge
spline,5,3,3,0.1,19.90819331,15.69986704,2.751156802,0,1,0,converge
spline,5,3,3,0.2,33.4349177,33.0607137,30.85431372,0,3,0,converge
spline,5,3,3,0.3,33.4349177,33.0607137,30.85431372,0,3,0,converge
spline,5,3,3,0.4,22.3090424,22.3090424,11.92673464,0,4,0,converge
spline,5,3,3,0.5,22.3090424,22.3090424,11.92673464,0,4,0,converge
spline,5,3,3,0.6,22.3090424,22.3090424,11.92673464,0,4,0,converge
spline,5,3,3,0.7,22.3090424,22.3090424,11.92673464,0,4,0,converge
spline,5,3,3,0.8,22.3090424,22.3090424,11.92673464,0,4,0,converge
spline,5,3,3,0.9,22.3090424,22.3090424,11.92673464,0,4,0,converge
spline,5,3,3,1,22.3090424,22.3090424,11.92673464,0,4,0,converge
spline,5,3,5,0.1,,,,12,1,0,converge
spline,5,3,5,0.2,,,,1,2,0,converge
spline,5,3,5,0.3,41.59009633,42.00619673,11.46546823,0,2,0,converge
spline,5,3,5,0.4,41.59009633,42.00619673,11.46546823,0,2,0,converge
spline,5,3,5,0.5,78.59889526,78.99925315,161.7545717,0,3,0,converge
spline,5,3,5,0.6,78.59889526,78.99925315,161.7545717,0,3,0,converge
spline,5,3,5,0.7,78.59889526,78.99925315,161.7545717,0,3,0,converge
spline,5,3,5,0.8,36.88483172,36.88483172,11.6929814,0,4,0,converge
spline,5,3,5,0.9,36.88483172,36.88483172,11.6929814,0,4,0,converge
spline,5,3,5,1,36.88483172,36.88483172,11.6929814,0,4,0,converge
spline,5,3,10,0.1,61.50083988,66.00682679,5.121059388,2,1,0,converge
spline,5,3,10,0.2,68.69919836,71.97971358,7.839727279,1,2,0,converge
spline,5,3,10,0.3,75.70952193,78.06747225,10.75641782,0,2,0,converge
spline,5,3,10,0.4,75.70952193,78.06747225,10.75641782,0,2,0,converge
spline,5,3,10,0.5,75.70952193,78.06747225,10.75641782,0,2,0,converge
spline,5,3,10,0.6,149.3238745,150.5822148,135.1025221,0,3,0,converge
spline,5,3,10,0.7,149.3238745,150.5822148,135.1025221,0,3,0,converge
spline,5,3,10,0.8,76.16663828,76.16663828,12.66557829,0,4,0,converge
spline,5,3,10,0.9,76.16663828,76.16663828,12.66557829,0,4,0,converge
spline,5,3,10,1,76.16663828,76.16663828,12.66557829,0,4,0,converge
spline,5,5,3,0.1,44.3693315,44.7854319,13.79935842,0,2,0,converge
spline,5,5,3,0.2,51.81235181,52.2127097,27.12106232,0,3,0,converge
spline,5,5,3,0.3,39.65553395,39.65553395,14.06518034,0,4,0,converge
spline,5,5,3,0.4,39.65553395,39.65553395,14.06518034,0,4,0,converge
spline,5,5,3,0.5,39.65553395,39.65553395,14.06518034,0,4,0,converge
spline,5,5,3,0.6,39.65553395,39.65553395,14.06518034,0,4,0,converge
spline,5,5,3,0.7,39.65553395,39.65553395,14.06518034,0,4,0,converge
spline,5,5,3,0.8,39.65553395,39.65553395,14.06518034,0,4,0,converge
spline,5,5,3,0.9,39.65553395,39.65553395,14.06518034,0,4,0,converge
spline,5,5,3,1,39.65553395,39.65553395,14.06518034,0,4,0,converge
spline,5,5,5,0.1,54.53538739,57.47187178,5.233601719,3,2,0,converge
spline,5,5,5,0.2,62.24983177,64.14212887,10.05605649,0,2,0,converge
spline,5,5,5,0.3,62.24983177,64.14212887,10.05605649,0,2,0,converge
spline,5,5,5,0.4,62.24983177,64.14212887,10.05605649,0,2,0,converge
spline,5,5,5,0.5,104.5933341,105.6382969,60.14611442,0,3,0,converge
spline,5,5,5,0.6,63.17895842,63.17895842,12.51788394,0,4,0,converge
spline,5,5,5,0.7,63.17895842,63.17895842,12.51788394,0,4,0,converge
spline,5,5,5,0.8,63.17895842,63.17895842,12.51788394,0,4,0,converge
spline,5,5,5,0.9,63.17895842,63.17895842,12.51788394,0,4,0,converge
spline,5,5,5,1,63.17895842,63.17895842,12.51788394,0,4,0,converge
spline,5,5,10,0.1,81.60412238,91.12277204,3.869064243,3,1,0,converge
spline,5,5,10,0.2,116.6938116,120.2625385,9.476071671,0,2,0,converge
spline,5,5,10,0.3,116.6938116,120.2625385,9.476071671,0,2,0,converge
spline,5,5,10,0.4,116.6938116,120.2625385,9.476071671,0,2,0,converge
spline,5,5,10,0.5,116.6938116,120.2625385,9.476071671,0,2,0,converge
spline,5,5,10,0.6,227.0163318,228.8450215,89.89658642,0,3,0,converge
spline,5,5,10,0.7,118.9813347,118.9813347,10.80087009,0,4,0,converge
spline,5,5,10,0.8,118.9813347,118.9813347,10.80087009,0,4,0,converge
spline,5,5,10,0.9,118.9813347,118.9813347,10.80087009,0,4,0,converge
spline,5,5,10,1,118.9813347,118.9813347,10.80087009,0,4,0,converge
spline,5,10,3,0.1,78.5106201,79.76896034,12.75077557,0,3,0,converge
spline,5,10,3,0.2,68.8098365,68.8098365,9.911158232,0,4,0,converge
spline,5,10,3,0.3,68.8098365,68.8098365,9.911158232,0,4,0,converge
spline,5,10,3,0.4,68.8098365,68.8098365,9.911158232,0,4,0,converge
spline,5,10,3,0.5,68.8098365,68.8098365,9.911158232,0,4,0,converge
spline,5,10,3,0.6,68.8098365,68.8098365,9.911158232,0,4,0,converge
spline,5,10,3,0.7,68.8098365,68.8098365,9.911158232,0,4,0,converge
spline,5,10,3,0.8,68.8098365,68.8098365,9.911158232,0,4,0,converge
spline,5,10,3,0.9,68.8098365,68.8098365,9.911158232,0,4,0,converge
spline,5,10,3,1,68.8098365,68.8098365,9.911158232,0,4,0,converge
spline,5,10,5,0.1,,,,2,2,0,converge
spline,5,10,5,0.2,106.3685692,109.9372961,7.708048179,0,2,0,converge
spline,5,10,5,0.3,106.3685692,109.9372961,7.708048179,0,2,0,converge
spline,5,10,5,0.4,106.3685692,109.9372961,7.708048179,0,2,0,converge
spline,5,10,5,0.5,114.6234005,114.6234005,9.899339217,0,4,0,converge
spline,5,10,5,0.6,114.6234005,114.6234005,9.899339217,0,4,0,converge
spline,5,10,5,0.7,114.6234005,114.6234005,9.899339217,0,4,0,converge
spline,5,10,5,0.8,114.6234005,114.6234005,9.899339217,0,4,0,converge
spline,5,10,5,0.9,114.6234005,114.6234005,9.899339217,0,4,0,converge
spline,5,10,5,1,114.6234005,114.6234005,9.899339217,0,4,0,converge
spline,5,10,10,0.1,184.7340459,194.733674,5.830658432,0,0,0,converge
spline,5,10,10,0.2,210.499129,215.585758,7.875480324,0,2,0,converge
spline,5,10,10,0.3,210.499129,215.585758,7.875480324,0,2,0,converge
spline,5,10,10,0.4,210.499129,215.585758,7.875480324,0,2,0,converge
spline,5,10,10,0.5,210.499129,215.585758,7.875480324,0,2,0,converge
spline,5,10,10,0.6,409.7430776,412.3074315,58.96963281,0,3,0,converge
spline,5,10,10,0.7,217.3222553,217.3222553,8.786553597,0,4,0,converge
spline,5,10,10,0.8,217.3222553,217.3222553,8.786553597,0,4,0,converge
spline,5,10,10,0.9,217.3222553,217.3222553,8.786553597,0,4,0,converge
spline,5,10,10,1,217.3222553,217.3222553,8.786553597,0,4,0,converge
spline,10,1,3,0.1,17.50487801,12.6034903,46.29154529,0,3,0,converge
spline,10,1,3,0.2,7.830861772,7.830861772,13.60295784,0,4,0,converge
spline,10,1,3,0.3,7.830861772,7.830861772,13.60295784,0,4,0,converge
spline,10,1,3,0.4,7.830861772,7.830861772,13.60295784,0,4,0,converge
spline,10,1,3,0.5,7.830861772,7.830861772,13.60295784,0,4,0,converge
spline,10,1,3,0.6,7.830861772,7.830861772,13.60295784,0,4,0,converge
spline,10,1,3,0.7,7.830861772,7.830861772,13.60295784,0,4,0,converge
spline,10,1,3,0.8,7.830861772,7.830861772,13.60295784,0,4,0,converge
spline,10,1,3,0.9,7.830861772,7.830861772,13.60295784,0,4,0,converge
spline,10,1,3,1,7.830861772,7.830861772,13.60295784,0,4,0,converge
spline,10,1,5,0.1,,,,11,0,0,converge
spline,10,1,5,0.2,-36.82944848,21.21774108,13.93091267,3,2,0,converge
spline,10,1,5,0.3,22.31860915,15.53748498,11.74845603,0,2,0,converge
spline,10,1,5,0.4,22.31860915,15.53748498,11.74845603,0,2,0,converge
spline,10,1,5,0.5,33.88040756,32.15651214,450.0752746,0,3,0,converge
spline,10,1,5,0.6,33.88040756,32.15651214,450.0752746,0,3,0,converge
spline,10,1,5,0.7,33.88040756,32.15651214,450.0752746,0,3,0,converge
spline,10,1,5,0.8,33.88040756,32.15651214,450.0752746,0,3,0,converge
spline,10,1,5,0.9,33.88040756,32.15651214,450.0752746,0,3,0,converge
spline,10,1,5,1,33.88040756,32.15651214,450.0752746,0,3,0,converge
spline,10,1,10,0.1,-70.62823012,24.30537609,0.569598808,10,1,0,converge
spline,10,1,10,0.2,14.64224999,7.852590362,0.873039043,1,1,0,converge
spline,10,1,10,0.3,14.64224999,7.852590362,0.873039043,1,1,0,converge
spline,10,1,10,0.4,14.64224999,7.852590362,0.873039043,1,1,0,converge
spline,10,1,10,0.5,14.64224999,7.852590362,0.873039043,1,1,0,converge
spline,10,1,10,0.6,11.96685251,8.874607792,1.217360818,0,1,0,converge
spline,10,1,10,0.7,23.22048113,22.1113656,5.758168997,0,2,0,converge
spline,10,1,10,0.8,59.41641905,59.21900414,296.3798488,0,3,0,converge
spline,10,1,10,0.9,27.60665798,27.60665798,15.81036596,0,4,0,converge
spline,10,1,10,1,27.60665798,27.60665798,15.81036596,0,4,0,converge
spline,10,3,3,0.1,21.13053833,16.92221206,3.151370986,0,1,0,converge
spline,10,3,3,0.2,34.55182401,34.17762002,34.93109027,0,3,0,converge
spline,10,3,3,0.3,34.55182401,34.17762002,34.93109027,0,3,0,converge
spline,10,3,3,0.4,21.29941899,21.29941899,10.66110541,0,4,0,converge
spline,10,3,3,0.5,21.29941899,21.29941899,10.66110541,0,4,0,converge
spline,10,3,3,0.6,21.29941899,21.29941899,10.66110541,0,4,0,converge
spline,10,3,3,0.7,21.29941899,21.29941899,10.66110541,0,4,0,converge
spline,10,3,3,0.8,21.29941899,21.29941899,10.66110541,0,4,0,converge
spline,10,3,3,0.9,21.29941899,21.29941899,10.66110541,0,4,0,converge
spline,10,3,3,1,21.29941899,21.29941899,10.66110541,0,4,0,converge
spline,10,3,5,0.1,,,,7,1,0,converge
spline,10,3,5,0.2,,,,1,2,0,converge
spline,10,3,5,0.3,40.34858674,40.76468714,10.55471257,0,2,0,converge
spline,10,3,5,0.4,40.34858674,40.76468714,10.55471257,0,2,0,converge
spline,10,3,5,0.5,78.910979,79.31133689,165.1552233,0,3,0,converge
spline,10,3,5,0.6,78.910979,79.31133689,165.1552233,0,3,0,converge
spline,10,3,5,0.7,78.910979,79.31133689,165.1552233,0,3,0,converge
spline,10,3,5,0.8,78.910979,79.31133689,165.1552233,0,3,0,converge
spline,10,3,5,0.9,34.88595515,34.88595515,10.2341518,0,4,0,converge
spline,10,3,5,1,34.88595515,34.88595515,10.2341518,0,4,0,converge
spline,10,3,10,0.1,16.51253185,20.86496804,0.809379776,4,0,0,converge
spline,10,3,10,0.2,73.29647749,76.57699271,9.13804699,1,2,0,converge
spline,10,3,10,0.3,73.29647749,76.57699271,9.13804699,1,2,0,converge
spline,10,3,10,0.4,66.78040997,69.13836029,7.987401737,0,2,0,converge
spline,10,3,10,0.5,66.78040997,69.13836029,7.987401737,0,2,0,converge
spline,10,3,10,0.6,66.78040997,69.13836029,7.987401737,0,2,0,converge
spline,10,3,10,0.7,149.6892488,150.9475891,136.7580158,0,3,0,converge
spline,10,3,10,0.8,73.7235313,73.7235313,11.67501448,0,4,0,converge
spline,10,3,10,0.9,73.7235313,73.7235313,11.67501448,0,4,0,converge
spline,10,3,10,1,73.7235313,73.7235313,11.67501448,0,4,0,converge
spline,10,5,3,0.1,42.48076247,42.89686287,12.1668799,0,2,0,converge
spline,10,5,3,0.2,50.98507883,51.38543672,25.6657932,0,3,0,converge
spline,10,5,3,0.3,37.89915125,37.89915125,12.51102284,0,4,0,converge
spline,10,5,3,0.4,37.89915125,37.89915125,12.51102284,0,4,0,converge
spline,10,5,3,0.5,37.89915125,37.89915125,12.51102284,0,4,0,converge
spline,10,5,3,0.6,37.89915125,37.89915125,12.51102284,0,4,0,converge
spline,10,5,3,0.7,37.89915125,37.89915125,12.51102284,0,4,0,converge
spline,10,5,3,0.8,37.89915125,37.89915125,12.51102284,0,4,0,converge
spline,10,5,3,0.9,37.89915125,37.89915125,12.51102284,0,4,0,converge
spline,10,5,3,1,37.89915125,37.89915125,12.51102284,0,4,0,converge
spline,10,5,5,0.1,,,,1,2,0,converge
spline,10,5,5,0.2,60.45006564,62.34236274,9.357558793,0,2,0,converge
spline,10,5,5,0.3,60.45006564,62.34236274,9.357558793,0,2,0,converge
spline,10,5,5,0.4,60.45006564,62.34236274,9.357558793,0,2,0,converge
spline,10,5,5,0.5,60.45006564,62.34236274,9.357558793,0,2,0,converge
spline,10,5,5,0.6,60.63332388,60.63332388,11.30599318,0,4,0,converge
spline,10,5,5,0.7,60.63332388,60.63332388,11.30599318,0,4,0,converge
spline,10,5,5,0.8,60.63332388,60.63332388,11.30599318,0,4,0,converge
spline,10,5,5,0.9,60.63332388,60.63332388,11.30599318,0,4,0,converge
spline,10,5,5,1,60.63332388,60.63332388,11.30599318,0,4,0,converge
spline,10,5,10,0.1,75.3359705,84.85462016,3.413197866,3,1,0,converge
spline,10,5,10,0.2,56.09188708,61.30621697,2.695012814,0,1,0,converge
spline,10,5,10,0.3,102.5858574,106.1545843,7.146414522,0,2,0,converge
spline,10,5,10,0.4,102.5858574,106.1545843,7.146414522,0,2,0,converge
spline,10,5,10,0.5,102.5858574,106.1545843,7.146414522,0,2,0,converge
spline,10,5,10,0.6,236.0379189,237.8666086,107.6722307,0,3,0,converge
spline,10,5,10,0.7,236.0379189,237.8666086,107.6722307,0,3,0,converge
spline,10,5,10,0.8,117.3589587,117.3589587,10.45603343,0,4,0,converge
spline,10,5,10,0.9,117.3589587,117.3589587,10.45603343,0,4,0,converge
spline,10,5,10,1,117.3589587,117.3589587,10.45603343,0,4,0,converge
spline,10,10,3,0.1,68.41375257,70.77170289,8.434329907,0,2,0,converge
spline,10,10,3,0.2,65.53028547,65.53028547,8.884807974,0,4,0,converge
spline,10,10,3,0.3,65.53028547,65.53028547,8.884807974,0,4,0,converge
spline,10,10,3,0.4,65.53028547,65.53028547,8.884807974,0,4,0,converge
spline,10,10,3,0.5,65.53028547,65.53028547,8.884807974,0,4,0,converge
spline,10,10,3,0.6,65.53028547,65.53028547,8.884807974,0,4,0,converge
spline,10,10,3,0.7,65.53028547,65.53028547,8.884807974,0,4,0,converge
spline,10,10,3,0.8,65.53028547,65.53028547,8.884807974,0,4,0,converge
spline,10,10,3,0.9,65.53028547,65.53028547,8.884807974,0,4,0,converge
spline,10,10,3,1,65.53028547,65.53028547,8.884807974,0,4,0,converge
spline,10,10,5,0.1,,,,1,2,0,converge
spline,10,10,5,0.2,102.9016924,106.4704193,7.191699151,0,2,0,converge
spline,10,10,5,0.3,102.9016924,106.4704193,7.191699151,0,2,0,converge
spline,10,10,5,0.4,102.9016924,106.4704193,7.191699151,0,2,0,converge
spline,10,10,5,0.5,181.082565,182.9112547,35.87298958,0,3,0,converge
spline,10,10,5,0.6,108.8869007,108.8869007,8.826318659,0,4,0,converge
spline,10,10,5,0.7,108.8869007,108.8869007,8.826318659,0,4,0,converge
spline,10,10,5,0.8,108.8869007,108.8869007,8.826318659,0,4,0,converge
spline,10,10,5,0.9,108.8869007,108.8869007,8.826318659,0,4,0,converge
spline,10,10,5,1,108.8869007,108.8869007,8.826318659,0,4,0,converge
spline,10,10,10,0.1,142.6260663,159.6448663,3.575434653,3,0,0,converge
spline,10,10,10,0.2,122.0962263,129.6617368,3.185031767,0,1,0,converge
spline,10,10,10,0.3,186.1084002,191.1950292,6.17091354,0,2,0,converge
spline,10,10,10,0.4,186.1084002,191.1950292,6.17091354,0,2,0,converge
spline,10,10,10,0.5,186.1084002,191.1950292,6.17091354,0,2,0,converge
spline,10,10,10,0.6,186.1084002,191.1950292,6.17091354,0,2,0,converge
spline,10,10,10,0.7,427.0112071,429.575561,70.08465775,0,3,0,converge
spline,10,10,10,0.8,427.0112071,429.575561,70.08465775,0,3,0,converge
spline,10,10,10,0.9,209.2999416,209.2999416,8.109201589,0,4,0,converge
spline,10,10,10,1,209.2999416,209.2999416,8.109201589,0,4,0,converge
spline,0,1,3,0.1,-6.513087379,14.78274949,46.01515845,2,3,10,converge
spline,0,1,3,0.2,6.986524467,6.986524467,10.26604132,0,4,10,converge
spline,0,1,3,0.3,6.986524467,6.986524467,10.26604132,0,4,10,converge
spline,0,1,3,0.4,6.986524467,6.986524467,10.26604132,0,4,10,converge
spline,0,1,3,0.5,6.986524467,6.986524467,10.26604132,0,4,10,converge
spline,0,1,3,0.6,6.986524467,6.986524467,10.26604132,0,4,10,converge
spline,0,1,3,0.7,6.986524467,6.986524467,10.26604132,0,4,10,converge
spline,0,1,3,0.8,6.986524467,6.986524467,10.26604132,0,4,10,converge
spline,0,1,3,0.9,6.986524467,6.986524467,10.26604132,0,4,10,converge
spline,0,1,3,1,6.986524467,6.986524467,10.26604132,0,4,10,converge
spline,0,1,5,0.1,,,,16,0,10,converge
spline,0,1,5,0.2,,,,5,1,10,converge
spline,0,1,5,0.3,,,,2,1,10,converge
spline,0,1,5,0.4,,,,1,1,10,converge
spline,0,1,5,0.5,,,,1,1,10,converge
spline,0,1,5,0.6,34.36329638,32.63940096,495.7107591,0,3,10,converge
spline,0,1,5,0.7,34.36329638,32.63940096,495.7107591,0,3,10,converge
spline,0,1,5,0.8,34.36329638,32.63940096,495.7107591,0,3,10,converge
spline,0,1,5,0.9,34.36329638,32.63940096,495.7107591,0,3,10,converge
spline,0,1,5,1,34.36329638,32.63940096,495.7107591,0,3,10,converge
spline,0,1,10,0.1,,,,12,0,10,converge
spline,0,1,10,0.2,12.92915031,6.139490684,0.735588096,1,1,10,converge
spline,0,1,10,0.3,12.92915031,6.139490684,0.735588096,1,1,10,converge
spline,0,1,10,0.4,12.92915031,6.139490684,0.735588096,1,1,10,converge
spline,0,1,10,0.5,12.92915031,6.139490684,0.735588096,1,1,10,converge
spline,0,1,10,0.6,22.34294326,21.23382774,5.274404357,0,2,10,converge
spline,0,1,10,0.7,22.34294326,21.23382774,5.274404357,0,2,10,converge
spline,0,1,10,0.8,25.38002988,25.38002988,12.65437478,0,4,10,converge
spline,0,1,10,0.9,25.38002988,25.38002988,12.65437478,0,4,10,converge
spline,0,1,10,1,25.38002988,25.38002988,12.65437478,0,4,10,converge
spline,0,3,3,0.1,42.32519605,23.31131894,3.933250675,1,0,10,converge
spline,0,3,3,0.2,37.22501966,36.85081566,47.01181766,0,3,10,converge
spline,0,3,3,0.3,37.22501966,36.85081566,47.01181766,0,3,10,converge
spline,0,3,3,0.4,37.22501966,36.85081566,47.01181766,0,3,10,converge
spline,0,3,3,0.5,20.67675772,20.67675772,9.948457605,0,4,10,converge
spline,0,3,3,0.6,20.67675772,20.67675772,9.948457605,0,4,10,converge
spline,0,3,3,0.7,20.67675772,20.67675772,9.948457605,0,4,10,converge
spline,0,3,3,0.8,20.67675772,20.67675772,9.948457605,0,4,10,converge
spline,0,3,3,0.9,20.67675772,20.67675772,9.948457605,0,4,10,converge
spline,0,3,3,1,20.67675772,20.67675772,9.948457605,0,4,10,converge
spline,0,3,5,0.1,62.60916303,51.56551444,8.792896697,5,2,10,converge
spline,0,3,5,0.2,,,,2,2,10,converge
spline,0,3,5,0.3,40.71910326,41.13520366,10.81867222,0,2,10,converge
spline,0,3,5,0.4,40.71910326,41.13520366,10.81867222,0,2,10,converge
spline,0,3,5,0.5,81.66436908,82.06472697,198.4317313,0,3,10,converge
spline,0,3,5,0.6,81.66436908,82.06472697,198.4317313,0,3,10,converge
spline,0,3,5,0.7,81.66436908,82.06472697,198.4317313,0,3,10,converge
spline,0,3,5,0.8,81.66436908,82.06472697,198.4317313,0,3,10,converge
spline,0,3,5,0.9,81.66436908,82.06472697,198.4317313,0,3,10,converge
spline,0,3,5,1,33.70941798,33.70941798,9.462101761,0,4,10,converge
spline,0,3,10,0.1,169.5354644,165.0010303,56.04652479,9,0,10,converge
spline,0,3,10,0.2,35.88977055,40.39575746,2.18072855,1,0,10,converge
spline,0,3,10,0.3,3.097088977,7.101878503,0.805120196,0,0,10,converge
spline,0,3,10,0.4,63.99293672,66.35088704,7.278681568,0,2,10,converge
spline,0,3,10,0.5,63.99293672,66.35088704,7.278681568,0,2,10,converge
spline,0,3,10,0.6,63.99293672,66.35088704,7.278681568,0,2,10,converge
spline,0,3,10,0.7,150.4935933,151.7519335,140.4742977,0,3,10,converge
spline,0,3,10,0.8,72.8431615,72.8431615,11.33738173,0,4,10,converge
spline,0,3,10,0.9,72.8431615,72.8431615,11.33738173,0,4,10,converge
spline,0,3,10,1,72.8431615,72.8431615,11.33738173,0,4,10,converge
spline,0,5,3,0.1,55.83409832,55.77643075,23.9703746,1,2,10,converge
spline,0,5,3,0.2,36.52459169,36.52459169,11.41550797,0,4,10,converge
spline,0,5,3,0.3,36.52459169,36.52459169,11.41550797,0,4,10,converge
spline,0,5,3,0.4,36.52459169,36.52459169,11.41550797,0,4,10,converge
spline,0,5,3,0.5,36.52459169,36.52459169,11.41550797,0,4,10,converge
spline,0,5,3,0.6,36.52459169,36.52459169,11.41550797,0,4,10,converge
spline,0,5,3,0.7,36.52459169,36.52459169,11.41550797,0,4,10,converge
spline,0,5,3,0.8,36.52459169,36.52459169,11.41550797,0,4,10,converge
spline,0,5,3,0.9,36.52459169,36.52459169,11.41550797,0,4,10,converge
spline,0,5,3,1,36.52459169,36.52459169,11.41550797,0,4,10,converge
spline,0,5,5,0.1,69.32053313,72.25701752,9.454639144,3,2,10,converge
spline,0,5,5,0.2,58.06337807,59.95567517,8.505533407,0,2,10,converge
spline,0,5,5,0.3,58.06337807,59.95567517,8.505533407,0,2,10,converge
spline,0,5,5,0.4,58.06337807,59.95567517,8.505533407,0,2,10,converge
spline,0,5,5,0.5,58.06337807,59.95567517,8.505533407,0,2,10,converge
spline,0,5,5,0.6,59.07221609,59.07221609,10.62158917,0,4,10,converge
spline,0,5,5,0.7,59.07221609,59.07221609,10.62158917,0,4,10,converge
spline,0,5,5,0.8,59.07221609,59.07221609,10.62158917,0,4,10,converge
spline,0,5,5,0.9,59.07221609,59.07221609,10.62158917,0,4,10,converge
spline,0,5,5,1,59.07221609,59.07221609,10.62158917,0,4,10,converge
spline,0,5,10,0.1,128.5387386,140.3227275,8.851003744,4,0,10,converge
spline,0,5,10,0.2,675.5554034,682.3146065,617435.7475,1,1,10,converge
spline,0,5,10,0.3,96.77538148,100.3441083,6.362371891,0,2,10,converge
spline,0,5,10,0.4,96.77538148,100.3441083,6.362371891,0,2,10,converge
spline,0,5,10,0.5,96.77538148,100.3441083,6.362371891,0,2,10,converge
spline,0,5,10,0.6,96.77538148,100.3441083,6.362371891,0,2,10,converge
spline,0,5,10,0.7,244.3999657,246.2286553,127.2727787,0,3,10,converge
spline,0,5,10,0.8,244.3999657,246.2286553,127.2727787,0,3,10,converge
spline,0,5,10,0.9,118.3119162,118.3119162,10.65722775,0,4,10,converge
spline,0,5,10,1,118.3119162,118.3119162,10.65722775,0,4,10,converge
spline,0,10,3,0.1,66.32416561,68.68211593,7.8668472,0,2,10,converge
spline,0,10,3,0.2,63.6183355,63.6183355,8.336230895,0,4,10,converge
spline,0,10,3,0.3,63.6183355,63.6183355,8.336230895,0,4,10,converge
spline,0,10,3,0.4,63.6183355,63.6183355,8.336230895,0,4,10,converge
spline,0,10,3,0.5,63.6183355,63.6183355,8.336230895,0,4,10,converge
spline,0,10,3,0.6,63.6183355,63.6183355,8.336230895,0,4,10,converge
spline,0,10,3,0.7,63.6183355,63.6183355,8.336230895,0,4,10,converge
spline,0,10,3,0.8,63.6183355,63.6183355,8.336230895,0,4,10,converge
spline,0,10,3,0.9,63.6183355,63.6183355,8.336230895,0,4,10,converge
spline,0,10,3,1,63.6183355,63.6183355,8.336230895,0,4,10,converge
spline,0,10,5,0.1,105.8825808,114.0790595,6.621877165,3,2,10,converge
spline,0,10,5,0.2,101.1368856,104.7056125,6.942287488,0,2,10,converge
spline,0,10,5,0.3,101.1368856,104.7056125,6.942287488,0,2,10,converge
spline,0,10,5,0.4,101.1368856,104.7056125,6.942287488,0,2,10,converge
spline,0,10,5,0.5,101.1368856,104.7056125,6.942287488,0,2,10,converge
spline,0,10,5,0.6,191.1885219,193.0172116,43.90831771,0,3,10,converge
spline,0,10,5,0.7,105.568017,105.568017,8.259469332,0,4,10,converge
spline,0,10,5,0.8,105.568017,105.568017,8.259469332,0,4,10,converge
spline,0,10,5,0.9,105.568017,105.568017,8.259469332,0,4,10,converge
spline,0,10,5,1,105.568017,105.568017,8.259469332,0,4,10,converge
spline,0,10,10,0.1,206.3673415,223.3861415,6.763222666,4,1,10,converge
spline,0,10,10,0.2,102.8733218,110.4388323,2.628026588,0,1,10,converge
spline,0,10,10,0.3,174.8016985,179.8883276,5.511186148,0,2,10,converge
spline,0,10,10,0.4,174.8016985,179.8883276,5.511186148,0,2,10,converge
spline,0,10,10,0.5,174.8016985,179.8883276,5.511186148,0,2,10,converge
spline,0,10,10,0.6,174.8016985,179.8883276,5.511186148,0,2,10,converge
spline,0,10,10,0.7,439.4555606,442.0199145,79.3721414,0,3,10,converge
spline,0,10,10,0.8,439.4555606,442.0199145,79.3721414,0,3,10,converge
spline,0,10,10,0.9,208.970597,208.970597,8.082538307,0,4,10,converge
spline,0,10,10,1,208.970597,208.970597,8.082538307,0,4,10,converge
spline,5,1,3,0.1,62.64333828,57.74195057,158475847.6,1,4,10,converge
spline,5,1,3,0.2,8.600454663,8.600454663,17.58099028,0,4,10,converge
spline,5,1,3,0.3,8.600454663,8.600454663,17.58099028,0,4,10,converge
spline,5,1,3,0.4,8.600454663,8.600454663,17.58099028,0,4,10,converge
spline,5,1,3,0.5,8.600454663,8.600454663,17.58099028,0,4,10,converge
spline,5,1,3,0.6,8.600454663,8.600454663,17.58099028,0,4,10,converge
spline,5,1,3,0.7,8.600454663,8.600454663,17.58099028,0,4,10,converge
spline,5,1,3,0.8,8.600454663,8.600454663,17.58099028,0,4,10,converge
spline,5,1,3,0.9,8.600454663,8.600454663,17.58099028,0,4,10,converge
spline,5,1,3,1,8.600454663,8.600454663,17.58099028,0,4,10,converge
spline,5,1,5,0.1,,,,12,1,10,converge
spline,5,1,5,0.2,,,,12,2,10,converge
spline,5,1,5,0.3,,19.53132385,13.71807682,3,3,10,converge
spline,5,1,5,0.4,31.07395766,24.29283348,67.68005523,1,3,10,converge
spline,5,1,5,0.5,40.06020628,38.33631086,1549.015101,0,3,10,converge
spline,5,1,5,0.6,40.06020628,38.33631086,1549.015101,0,3,10,converge
spline,5,1,5,0.7,40.06020628,38.33631086,1549.015101,0,3,10,converge
spline,5,1,5,0.8,40.06020628,38.33631086,1549.015101,0,3,10,converge
spline,5,1,5,0.9,40.06020628,38.33631086,1549.015101,0,3,10,converge
spline,5,1,5,1,40.06020628,38.33631086,1549.015101,0,3,10,converge
spline,5,1,10,0.1,-19.6517308,62.76360742,5.318495996,16,0,10,converge
spline,5,1,10,0.2,,,,4,1,10,converge
spline,5,1,10,0.3,32.28501919,29.19277447,9.28594456,1,2,10,converge
spline,5,1,10,0.4,32.02205083,30.9129353,13.88454723,1,3,10,converge
spline,5,1,10,0.5,,,,1,3,10,converge
spline,5,1,10,0.6,65.63003677,65.43262186,551.6995899,0,3,10,converge
spline,5,1,10,0.7,65.63003677,65.43262186,551.6995899,0,3,10,converge
spline,5,1,10,0.8,65.63003677,65.43262186,551.6995899,0,3,10,converge
spline,5,1,10,0.9,65.63003677,65.43262186,551.6995899,0,3,10,converge
spline,5,1,10,1,65.63003677,65.43262186,551.6995899,0,3,10,converge
spline,5,3,3,0.1,,,,7,3,10,converge
spline,5,3,3,0.2,33.72896926,33.35476527,31.87904717,0,3,10,converge
spline,5,3,3,0.3,33.72896926,33.35476527,31.87904717,0,3,10,converge
spline,5,3,3,0.4,22.3090424,22.3090424,11.92673464,0,4,10,converge
spline,5,3,3,0.5,22.3090424,22.3090424,11.92673464,0,4,10,converge
spline,5,3,3,0.6,22.3090424,22.3090424,11.92673464,0,4,10,converge
spline,5,3,3,0.7,22.3090424,22.3090424,11.92673464,0,4,10,converge
spline,5,3,3,0.8,22.3090424,22.3090424,11.92673464,0,4,10,converge
spline,5,3,3,0.9,22.3090424,22.3090424,11.92673464,0,4,10,converge
spline,5,3,3,1,22.3090424,22.3090424,11.92673464,0,4,10,converge
spline,5,3,5,0.1,,,,15,1,10,converge
spline,5,3,5,0.2,49.38553056,49.32786298,15.5944356,1,2,10,converge
spline,5,3,5,0.3,49.38553056,49.32786298,15.5944356,1,2,10,converge
spline,5,3,5,0.4,42.84965885,43.26575925,12.46981083,0,2,10,converge
spline,5,3,5,0.5,83.80231865,84.20267654,228.8290205,0,3,10,converge
spline,5,3,5,0.6,83.80231865,84.20267654,228.8290205,0,3,10,converge
spline,5,3,5,0.7,83.80231865,84.20267654,228.8290205,0,3,10,converge
spline,5,3,5,0.8,83.80231865,84.20267654,228.8290205,0,3,10,converge
spline,5,3,5,0.9,83.80231865,84.20267654,228.8290205,0,3,10,converge
spline,5,3,5,1,36.88483172,36.88483172,11.6929814,0,4,10,converge
spline,5,3,10,0.1,40.96865228,45.47463918,2.5830092,1,0,10,converge
spline,5,3,10,0.2,57.70617032,60.98668554,5.434512282,1,2,10,converge
spline,5,3,10,0.3,73.86613005,76.22408037,10.11537139,0,2,10,converge
spline,5,3,10,0.4,73.86613005,76.22408037,10.11537139,0,2,10,converge
spline,5,3,10,0.5,73.86613005,76.22408037,10.11537139,0,2,10,converge
spline,5,3,10,0.6,157.4902985,158.7486388,177.3717914,0,3,10,converge
spline,5,3,10,0.7,157.4902985,158.7486388,177.3717914,0,3,10,converge
spline,5,3,10,0.8,157.4902985,158.7486388,177.3717914,0,3,10,converge
spline,5,3,10,0.9,76.16663828,76.16663828,12.66557829,0,4,10,converge
spline,5,3,10,1,76.16663828,76.16663828,12.66557829,0,4,10,converge
spline,5,5,3,0.1,55.55426216,55.95462005,34.8053574,0,3,10,converge
spline,5,5,3,0.2,55.55426216,55.95462005,34.8053574,0,3,10,converge
spline,5,5,3,0.3,39.65553395,39.65553395,14.06518034,0,4,10,converge
spline,5,5,3,0.4,39.65553395,39.65553395,14.06518034,0,4,10,converge
spline,5,5,3,0.5,39.65553395,39.65553395,14.06518034,0,4,10,converge
spline,5,5,3,0.6,39.65553395,39.65553395,14.06518034,0,4,10,converge
spline,5,5,3,0.7,39.65553395,39.65553395,14.06518034,0,4,10,converge
spline,5,5,3,0.8,39.65553395,39.65553395,14.06518034,0,4,10,converge
spline,5,5,3,0.9,39.65553395,39.65553395,14.06518034,0,4,10,converge
spline,5,5,3,1,39.65553395,39.65553395,14.06518034,0,4,10,converge
spline,5,5,5,0.1,64.43619477,67.31169807,8.82375742,1,1,10,converge
spline,5,5,5,0.2,62.45335746,64.34565456,10.13825727,0,2,10,converge
spline,5,5,5,0.3,62.45335746,64.34565456,10.13825727,0,2,10,converge
spline,5,5,5,0.4,108.4833498,109.5283126,70.27228431,0,3,10,converge
spline,5,5,5,0.5,108.4833498,109.5283126,70.27228431,0,3,10,converge
spline,5,5,5,0.6,108.4833498,109.5283126,70.27228431,0,3,10,converge
spline,5,5,5,0.7,63.17895842,63.17895842,12.51788394,0,4,10,converge
spline,5,5,5,0.8,63.17895842,63.17895842,12.51788394,0,4,10,converge
spline,5,5,5,0.9,63.17895842,63.17895842,12.51788394,0,4,10,converge
spline,5,5,5,1,63.17895842,63.17895842,12.51788394,0,4,10,converge
spline,5,5,10,0.1,79.92690496,90.64439933,3.543818315,4,1,10,converge
spline,5,5,10,0.2,112.1283638,115.6970907,8.649148647,0,2,10,converge
spline,5,5,10,0.3,112.1283638,115.6970907,8.649148647,0,2,10,converge
spline,5,5,10,0.4,112.1283638,115.6970907,8.649148647,0,2,10,converge
spline,5,5,10,0.5,112.1283638,115.6970907,8.649148647,0,2,10,converge
spline,5,5,10,0.6,240.5549953,242.3836849,117.8524288,0,3,10,converge
spline,5,5,10,0.7,240.5549953,242.3836849,117.8524288,0,3,10,converge
spline,5,5,10,0.8,118.9813347,118.9813347,10.80087009,0,4,10,converge
spline,5,5,10,0.9,118.9813347,118.9813347,10.80087009,0,4,10,converge
spline,5,5,10,1,118.9813347,118.9813347,10.80087009,0,4,10,converge
spline,5,10,3,0.1,80.36049787,81.61883811,13.56176845,0,3,10,converge
spline,5,10,3,0.2,68.8098365,68.8098365,9.911158232,0,4,10,converge
spline,5,10,3,0.3,68.8098365,68.8098365,9.911158232,0,4,10,converge
spline,5,10,3,0.4,68.8098365,68.8098365,9.911158232,0,4,10,converge
spline,5,10,3,0.5,68.8098365,68.8098365,9.911158232,0,4,10,converge
spline,5,10,3,0.6,68.8098365,68.8098365,9.911158232,0,4,10,converge
spline,5,10,3,0.7,68.8098365,68.8098365,9.911158232,0,4,10,converge
spline,5,10,3,0.8,68.8098365,68.8098365,9.911158232,0,4,10,converge
spline,5,10,3,0.9,68.8098365,68.8098365,9.911158232,0,4,10,converge
spline,5,10,3,1,68.8098365,68.8098365,9.911158232,0,4,10,converge
spline,5,10,5,0.1,87.44436977,92.65869965,5.045277276,1,2,10,converge
spline,5,10,5,0.2,105.8923297,109.4610565,7.634979172,0,2,10,converge
spline,5,10,5,0.3,105.8923297,109.4610565,7.634979172,0,2,10,converge
spline,5,10,5,0.4,105.8923297,109.4610565,7.634979172,0,2,10,converge
spline,5,10,5,0.5,114.6234005,114.6234005,9.899339217,0,4,10,converge
spline,5,10,5,0.6,114.6234005,114.6234005,9.899339217,0,4,10,converge
spline,5,10,5,0.7,114.6234005,114.6234005,9.899339217,0,4,10,converge
spline,5,10,5,0.8,114.6234005,114.6234005,9.899339217,0,4,10,converge
spline,5,10,5,0.9,114.6234005,114.6234005,9.899339217,0,4,10,converge
spline,5,10,5,1,114.6234005,114.6234005,9.899339217,0,4,10,converge
spline,5,10,10,0.1,203.8118373,208.8984664,7.366047451,0,2,10,converge
spline,5,10,10,0.2,203.8118373,208.8984664,7.366047451,0,2,10,converge
spline,5,10,10,0.3,203.8118373,208.8984664,7.366047451,0,2,10,converge
spline,5,10,10,0.4,203.8118373,208.8984664,7.366047451,0,2,10,converge
spline,5,10,10,0.5,203.8118373,208.8984664,7.366047451,0,2,10,converge
spline,5,10,10,0.6,203.8118373,208.8984664,7.366047451,0,2,10,converge
spline,5,10,10,0.7,422.0576482,424.622002,66.69755651,0,3,10,converge
spline,5,10,10,0.8,217.3222553,217.3222553,8.786553597,0,4,10,converge
spline,5,10,10,0.9,217.3222553,217.3222553,8.786553597,0,4,10,converge
spline,5,10,10,1,217.3222553,217.3222553,8.786553597,0,4,10,converge
spline,10,1,3,0.1,17.7934703,12.89208259,50.96589923,0,3,10,converge
spline,10,1,3,0.2,7.830861772,7.830861772,13.60295784,0,4,10,converge
spline,10,1,3,0.3,7.830861772,7.830861772,13.60295784,0,4,10,converge
spline,10,1,3,0.4,7.830861772,7.830861772,13.60295784,0,4,10,converge
spline,10,1,3,0.5,7.830861772,7.830861772,13.60295784,0,4,10,converge
spline,10,1,3,0.6,7.830861772,7.830861772,13.60295784,0,4,10,converge
spline,10,1,3,0.7,7.830861772,7.830861772,13.60295784,0,4,10,converge
spline,10,1,3,0.8,7.830861772,7.830861772,13.60295784,0,4,10,converge
spline,10,1,3,0.9,7.830861772,7.830861772,13.60295784,0,4,10,converge
spline,10,1,3,1,7.830861772,7.830861772,13.60295784,0,4,10,converge
spline,10,1,5,0.1,,,,13,1,10,converge
spline,10,1,5,0.2,,,,8,1,10,converge
spline,10,1,5,0.3,,,,8,1,10,converge
spline,10,1,5,0.4,21.832514,15.05138983,10.66004671,0,2,10,converge
spline,10,1,5,0.5,38.02823422,36.3043388,1031.717509,0,3,10,converge
spline,10,1,5,0.6,38.02823422,36.3043388,1031.717509,0,3,10,converge
spline,10,1,5,0.7,38.02823422,36.3043388,1031.717509,0,3,10,converge
spline,10,1,5,0.8,38.02823422,36.3043388,1031.717509,0,3,10,converge
spline,10,1,5,0.9,38.02823422,36.3043388,1031.717509,0,3,10,converge
spline,10,1,5,1,38.02823422,36.3043388,1031.717509,0,3,10,converge
spline,10,1,10,0.1,-37.77227297,44.78337424,2.212672973,12,0,10,converge
spline,10,1,10,0.2,14.65573257,7.866072939,0.874216919,1,1,10,converge
spline,10,1,10,0.3,14.65573257,7.866072939,0.874216919,1,1,10,converge
spline,10,1,10,0.4,14.65573257,7.866072939,0.874216919,1,1,10,converge
spline,10,1,10,0.5,27.87848979,26.76937426,9.174431294,1,3,10,converge
spline,10,1,10,0.6,61.68160072,61.48418582,371.7271332,0,3,10,converge
spline,10,1,10,0.7,61.68160072,61.48418582,371.7271332,0,3,10,converge
spline,10,1,10,0.8,61.68160072,61.48418582,371.7271332,0,3,10,converge
spline,10,1,10,0.9,61.68160072,61.48418582,371.7271332,0,3,10,converge
spline,10,1,10,1,27.60665798,27.60665798,15.81036596,0,4,10,converge
spline,10,3,3,0.1,26.71185311,22.50352684,5.859027764,1,2,10,converge
spline,10,3,3,0.2,35.81617043,35.44196644,40.19972708,0,3,10,converge
spline,10,3,3,0.3,35.81617043,35.44196644,40.19972708,0,3,10,converge
spline,10,3,3,0.4,35.81617043,35.44196644,40.19972708,0,3,10,converge
spline,10,3,3,0.5,21.29941899,21.29941899,10.66110541,0,4,10,converge
spline,10,3,3,0.6,21.29941899,21.29941899,10.66110541,0,4,10,converge
spline,10,3,3,0.7,21.29941899,21.29941899,10.66110541,0,4,10,converge
spline,10,3,3,0.8,21.29941899,21.29941899,10.66110541,0,4,10,converge
spline,10,3,3,0.9,21.29941899,21.29941899,10.66110541,0,4,10,converge
spline,10,3,3,1,21.29941899,21.29941899,10.66110541,0,4,10,converge
spline,10,3,5,0.1,,,,9,1,10,converge
spline,10,3,5,0.2,,,,2,2,10,converge
spline,10,3,5,0.3,,,,1,2,10,converge
spline,10,3,5,0.4,40.76871603,41.18481643,10.85451442,0,2,10,converge
spline,10,3,5,0.5,84.21152729,84.61188518,235.1575383,0,3,10,converge
spline,10,3,5,0.6,84.21152729,84.61188518,235.1575383,0,3,10,converge
spline,10,3,5,0.7,84.21152729,84.61188518,235.1575383,0,3,10,converge
spline,10,3,5,0.8,84.21152729,84.61188518,235.1575383,0,3,10,converge
spline,10,3,5,0.9,84.21152729,84.61188518,235.1575383,0,3,10,converge
spline,10,3,5,1,34.88595515,34.88595515,10.2341518,0,4,10,converge
spline,10,3,10,0.1,48.23533762,52.9528102,2.64185402,4,1,10,converge
spline,10,3,10,0.2,25.69259669,30.1985836,1.552324093,1,0,10,converge
spline,10,3,10,0.3,27.02722483,31.03201436,1.787659986,1,1,10,converge
spline,10,3,10,0.4,77.68434516,80.04229547,11.48831031,1,3,10,converge
spline,10,3,10,0.5,65.95390792,68.31185824,7.770351871,0,2,10,converge
spline,10,3,10,0.6,65.95390792,68.31185824,7.770351871,0,2,10,converge
spline,10,3,10,0.7,153.9450986,155.2034388,157.6022912,0,3,10,converge
spline,10,3,10,0.8,153.9450986,155.2034388,157.6022912,0,3,10,converge
spline,10,3,10,0.9,73.7235313,73.7235313,11.67501448,0,4,10,converge
spline,10,3,10,1,73.7235313,73.7235313,11.67501448,0,4,10,converge
spline,10,5,3,0.1,44.00414979,44.4202502,13.46746333,0,2,10,converge
spline,10,5,3,0.2,37.89915125,37.89915125,12.51102284,0,4,10,converge
spline,10,5,3,0.3,37.89915125,37.89915125,12.51102284,0,4,10,converge
spline,10,5,3,0.4,37.89915125,37.89915125,12.51102284,0,4,10,converge
spline,10,5,3,0.5,37.89915125,37.89915125,12.51102284,0,4,10,converge
spline,10,5,3,0.6,37.89915125,37.89915125,12.51102284,0,4,10,converge
spline,10,5,3,0.7,37.89915125,37.89915125,12.51102284,0,4,10,converge
spline,10,5,3,0.8,37.89915125,37.89915125,12.51102284,0,4,10,converge
spline,10,5,3,0.9,37.89915125,37.89915125,12.51102284,0,4,10,converge
spline,10,5,3,1,37.89915125,37.89915125,12.51102284,0,4,10,converge
spline,10,5,5,0.1,48.70194431,51.21571465,5.271755857,1,2,10,converge
spline,10,5,5,0.2,59.71880357,61.61110068,9.087810054,0,2,10,converge
spline,10,5,5,0.3,59.71880357,61.61110068,9.087810054,0,2,10,converge
spline,10,5,5,0.4,59.71880357,61.61110068,9.087810054,0,2,10,converge
spline,10,5,5,0.5,108.0162968,109.0612596,68.9716362,0,3,10,converge
spline,10,5,5,0.6,108.0162968,109.0612596,68.9716362,0,3,10,converge
spline,10,5,5,0.7,60.63332388,60.63332388,11.30599318,0,4,10,converge
spline,10,5,5,0.8,60.63332388,60.63332388,11.30599318,0,4,10,converge
spline,10,5,5,0.9,60.63332388,60.63332388,11.30599318,0,4,10,converge
spline,10,5,5,1,60.63332388,60.63332388,11.30599318,0,4,10,converge
spline,10,5,10,0.1,424.9739802,438.4531846,2941.4534,6,0,10,converge
spline,10,5,10,0.2,99.12649125,102.6952181,6.668690022,0,2,10,converge
spline,10,5,10,0.3,99.12649125,102.6952181,6.668690022,0,2,10,converge
spline,10,5,10,0.4,99.12649125,102.6952181,6.668690022,0,2,10,converge
spline,10,5,10,0.5,99.12649125,102.6952181,6.668690022,0,2,10,converge
spline,10,5,10,0.6,99.12649125,102.6952181,6.668690022,0,2,10,converge
spline,10,5,10,0.7,244.7847346,246.6134243,128.2559692,0,3,10,converge
spline,10,5,10,0.8,244.7847346,246.6134243,128.2559692,0,3,10,converge
spline,10,5,10,0.9,117.3589587,117.3589587,10.45603343,0,4,10,converge
spline,10,5,10,1,117.3589587,117.3589587,10.45603343,0,4,10,converge
spline,10,10,3,0.1,68.59090798,70.9488583,8.484283493,0,2,10,converge
spline,10,10,3,0.2,65.53028547,65.53028547,8.884807974,0,4,10,converge
spline,10,10,3,0.3,65.53028547,65.53028547,8.884807974,0,4,10,converge
spline,10,10,3,0.4,65.53028547,65.53028547,8.884807974,0,4,10,converge
spline,10,10,3,0.5,65.53028547,65.53028547,8.884807974,0,4,10,converge
spline,10,10,3,0.6,65.53028547,65.53028547,8.884807974,0,4,10,converge
spline,10,10,3,0.7,65.53028547,65.53028547,8.884807974,0,4,10,converge
spline,10,10,3,0.8,65.53028547,65.53028547,8.884807974,0,4,10,converge
spline,10,10,3,0.9,65.53028547,65.53028547,8.884807974,0,4,10,converge
spline,10,10,3,1,65.53028547,65.53028547,8.884807974,0,4,10,converge
spline,10,10,5,0.1,,,,1,2,10,converge
spline,10,10,5,0.2,101.6764752,105.2452021,7.017612929,0,2,10,converge
spline,10,10,5,0.3,101.6764752,105.2452021,7.017612929,0,2,10,converge
spline,10,10,5,0.4,101.6764752,105.2452021,7.017612929,0,2,10,converge
spline,10,10,5,0.5,101.6764752,105.2452021,7.017612929,0,2,10,converge
spline,10,10,5,0.6,108.8869007,108.8869007,8.826318659,0,4,10,converge
spline,10,10,5,0.7,108.8869007,108.8869007,8.826318659,0,4,10,converge
spline,10,10,5,0.8,108.8869007,108.8869007,8.826318659,0,4,10,converge
spline,10,10,5,0.9,108.8869007,108.8869007,8.826318659,0,4,10,converge
spline,10,10,5,1,108.8869007,108.8869007,8.826318659,0,4,10,converge
spline,10,10,10,0.1,120.9945631,135.7223584,2.947370371,3,1,10,converge
spline,10,10,10,0.2,181.8446389,186.931268,5.913330896,0,2,10,converge
spline,10,10,10,0.3,181.8446389,186.931268,5.913330896,0,2,10,converge
spline,10,10,10,0.4,181.8446389,186.931268,5.913330896,0,2,10,converge
spline,10,10,10,0.5,181.8446389,186.931268,5.913330896,0,2,10,converge
spline,10,10,10,0.6,181.8446389,186.931268,5.913330896,0,2,10,converge
spline,10,10,10,0.7,435.0598722,437.6242261,75.9587598,0,3,10,converge
spline,10,10,10,0.8,435.0598722,437.6242261,75.9587598,0,3,10,converge
spline,10,10,10,0.9,209.2999416,209.2999416,8.109201589,0,4,10,converge
spline,10,10,10,1,209.2999416,209.2999416,8.109201589,0,4,10,converge
