,S_spl,S_spl_smoothed,dS_spl,dS_spl_smoothed,t,Run,I_spl,I_spl_smoothed,dI_spl,dI_spl_smoothed,R_spl,R_spl_smoothed,dR_spl,dR_spl_smoothed
0,0.82412267,0.7528155364908402,-0.4130640577875834,-0.21305217919575298,0.0,0,0.023990208,0.03584079441033095,0.03632074449692182,-0.0028330860609217315,6.8964537877193234e-18,0.05945654690543463,0.37674333046798797,0.21588526326883203
1,0.7834035108891056,0.7316660877404182,-0.4013191244303041,-0.2099367958126887,0.1,0,0.02753021734926298,0.03555611101736078,0.034479442488337814,-0.002860581798481718,0.03717915141391705,0.08089067884668606,0.3668396978103528,0.21279737555619624
2,0.7438588451139391,0.7108281773283026,-0.3895741910730247,-0.20682141242962435,0.2,0,0.03088609649766756,0.03526867805063462,0.0326381404797538,-0.0028880775360417047,0.07336793956207055,0.10201602201667391,0.35693606515271753,0.20970948784356042
3,0.7054886726745005,0.6903018052544934,-0.3778292577157454,-0.20370602904656002,0.30000000000000004,0,0.034057845445213744,0.03497849551015244,0.030796838471169798,-0.0029155732736016906,0.10856636444446058,0.12283257641539813,0.34703243249508237,0.20662160013092457
4,0.6682929935707901,0.6700869715189904,-0.3660843243584661,-0.20059064566349571,0.4,0,0.03704546419190152,0.03468556339591427,0.028955536462585793,-0.0029430690111616766,0.14277442606108706,0.14334034204285878,0.33712879983744726,0.20353371241828874
5,0.6322718078028076,0.6501836761217942,-0.3543393910011867,-0.19747526228043139,0.5,0,0.03984895273773091,0.0343898817079201,0.02711423445400179,-0.0029705647487216634,0.17599212441195003,0.16353931889905587,0.327225167179812,0.20044582470565295
6,0.5974251153705527,0.6305919190629042,-0.34259445764390734,-0.19435987889736708,0.6000000000000001,0,0.042468311082701875,0.03409145044616994,0.025272932445417774,-0.00299806048628165,0.20821945949704945,0.18342950698398938,0.31732153452217676,0.19735793699301712
7,0.563752916274026,0.6113117003423207,-0.330849524286628,-0.1912444955143028,0.7000000000000001,0,0.04490353922681446,0.03379026961066378,0.023431630436833766,-0.0030255562238416366,0.23945643131638536,0.2030109062976594,0.3074179018645416,0.19427004928038133
8,0.5312552105132271,0.5923430199600436,-0.3191045909293486,-0.18812911213123842,0.8,0,0.04715463717006864,0.0334863392014016,0.021590328428249757,-0.0030530519614016226,0.2697030398699578,0.22228351684006561,0.2975142692069064,0.19118216156774545
9,0.49993199808815636,0.573685877916073,-0.30735965757206934,-0.18501372874817412,0.9,0,0.04922160491246441,0.033179659218383444,0.019749026419665756,-0.003080547698961609,0.2989592851577667,0.24124733861120842,0.2876106365492712,0.18809427385510966
10,0.46978327899881334,0.5553402742104088,-0.29561472421478996,-0.18189834536510982,1.0,0,0.05110444245400179,0.03287022966160928,0.017907724411081745,-0.0031080434365215953,0.327225167179812,0.25990237161108753,0.277707003891636,0.1850063861424738
11,0.44080905324519826,0.5373062088430512,-0.28386979085751063,-0.17878296198204552,1.1,0,0.052803149794680766,0.03255805053107914,0.016066422402497737,-0.0031355391740815817,0.3545006859360939,0.27824861583970323,0.26780337123400083,0.18191849842983804
12,0.41300932082731123,0.5195836818139997,-0.27212485750023124,-0.1756675785989812,1.2000000000000002,0,0.05431772693450134,0.032243121826792974,0.014225120393913729,-0.003163034911641568,0.38078584142661226,0.29628607129705525,0.2578997385763656,0.1788306107172022
13,0.386384081745152,0.5021726931232547,-0.2603799241429519,-0.17255219521591686,1.3,0,0.055648173873463505,0.03192544354875081,0.01238381838532972,-0.003190530649201554,0.406080633651367,0.3140147379831436,0.24799610591873042,0.17574272300456636
14,0.36093333599872085,0.48507324277081637,-0.24863499078567253,-0.16943681183285253,1.4000000000000001,0,0.05679449061156728,0.03160501569695266,0.010542516376745713,-0.0032180263867615405,0.4303850626103583,0.33143461589796847,0.2380924732610952,0.17265483529193051
15,0.3366570835880175,0.4682853307566843,-0.23689005742839322,-0.16632142844978823,1.5,0,0.057756677148812656,0.031281838271398514,0.00870121436816171,-0.003245522124321527,0.45369912830358605,0.3485457050415297,0.22818884060346,0.16956694757929475
16,0.3135553245130422,0.4518089570808588,-0.22514512407111387,-0.16320604506672393,1.6,0,0.05853473348519963,0.03095591127208836,0.006859912359577702,-0.0032730178618815137,0.4760228307310503,0.3653480054138275,0.21828520794582482,0.1664790598666589
17,0.29162805877379466,0.4356441217433396,-0.2134001907138345,-0.1600906616836596,1.7000000000000002,0,0.059128659620728205,0.030627234699022208,0.005018610350993692,-0.0033005135994414996,0.4973561698927511,0.38184151701486163,0.20838157528818962,0.1633911721540231
18,0.2708752863702753,0.41979082474412677,-0.20165525735655518,-0.15697527830059527,1.8,0,0.05953845555539836,0.030295808552200054,0.0031773083424096876,-0.0033280093370014856,0.5176991457886883,0.398026239844632,0.19847794263055443,0.16030328444138725
19,0.25129700730248367,0.40424906608322053,-0.1899103239992758,-0.15385989491753094,1.9000000000000001,0,0.059764121289210125,0.02996163283162191,0.0013360063338256796,-0.0033555050745614724,0.5370517584188619,0.41390217390313894,0.1885743099729192,0.15721539672875143
20,0.2328932215704201,0.3890188457606206,-0.17816539064199646,-0.15074451153446664,2.0,0,0.0598056568221635,0.02962470753728776,-0.000505295674758325,-0.0033830008121214583,0.5554140077832721,0.4294693191903823,0.17867067731528402,0.15412750901611563
21,0.2156639291740844,0.3741001637763272,-0.1664204572847171,-0.14762912815140233,2.1,0,0.05966306215425846,0.029285032669197616,-0.0023465976833423365,-0.003410496549681445,0.5727858938819187,0.44472767570636207,0.16876704465764883,0.15103962130347978
22,0.19960913011347667,0.3594930201303401,-0.15467552392743775,-0.144513744768338,2.2,0,0.05933633728549503,0.02894260822735147,-0.004187899691926346,-0.003437992287241431,0.5891674167148019,0.4596772434510783,0.1588634120000136,0.147951733590844
23,0.18472882438859684,0.3451974148226596,-0.14293059057015836,-0.14139836138527367,2.3000000000000003,0,0.0588254822158732,0.02859743421174933,-0.006029201700510356,-0.003465488024801418,0.6045585762819214,0.4743180224245309,0.1489597793423784,0.14486384587820814
24,0.17102301199944497,0.33121334785328543,-0.131185657212879,-0.13828297800220937,2.4000000000000004,0,0.05813049694539296,0.02824951062239119,-0.007870503709094364,-0.003492983762361404,0.6189593725832776,0.48865001262672003,0.1390561466847432,0.14177595816557234
25,0.15849169294602106,0.3175408192222177,-0.1194407238555997,-0.13516759461914507,2.5,0,0.05725138147405432,0.02789883745927705,-0.009711805717678365,-0.0035204794999213903,0.63236980561887,0.5026732140576453,0.129152514027108,0.1386880704529365
26,0.14713486722832506,0.30417982892945655,-0.10769579049832034,-0.13205221123608074,2.6,0,0.05618813580185729,0.027545414722406916,-0.011553107726262377,-0.0035479752374813767,0.6447898753886991,0.5163876267173072,0.11924888136947283,0.13560018274030072
27,0.13695253484635694,0.29113037697500155,-0.09595085714104098,-0.1289368278530164,2.7,0,0.05494075992880184,0.02718924241178077,-0.013394409734846386,-0.003575470975041363,0.6562195818927645,0.5297932506057055,0.10934524871183761,0.13251229502766484
28,0.12794469580011683,0.27839246335885304,-0.08420592378376163,-0.12582144446995208,2.8000000000000003,0,0.05350925385488801,0.02683032052739863,-0.015235711743430393,-0.0036029667126013494,0.6666589251310666,0.5428900857228401,0.0994416160542024,0.12942440731502905
29,0.12011135008960462,0.2659660880810111,-0.07246099042648227,-0.12270606108688775,2.9000000000000004,0,0.05189361758011576,0.026468649069260504,-0.017077013752014397,-0.0036304624501613354,0.676107905103605,0.5556781320687114,0.08953798339656718,0.1263365196023932
30,0.1134524977148204,0.25385125114147566,-0.06071605706920295,-0.11959067770382348,3.0,0,0.05009385110448513,0.026104228037366378,-0.018918315760598402,-0.0036579581877213226,0.6845665218103801,0.5681573896433189,0.07963435073893202,0.1232486318897574
31,0.10796813867576405,0.2420479525402465,-0.04897112371192359,-0.11647529432075916,3.1,0,0.0481099544279961,0.025737057431716243,-0.020759617769182413,-0.003685453925281309,0.6920347752513916,0.5803278584466628,0.06973071808129681,0.12016074417712158
32,0.10365827297243566,0.23055619227732382,-0.03722619035464423,-0.11335991093769482,3.2,0,0.04594192755064864,0.02536713725231011,-0.02260091977776642,-0.0037129496628412954,0.6985126654266394,0.5921895384787432,0.05982708542366161,0.11707285646448576
33,0.10052290060483521,0.21937597035270742,-0.025481256997364882,-0.11024452755463049,3.3000000000000003,0,0.04358977047244279,0.02499446749914798,-0.02444222178635043,-0.003740445400401281,0.7040001923361239,0.6037424297395599,0.0499234527660264,0.11398496875184991
34,0.09856202157296269,0.20850728676639763,-0.01373632364008551,-0.10712914417156619,3.4000000000000004,0,0.04105348319337855,0.024619048172229853,-0.02628352379493444,-0.0037679411379612678,0.7084973559798446,0.6149865322291133,0.040019820108391196,0.11089708103921411
35,0.09777563587681809,0.19795014151839427,-0.0019913902828062047,-0.10401376078850186,3.5,0,0.03833306571345592,0.024240879271555733,-0.028124825803518442,-0.0037954368755212537,0.712004156357802,0.6259218459474029,0.030116187450756032,0.1078091933265783
36,0.09816374351640145,0.18770453460869738,0.00975354307447315,-0.10089837740543758,3.6,0,0.035428518032674876,0.02385996079712561,-0.029966127812102446,-0.003822932613081241,0.7145205934699959,0.636548370894429,0.020212554793120823,0.1047213056139425
37,0.0997263444917127,0.1777704660373067,0.021498476431752515,-0.09778299402237324,3.7,0,0.03233984015103543,0.023476292748939483,-0.031807429820686454,-0.0038504283506412265,0.7160466673164261,0.6468661070701913,0.010308922135485614,0.10163341790130666
38,0.10232381088697419,0.16814793580422266,0.0272049557690334,-0.09466761063930892,3.8000000000000003,0,0.02910280062800411,0.02308987512699736,-0.032101857764029296,-0.0038779240882012133,0.7166862372948944,0.6568750544746902,0.004896871226925922,0.09854553018867082
39,0.10497869430425466,0.158836943909445,0.02589271257657587,-0.0915522272562446,3.9000000000000004,0,0.02596779295368019,0.022700707931299236,-0.03059829572244897,-0.0039054198257611997,0.71716635860368,0.6665752131079254,0.0047055549487851275,0.09545764247603501
40,0.10750235340228934,0.1498374903529738,0.024580469384118342,-0.0884368438731803,4.0,0,0.02298314148351432,0.022308791161845126,-0.029094733680868647,-0.003932915563321185,0.7176273482846514,0.6759665829698972,0.004514238670644333,0.0923697547633992
41,0.10989478818107834,0.14114957513480889,0.023268226191660808,-0.08532146049011596,4.1000000000000005,0,0.020148846217506462,0.021914124818635,-0.027591171639288318,-0.003960411300881173,0.7180692063378088,0.6850491640606053,0.004322922392503538,0.08928186705076334
42,0.11215599864062151,0.13277319825495054,0.02195598299920328,-0.08220607710705163,4.2,0,0.017464907155656652,0.02151670890166888,-0.026087609597708,-0.003987907038441158,0.718491932763152,0.6938229563800498,0.004131606114362744,0.08619397933812753
43,0.11428598478091899,0.12470835971339868,0.02064373980674576,-0.07909069372398735,4.3,0,0.014931324297964876,0.02111654341094677,-0.02458404755612768,-0.004015402776001145,0.7188955275606814,0.7022879599282308,0.00394028983622195,0.08310609162549173
44,0.11628474660197066,0.11695505951015304,0.01933149661428822,-0.075975310340923,4.4,0,0.012548097644431112,0.020713628346468654,-0.023080485514547347,-0.004042898513561131,0.7192799907303965,0.7104441747051482,0.003748973558081154,0.08001820391285588
45,0.11815228410377662,0.10951329764521404,0.018019253421830698,-0.07285992695785871,4.5,0,0.0103152271950554,0.020307963708234542,-0.02157692347296703,-0.004070394251121118,0.7196453222722975,0.7182916007108019,0.00355765727994036,0.07693031620022009
46,0.11988859728633683,0.1023830741185813,0.01670701022937316,-0.06974454357479437,4.6000000000000005,0,0.008232712949837701,0.019899549496244427,-0.0200733614313867,-0.004097889988681104,0.7199915221863846,0.7258302379451922,0.003366341001799564,0.07384242848758424
47,0.12149368614965127,0.09556438893025515,0.015394767036915637,-0.06662916019173007,4.7,0,0.006300554908778054,0.01948838571049832,-0.018569799389806383,-0.00412538572624109,0.7203185904726574,0.7330600864083189,0.0031750247236587707,0.07075454077494844
48,0.12296755069371994,0.0890572420802353,0.0140825238444581,-0.06351377680866571,4.800000000000001,0,0.004518753071876424,0.019074472350996206,-0.01706623734822605,-0.004152881463801076,0.7206265271311164,0.7399811461001818,0.002983708445517975,0.06766665306231259
49,0.12431019091854288,0.08286163356852197,0.012770280652000577,-0.06039839342560144,4.9,0,0.0028873074391328403,0.018657809417738105,-0.015562675306645731,-0.004180377201361063,0.7209153321617611,0.7465934170207813,0.0027923921673771806,0.0645787653496768
50,0.12552160682412006,0.07697756339511508,0.011458037459543052,-0.057283010042537115,5.0,0,0.00140621801054729,0.018238396910724,-0.014059113265065412,-0.004207872938921049,0.7211850055645916,0.7528968991701173,0.0026010758892363864,0.061490877637040975
51,0.12660179841045152,0.07140503156001457,0.010145794267085517,-0.05416762665947278,5.1000000000000005,0,7.548478611975611e-05,0.017816234829953894,-0.012555551223485083,-0.004235368676481036,0.7214355473396085,0.7588915925481895,0.0024097596110955913,0.058402989924405145
52,0.12755076567753718,0.0661440380632205,0.008833551074627993,-0.05105224327640848,5.2,0,-0.0011048922341497314,0.017391323175427794,-0.011051989181904764,-0.004262864414041022,0.7216669574868109,0.7645774971549982,0.002218443332954797,0.05531510221176933
53,0.1283685086253771,0.061194582904732835,0.007521307882170455,-0.04793685989334414,5.300000000000001,0,-0.0021349130502611967,0.01696366194714569,-0.009548427140324429,-0.004290360151601009,0.7218792360061993,0.7699546129905436,0.0020271270548140015,0.0522272144991335
54,0.12905502725397128,0.056556666084551656,0.006209064689712931,-0.04482147651027984,5.4,0,-0.0030145776622146204,0.01653325114510759,-0.008044865098744114,-0.004317855889160995,0.7220723828977738,0.775022940054825,0.0018358107766732077,0.049139326786497683
55,0.1296103215633197,0.052230287602676916,0.004896821497255406,-0.04170609312721553,5.5,0,-0.003743886070010014,0.016100090769313492,-0.006541303057163795,-0.0043453516267209814,0.7222463981615339,0.779782478347843,0.0016444944985324135,0.04605143907386186
56,0.13003439155342236,0.04821544745910857,0.0035845783047978707,-0.0385907097441512,5.6000000000000005,0,-0.00432283827364738,0.015664180819763396,-0.005037741015583465,-0.004372847364280967,0.7224012817974801,0.7842332278695974,0.001453178220391618,0.04296355136122604
57,0.13032723722427925,0.044512145653846674,0.0022723351123403453,-0.03547532636108689,5.7,0,-0.004751434273126709,0.015225521296457298,-0.0035341789740031444,-0.004400343101840954,0.7225370338056124,0.7883751886200883,0.001261861942250824,0.039875663648590215
58,0.1304888585758904,0.04112038218689118,0.0009600919198828103,-0.03235994297802255,5.800000000000001,0,-0.005029674068448007,0.014784112199395202,-0.0020306169324228137,-0.00442783883940094,0.7226536541859303,0.7922083605993155,0.0010705456641100283,0.03678777593595438
59,0.13051925560825584,0.03804015705824215,-0.00035215127257471474,-0.029244559594958253,5.9,0,-0.005157557659611274,0.014339953528577108,-0.0005270548908424951,-0.004455334576960927,0.7227511429384343,0.7957327438072791,0.0008792293859692343,0.03369988822331857
60,0.13041842832137546,0.03527147026789956,-0.0016643944650322393,-0.026129176211893937,6.0,0,-0.005135085046616507,0.01389304528400302,0.000976507150737823,-0.004482830314520913,0.7228295000631242,0.7989483382439793,0.0006879131078284404,0.03061200051068276
61,0.13018637671524938,0.032814321815863357,-0.002976637657489776,-0.023013792828829614,6.1000000000000005,0,-0.004962256229463707,0.013443387465672928,0.0024800691923181546,-0.004510326052080899,0.7228887255600001,0.8018551439094155,0.0004965968296876447,0.027524112798046924
62,0.12982310078987752,0.03066871170213363,-0.0042888808499473,-0.0198984094457653,6.2,0,-0.0046390712081528784,0.01299098007358684,0.003983631233898472,-0.004537821789640886,0.7229288194290617,0.8044531608035885,0.0003052805515468508,0.024436225085411115
63,0.12934655082277188,0.02883463992671033,-0.004864683498895346,-0.016783026062700962,6.300000000000001,0,-0.004185662733204768,0.012535823107744745,0.004661213079575911,-0.0045653175272008725,0.7229519640862153,0.8067423889264979,0.0002035015830570916,0.021348337372775278
64,0.12887000461541204,0.027312106489593424,-0.004666240648301616,-0.01366764267963666,6.4,0,-0.0037290814151298636,0.012077916568146663,0.004470413281922206,-0.0045928132647608585,0.7229719319801358,0.8087228282781436,0.00019585629535034894,0.01826044966013947
65,0.12841330269311158,0.02610111139078297,-0.004467797797707884,-0.010552259296572358,6.5,0,-0.00329158007682033,0.011617260454792583,0.004279613484268502,-0.004620309002320844,0.7229911353452855,0.8103944788585258,0.00018821100764360627,0.01517256194750366
66,0.12797644505587047,0.025201654630278986,-0.004269354947114152,-0.007436875913508015,6.6000000000000005,0,-0.002873158718276163,0.011153854767682493,0.0040888136866147964,-0.004647804739880831,0.7230095741816644,0.8117573406676444,0.0001805657199368635,0.01208467423486781
67,0.12755943170368875,0.024613736208081355,-0.004070912096520422,-0.004321492530443727,6.7,0,-0.00247381733949737,0.010687699506816414,0.003898013888961092,-0.004675300477440817,0.7230272484892728,0.8128114137054994,0.00017292043223012085,0.008996786522232014
68,0.12716226263656638,0.024337356124190218,-0.003872469245926689,-0.0012061091473793695,6.800000000000001,0,-0.0020935559404839446,0.010218794672194331,0.003707214091307386,-0.004702796215000804,0.7230441582681104,0.8135566979720907,0.0001652751445233781,0.005908898809596164
69,0.12678493785450337,0.024372514378605506,-0.003674026395332959,0.0019092742356849185,6.9,0,-0.0017323745212358918,0.009747140263816253,0.0035164142936536815,-0.00473029195256079,0.7230603035181773,0.8139931934674185,0.00015762985681663544,0.0028210110969603686
70,0.1264274573574998,0.024719210971327232,-0.0034755835447392285,0.00502465761874922,7.0,0,-0.0013902730817532104,0.009272736281682176,0.003325614495999978,-0.004757787690120776,0.7230756842394738,0.8141209001914829,0.0001499845691098928,-0.0002668766156754404
71,0.12608982114555556,0.02537744590235537,-0.0032771406941454963,0.008140041001813557,7.1000000000000005,0,-0.0010672516220358963,0.008795582725792095,0.0031348146983462715,-0.004785283427680763,0.7230903004319995,0.8139398181442834,0.00014233928140315003,-0.003354764328311277
72,0.1257720292186707,0.02634721917168993,-0.003078697843551765,0.01125542438487788,7.2,0,-0.0007633101420839553,0.008315679596146021,0.002944014900692567,-0.00481277916524075,0.7231041520957544,0.8134499473258205,0.00013469399369640735,-0.0064426520409471
73,0.12547408157684517,0.027628530779330918,-0.002880254992958033,0.014370807767942202,7.300000000000001,0,-0.00047844864189738255,0.007833026892743945,0.0027532151030388616,-0.0048402749028007355,0.7231172392307387,0.8126512877360941,0.00012704870598966462,-0.009530539753582923
74,0.12519597822007908,0.02922138072527837,-0.002681812142364303,0.017486191151006518,7.4,0,-0.00021266712147618254,0.0073476246155858745,0.0025624153053851574,-0.0048677706403607215,0.7231295618369523,0.8115438393751039,0.00011940341828292197,-0.012618427466218753
75,0.12493771914837234,0.031125769009532234,-0.002483369291770572,0.020601574534070813,7.5,0,3.403441917964651e-05,0.0068594727646718034,0.002371615507731453,-0.004895266377920707,0.7231411199143953,0.8101276022428502,0.00011175813057617931,-0.015706315178854548
76,0.12469930436172495,0.03334169563209255,-0.0022849264411768395,0.023716957917135156,7.6000000000000005,0,0.0002616559800701081,0.006368571340001732,0.0021808157100777466,-0.004922762115480694,0.7231519134630675,0.808402576339333,0.00010411284286943657,-0.01879420289149039
77,0.12448073386013697,0.03586916059295926,-0.0020864835905831094,0.026832341300199458,7.7,0,0.00047019756119519654,0.005874920341575664,0.001990015912424043,-0.004950257853040681,0.7231619424829691,0.8063687616645521,9.646755516269388e-05,-0.021882090604126193
78,0.12428200764360833,0.038708163892132455,-0.0018880407399893765,0.029947724683263788,7.800000000000001,0,0.0006596591625549162,0.005378519769393595,0.0017992161147703364,-0.004977753590600668,0.7231712069741001,0.8040261582185078,8.882226745595114e-05,-0.024969978316762037
79,0.12410312571213908,0.041858705529612,-0.0016895978893956463,0.0330631080663281,7.9,0,0.0008300407841492644,0.00487936962345553,0.0016084163171166325,-0.005005249328160653,0.7231797069364603,0.8013747660011996,8.117697974920848e-05,-0.028057866029397846
80,0.12394408806572922,0.045320785505398045,-0.0014911550388019158,0.036178491449392405,8.0,0,0.0009813424259782421,0.004377469903761468,0.0014176165194629282,-0.00503274506572064,0.72318744237005,0.7984145850126281,7.353169204246581e-05,-0.031145753742033655
81,0.12380489470437872,0.0490944038194905,-0.0012927121882081855,0.03929387483245672,8.1,0,0.0011135640880418492,0.0038728206103114046,0.001226816721809224,-0.005060240803280627,0.7231944132748689,0.7951456152527931,6.588640433572316e-05,-0.034233641454669464
82,0.12368554562808756,0.05317956047188942,-0.0010942693376144509,0.04240925821552107,8.200000000000001,0,0.0012267057703400873,0.0033654217431053363,0.0010360169241555163,-0.0050877365408406134,0.723200619650917,0.7915678567216943,5.8241116628980325e-05,-0.037321529167305335
83,0.12358604083685579,0.05757625546259473,-0.0008958264870207206,0.04552464159858537,8.3,0,0.0013207674728729533,0.0028552733021432767,0.0008452171265018122,-0.0051152322784005985,0.7232060614981946,0.7876813094193319,5.059582892223767e-05,-0.04040941687994114
84,0.12350638033068342,0.06228448879160649,-0.0006973836364269897,0.04864002498164969,8.4,0,0.001395749195640449,0.0023423752874252197,0.0006544173288481078,-0.005142728015960585,0.7232107388167015,0.783485973345706,4.295054121549499e-05,-0.04349730459257695
85,0.12344656410957042,0.06730426045892467,-0.0004989407858332594,0.051755408364714,8.5,0,0.0014516509386425743,0.0018267276989511628,0.0004636175311944037,-0.005170223753520571,0.7232146516064377,0.7789818485008166,3.5305253508752336e-05,-0.04658519230521276
86,0.12340659217351677,0.07263557046454924,-0.0003004979352395291,0.0548707917477783,8.6,0,0.0014884727018793298,0.0013083305367211093,0.0002728177335406996,-0.005197719491080558,0.7232177998674032,0.7741689348846634,2.7659965802009663e-05,-0.04967308001784858
87,0.12338646452252253,0.07827841880848034,-0.00010205508464579448,0.05798617513084266,8.700000000000001,0,0.001506214485350715,0.0007871838007350472,8.201793588699159e-05,-0.005225215228640544,0.7232201835995982,0.7690472324972467,2.001467809526685e-05,-0.052760967730484436
88,0.12338618115658763,0.08423280549071782,9.63877659479358e-05,0.06110155851390697,8.8,0,0.0015048762890567282,0.0002632874909929946,-0.00010878186176671231,-0.005252710966200531,0.7232218028030224,0.7636167413385666,1.2369390388524184e-05,-0.05584885544312025
89,0.12340574207571209,0.09049873051126173,0.0002948306165416665,0.06421694189697127,8.9,0,0.001484458112997372,-0.00026335839250505623,-0.00029958165942041664,-0.005280206703760517,0.7232226574776757,0.7578774614086229,4.724102681781512e-06,-0.05893674315575606
90,0.12344514727989593,0.09707619387011203,0.0004932734671353968,0.06733232528003558,9.0,0,0.0014449599571726452,-0.0007927538497591044,-0.0004903814570741208,-0.005307702441320504,0.7232227476235586,0.7518293927074153,-2.9211850249611537e-06,-0.062024630868391877
91,0.12350439676913919,0.1039651955672688,0.0006917163177291275,0.07044770866309988,9.1,0,0.0013863818215825482,-0.001324898880769153,-0.0006811812547278251,-0.00533519817888049,0.7232220732406709,0.7454725352349445,-1.0566472731703833e-05,-0.06511251858102769
92,0.12358349054344178,0.11116573560273212,0.0008901591683228615,0.07356309204616425,9.200000000000001,0,0.0013087237062270793,-0.0018597934855352095,-0.0008719810523815327,-0.005362693916440476,0.7232206343290124,0.7388068889912098,-1.8211760438446633e-05,-0.06820040629366354
93,0.12368242860280376,0.11867781397650173,0.001088602018916592,0.07667847542922855,9.3,0,0.0012119856111062412,-0.002397437664057254,-0.0010627808500352368,-0.005390189654000463,0.7232184308885832,0.7318324539762118,-2.58570481451893e-05,-0.07128829400629935
94,0.12380121094722511,0.12650143068857778,0.001287044869510323,0.07979385881229285,9.4,0,0.0010961675362200325,-0.002937831416335298,-0.0012535806476889411,-0.005417685391560449,0.7232154629193833,0.72454923018995,-3.350233585193198e-05,-0.07437618171893517
95,0.12393983757670582,0.1346365857389602,0.001485487720104053,0.08290924219535717,9.5,0,0.0009612694815684538,-0.003480974742369339,-0.0014443804453426455,-0.005445181129120435,0.7232117304214127,0.7169572176324247,-4.114762355867464e-05,-0.07746406943157098
96,0.12409830849124591,0.1430832791276493,0.001683930570697787,0.08602462557842153,9.600000000000001,0,0.0008072914471515018,-0.004026867642159391,-0.001635180242996353,-0.005472676866680422,0.7232072333946715,0.7090564163036357,-4.879291126541744e-05,-0.08055195714420683
97,0.12427662369084538,0.15184151085464465,0.0018823734212915176,0.08914000896148583,9.700000000000001,0,0.0006342334329691818,-0.004575510115705431,-0.0018259800406500574,-0.005500172604240409,0.7232019718391598,0.7008468262035834,-5.6438198972160116e-05,-0.08363984485684266
98,0.1244747831755042,0.16091128091994641,0.0020808162718852483,0.09225539234455013,9.8,0,0.00044209543902149157,-0.005126902163007469,-0.0020167798383037613,-0.005527668341800394,0.7231959457548771,0.6923284473322672,-6.408348667890279e-05,-0.08672773256947847
99,0.1246927869452224,0.1702925893235546,0.002279259122478979,0.09537077572761445,9.9,0,0.00023087746530843097,-0.005681043784065505,-0.002207579635957466,-0.005555164079360382,0.7231891551418238,0.6835012796896877,-7.172877438564545e-05,-0.08981562028211429
100,0.9738791999999998,0.8749329823040247,-0.5546544762996836,-0.2737194075963106,0.0,1,0.04955608799999999,0.052555680457768705,-0.0008334682637813744,-0.012680970827549997,-2.7585815150877294e-17,0.09594663064291277,0.555487962045275,0.2864003764382159
101,0.9192254743994981,0.8477631373774971,-0.5384200357103496,-0.2696774909342443,0.1,1,0.049450931090371346,0.05129494622474405,-0.0012696699287915506,-0.012533713832943216,0.05475888421719641,0.12437720960931678,0.5396897222986534,0.28221120288986423
102,0.8661951928579299,0.820997484117176,-0.5221855951210155,-0.265635574272178,0.2,1,0.049302154014241685,0.050048937691180066,-0.0017058715938017266,-0.012386456838336434,0.10793794445973065,0.15238887122088565,0.5238914825520318,0.27802202934151254
103,0.814788355375295,0.7946360225230614,-0.5059511545316814,-0.26159365761011166,0.30000000000000004,1,0.049109756771610995,0.04881765485707676,-0.002142073258811903,-0.012239199843729651,0.15953718072760278,0.1799816154776193,0.5080932428054102,0.2738328557931608
104,0.7650049619515938,0.7686787525951535,-0.48971671394234734,-0.2575517409480453,0.4,1,0.04887373936247931,0.047601097722434135,-0.002578274923822079,-0.012091942849122869,0.20955659302081273,0.2071554423795178,0.49229500305878876,0.2696436822448091
105,0.7168450125868258,0.7431256743334523,-0.4734822733530133,-0.253509824285979,0.5,1,0.048594101786846595,0.04639926628725219,-0.003014476588832255,-0.01194468585451609,0.25799618133936053,0.23391035192658113,0.4764967633121672,0.2654545086964574
106,0.6703085072809911,0.7179767877379578,-0.45724783276367914,-0.2494679076239127,0.6000000000000001,1,0.048270844044712845,0.04521216055153091,-0.003450678253842431,-0.011797428859909306,0.30485594568324625,0.2602463441188093,0.4606985235655456,0.26126533514810574
107,0.6253954460340899,0.6932320928086699,-0.4410133921743451,-0.24542599096184642,0.7000000000000001,1,0.0479039661360781,0.044039780515270334,-0.003886879918852607,-0.011650171865302527,0.3501358860524697,0.28616341895620234,0.44490028381892394,0.25707616159975405
108,0.582105828846122,0.6688915895455885,-0.424778951585011,-0.24138407429978004,0.8,1,0.047493468060942325,0.042882126178470405,-0.004323081583862783,-0.01150291487069574,0.39383600244703104,0.3116615764387601,0.4291020440723024,0.2528869880514023
109,0.5404396557170879,0.6449552779487137,-0.408544510995677,-0.23734215763771377,0.9,1,0.04703934981930555,0.04173919754113117,-0.004759283248872959,-0.011355657876088962,0.4359562948669302,0.3367408165664827,0.4133038043256809,0.24869781450305056
110,0.5003969266469867,0.6214231580180456,-0.39231007040634286,-0.23330024097564742,1.0,1,0.046541611411167735,0.04061099460325262,-0.005195484913883135,-0.011208400881482177,0.47649676331216717,0.3614011393393702,0.3975055645790593,0.2445086409546989
111,0.4619776416358191,0.5982952297535844,-0.3760756298170088,-0.22925832431358115,1.1,1,0.04600025283652892,0.03949751736483475,-0.005631686578893311,-0.011061143886875398,0.5154574077827421,0.38564254475742255,0.3817073248324377,0.2403194674063472
112,0.42518180068358497,0.5755714931553294,-0.3598411892276748,-0.22521640765151485,1.2000000000000002,1,0.04541527409538908,0.03839876582587754,-0.006067888243903487,-0.010913886892268616,0.5528382282786548,0.40946503282063973,0.36590908508581615,0.23613029385799547
113,0.3900094037902841,0.5532519482232812,-0.3436067486383406,-0.2211744909894485,1.3,1,0.044786675187748225,0.03731473998638101,-0.006504089908913663,-0.010766629897661834,0.5886392247999053,0.43286860352902157,0.35011084533919457,0.23194112030964376
114,0.35646045095591683,0.5313365949574398,-0.3273723080490066,-0.21713257432738217,1.4000000000000001,1,0.04411445611360635,0.03624543984634517,-0.006940291573923839,-0.010619372903055051,0.6228603973464937,0.4558532568825684,0.33431260559257303,0.22775194676129207
115,0.3245349421804829,0.509825433357805,-0.31113786745967253,-0.21309065766531587,1.5,1,0.04339861687296346,0.03519086540577001,-0.007376493238934015,-0.01047211590844827,0.6555017459184199,0.47841899288128004,0.31851436584595144,0.22356277321294038
116,0.2942328774639824,0.48871846342437664,-0.29490342687033844,-0.20904874100324958,1.6,1,0.04263915746581955,0.034151016664655524,-0.007812694903944192,-0.01032485891384149,0.686563270515684,0.5005658115251566,0.3027161260993299,0.2193735996645887
117,0.2655542568064152,0.468015685157155,-0.2786689862810044,-0.20500682434118322,1.7000000000000002,1,0.04183607789217462,0.03312589362300171,-0.008248896568954368,-0.010177601919234705,0.716044971138286,0.522293712814198,0.2869178863527083,0.21518442611623698
118,0.23849908020778152,0.4477170985561399,-0.2624345456916703,-0.2009649076791169,1.8,1,0.040989378152028674,0.03211549628080857,-0.008685098233964543,-0.010030344924627923,0.7439468477862257,0.5436026967484039,0.2711196466060868,0.21099525256788523
119,0.2130673476680811,0.4278227036213316,-0.2462001051023362,-0.1969229910170506,1.9000000000000001,1,0.0400990582453817,0.031119824638076124,-0.009121299898974719,-0.009883087930021142,0.7702689004595031,0.5644927633277749,0.2553214068594652,0.20680607901953357
120,0.18925905918731423,0.4083325003527299,-0.22996566451300215,-0.1928810743549843,2.0,1,0.03916511817223373,0.030138878694804354,-0.009557501563984895,-0.009735830935414361,0.7950111291581188,0.5849639125523105,0.23952316711284363,0.20261690547118183
121,0.16707421476548068,0.38924648875033474,-0.21373122392366808,-0.18883915769291798,2.1,1,0.03818755793258472,0.029172658450993254,-0.00999370322899507,-0.009588573940807577,0.8181735338820719,0.6050161444220112,0.22372492736622204,0.19842773192283011
122,0.14651281440258063,0.3705646688141462,-0.197496783334334,-0.18479724103085166,2.2,1,0.03716637752643471,0.02822116390664283,-0.010429904894005249,-0.009441316946200796,0.8397561146313632,0.6246494589368766,0.20792668761960048,0.19423855837447843
123,0.12757485809861388,0.3522870405441644,-0.1812623427449999,-0.18075532436878533,2.3000000000000003,1,0.03610157695378367,0.027284395061753095,-0.010866106559015425,-0.009294059951594014,0.859758871405992,0.6438638560969069,0.1921284478729789,0.1900493848261267
124,0.11026034585358059,0.3344136039403891,-0.16502790215566582,-0.176713407706719,2.4000000000000004,1,0.03499315621463162,0.02636235191632403,-0.0113023082240256,-0.009146802956987232,0.878181804205959,0.662659335902102,0.1763302081263573,0.18586021127777502
125,0.09456927766748077,0.3169443590028206,-0.14879346156633178,-0.17267149104465274,2.5,1,0.033841115308978556,0.025455034470355648,-0.011738509889035775,-0.008999545962380449,0.8950249130312635,0.6810358983524618,0.16053196837973577,0.1816710377294233
126,0.08050165354031429,0.2998793057314587,-0.13255902097699773,-0.1686295743825864,2.6,1,0.032645454236824474,0.024562442723847944,-0.012174711554045953,-0.00885228896777367,0.9102881978819062,0.6989935434479867,0.1447337286331142,0.17748186418107165
127,0.06805747347208121,0.28321844412630326,-0.1163245803876636,-0.1645876577205201,2.7,1,0.03140617299816936,0.02368457667680091,-0.012610913219056129,-0.008705031973166888,0.9239716587578863,0.7165322711886761,0.12893548888649262,0.1732926906327199
128,0.05723673746278155,0.2669617741873545,-0.10009013979832956,-0.16054574105845376,2.8000000000000003,1,0.030123271593013243,0.022821436329214555,-0.013047114884066303,-0.008557774978560105,0.9360752956592046,0.7336520815745307,0.11313724913987105,0.1691035170843682
129,0.048039445512415284,0.2511092959146125,-0.08385569920899544,-0.15650382439638744,2.9000000000000004,1,0.028796750021356097,0.02197302168108889,-0.013483316549076479,-0.008410517983953323,0.9465991085858605,0.75035297460555,0.09733900939324945,0.1649143435360165
130,0.04046559762098247,0.23566100930807715,-0.06762125861966142,-0.15246190773432114,3.0,1,0.027426608283197953,0.0211393327324239,-0.013919518214086655,-0.008263260989346542,0.9555430975378545,0.766634950281734,0.08154076964662793,0.1607251699876648
131,0.03451519378848303,0.22061691436774838,-0.05138681803032734,-0.14841999107225484,3.1,1,0.02601284637853878,0.020320369483219587,-0.014355719879096831,-0.008116003994739761,0.9629072625151863,0.7824980086030829,0.06574252990000634,0.1565359964393131
132,0.030188234014917,0.2059770110936262,-0.03515237744099325,-0.14437807441018852,3.2,1,0.02455546430737858,0.01951613193347595,-0.014791921544107009,-0.007968747000132977,0.9686916035178557,0.7979421495695966,0.04994429015338476,0.1523468228909614
133,0.027484718300284372,0.19174129948571056,-0.018917936851659177,-0.14033615774812216,3.3000000000000003,1,0.02305446206971737,0.018726620083192983,-0.015228123209117185,-0.007821490005526194,0.9728961205458632,0.8129673731812752,0.03414605040676319,0.14815764934260964
134,0.02640464664458516,0.1779097795440017,-0.002683496262325079,-0.13629424108605587,3.4000000000000004,1,0.021509839665555138,0.017951833932370705,-0.01566432487412736,-0.007674233010919414,0.9755208135992084,0.8275736794381187,0.018347810660141593,0.14396847579425798
135,0.026948019047819346,0.1644824512684994,0.013550944327008936,-0.13225232442398957,3.5,1,0.019921597094891903,0.017191773481009105,-0.016100526539137537,-0.007526976016312632,0.9765656826778915,0.8417610683401268,0.002549570913520087,0.1397793022459063
136,0.02911483550998696,0.1514593146592039,0.029785384916343024,-0.12821040776192327,3.6,1,0.018289734357727638,0.01644643872910819,-0.016536728204147713,-0.007379719021705851,0.9760307277819125,0.8555295398872999,-0.0132486688331015,0.1355901286975546
137,0.03290509603108795,0.13884036971611477,0.046019825505677105,-0.12416849109985692,3.7,1,0.016614251454062354,0.015715829676667934,-0.01697292986915789,-0.007232462027099068,0.973915948911271,0.8688790940796377,-0.02904690857972308,0.13140095514920286
138,0.03811783436304464,0.12662561643923242,0.053563128353467576,-0.12012657443779062,3.8000000000000003,1,0.014908317153489514,0.014999946323688368,-0.016839625004996334,-0.007085205032492287,0.9704091435641865,0.8818097309171403,-0.036723516260516155,0.12721178160085114
139,0.04334621050450291,0.11481505482855664,0.05100439447569771,-0.11608465777572428,3.9000000000000004,1,0.013264117840588133,0.014298788670169477,-0.016044361253031287,-0.006937948037885504,0.9668249654955833,0.8943214503998079,-0.03496004511154762,0.12302260805249945
140,0.04831871325818417,0.10340868488408766,0.04844566059792786,-0.11204274111365801,4.0,1,0.01169944490288326,0.013612356716111274,-0.015249097501066242,-0.006790691043278724,0.9634171345418768,0.9064142525276403,-0.03319657396257909,0.11883343450414777
141,0.05303534262408849,0.09240650660582506,0.04588692672015799,-0.10800082445159165,4.1000000000000005,1,0.010214298340374883,0.012940650461513733,-0.014453833749101194,-0.00664343404867194,0.9601856507030675,0.9180881373006375,-0.03143310281361055,0.11464426095579602
142,0.057496098602215766,0.08180851999376923,0.04332819284238814,-0.10395890778952535,4.2,1,0.008808678153063017,0.01228366990637688,-0.013658569997136147,-0.006496177054065157,0.9571305139791547,0.9293431047187993,-0.029669631664642027,0.11045508740744434
143,0.0617009811925661,0.07161472504792009,0.04076945896461829,-0.09991699112745905,4.3,1,0.007482584340947661,0.011641415050700706,-0.012863306245171104,-0.0063489200594583775,0.954251724370139,0.9401791547821263,-0.027906160515673503,0.10626591385909265
144,0.06564999039513944,0.0618251217682774,0.03821072508684842,-0.0958750744653927,4.4,1,0.006236016904028794,0.011013885894485202,-0.012068042493206052,-0.006201663064851594,0.95154928187602,0.950596287490618,-0.026142689366704962,0.10207674031074093
145,0.06934312620993578,0.0524397101548415,0.03565199120907857,-0.0918331578033264,4.5,1,0.005068975842306446,0.010401082437730386,-0.01127277874124101,-0.0060544060702448135,0.9490231864967981,0.9605945028442744,-0.024379218217736438,0.09788756676238924
146,0.07278038863695516,0.04345849020761208,0.03309325733130869,-0.08779124114126008,4.6000000000000005,1,0.00398146115578059,0.00980300468043624,-0.01047751498927596,-0.00590714907563803,0.9466734382324729,0.9701738008430958,-0.022615747068767896,0.09369839321403749
147,0.07596177767619752,0.03488146192658949,0.030534523453538846,-0.08374932447919378,4.7,1,0.002973472844451252,0.009219652622602782,-0.009682251237310915,-0.00575989208103125,0.9445000370830445,0.9793341814870821,-0.020852275919799372,0.08950921966568583
148,0.07888729332766294,0.026708625311773364,0.027975789575768968,-0.07970740781712743,4.800000000000001,1,0.002045010908318408,0.00865102626422999,-0.008886987485345865,-0.005612635086424466,0.9425029830485129,0.9880756447762329,-0.01908880477083083,0.08532004611733407
149,0.08155693559135133,0.01893998036316396,0.025417055697999118,-0.07566549115506113,4.9,1,0.0011960753473820758,0.008097125605317886,-0.008091723733380822,-0.005465378091817686,0.9406822761288782,0.9963981907105488,-0.017325333621862303,0.08113087256898242
150,0.08397070446726274,0.01157552708076117,0.022858321820229267,-0.07162357449299483,5.0,1,0.0004266661616422492,0.007557950645866456,-0.007296459981415775,-0.005318121097210904,0.9390379163241405,1.0043018192900295,-0.015561862472893779,0.07694169902063071
151,0.0861285999553972,0.00461526546456497,0.020299587942459396,-0.06758165783092851,5.1000000000000005,1,-0.0002632166489010804,0.007033501385875703,-0.0065011962294507265,-0.005170864102604122,0.9375699036342997,1.011786530514675,-0.01379839132392524,0.07275252547227898
152,0.08803062205575463,-0.001940804485424552,0.017740854064689546,-0.0635397411688622,5.2,1,-0.0008735730842478983,0.006523777825345632,-0.0057059324774856824,-0.00502360710799734,0.9362782380593554,1.0188523243844854,-0.012034920174956713,0.0685633519239273
153,0.08967677076833509,-0.008092682769207514,0.015182120186919668,-0.059497824506795874,5.300000000000001,1,-0.0014044031443982163,0.006028779964276234,-0.0049106687255206305,-0.004876350113390557,0.9351629195993083,1.0254992008994606,-0.010271449025988172,0.06437417837557556
154,0.09106704609313858,-0.013840369386783735,0.01262338630914982,-0.05545590784472956,5.4,1,-0.0018557068293520262,0.005548507802667519,-0.004115404973555587,-0.0047290931187837755,0.9342239482541579,1.0317271600596003,-0.008507977877019648,0.06018500482722389
155,0.09220144803016504,-0.019183864338153354,0.010064652431379967,-0.05141399118266325,5.5,1,-0.002227484139109331,0.005082961340519481,-0.0033201412215905436,-0.004581836124176994,0.9334613240239042,1.037536201864905,-0.006744506728051121,0.0559958312788722
156,0.09307997657941455,-0.02412316762331637,0.007505918553610097,-0.04737207452059691,5.6000000000000005,1,-0.0025197350736701346,0.004632140577832118,-0.0025248774696254935,-0.004434579129570212,0.9328750469085476,1.0429263263153747,-0.0049810355790825805,0.051806657730520456
157,0.09370263174088708,-0.028658279242272752,0.004947184675840243,-0.04333015785853063,5.7,1,-0.0027324596330344313,0.004196045514605438,-0.0017296137176604485,-0.004287322134963431,0.9324651169080879,1.0478975334110094,-0.0032175644301140538,0.04761748418216877
158,0.0940694135145826,-0.03278919919502253,0.0023884507980703705,-0.03928824119646429,5.800000000000001,1,-0.002865657817202224,0.0037746761508394323,-0.0009343499656953979,-0.004140065140356648,0.9322315340225247,1.0524498231518087,-0.001454093281145515,0.04342831063381704
159,0.09418032190050116,-0.03651592748156562,-0.0001702830796994799,-0.035246324534397994,5.9,1,-0.0029193296261735115,0.0033680324865341077,-0.0001390862137303538,-0.003992808145749867,0.9321742982518588,1.056583195537773,0.0003093778678230118,0.03923913708546535
160,0.0940353568986427,-0.0398384641019021,-0.0027290169574693303,-0.031204407872331683,6.0,1,-0.0028934750599482945,0.0029761145216894614,0.0006561775382346896,-0.003845551151143086,0.9322934095960893,1.0602976505689017,0.002072849016791537,0.03504996353711366
161,0.0936345185090073,-0.042756809056031964,-0.005287750835239204,-0.027162491210265344,6.1000000000000005,1,-0.0027880941185265727,0.0025989222563054886,0.0014514412901997407,-0.0036982941565363026,0.932588868055217,1.0635931882451954,0.0038363201657600782,0.030860789988761947
162,0.09297780673159489,-0.04527096234395518,-0.007846484713009055,-0.023120574548199047,6.2,1,-0.0026031868019083474,0.0022364556903822002,0.0022467050421647846,-0.0035510371619295214,0.9330606736292415,1.0664698085666542,0.005599791314728603,0.026671616440410245
163,0.09209998171366436,-0.047380923965671756,-0.008979124664223419,-0.019078657886132708,6.300000000000001,1,-0.002349466244791843,0.0018887148239195848,0.002602444294600874,-0.0034037801673227385,0.9336847792917498,1.0689275115332775,0.00637669246834984,0.022482442892058516
164,0.09122040235136473,-0.04908669392118173,-0.008612462581769625,-0.01503674122406641,6.4,1,-0.0020945392206523365,0.0015556996569176514,0.0024960961881892833,-0.0032565231727159573,0.9343094328326501,1.0709662971450657,0.00611637834965526,0.018293269343706828
165,0.09037748919731045,-0.050388272210485086,-0.008245800499315831,-0.010994824562000113,6.5,1,-0.0018502470071539883,0.0012374101893763958,0.002389748081777693,-0.003109266178109176,0.9349080549616808,1.0725861654020188,0.005856064230960681,0.014104095795355154
166,0.08957124225150155,-0.05128565883358173,-0.007879138416862032,-0.006952907899933761,6.6000000000000005,1,-0.0016165896042967972,0.000933846421295816,0.0022833999753661014,-0.002962009183502393,0.935480645678842,1.0737871163041368,0.0055957501122661,0.00991492224700341
167,0.08880166151393805,-0.05177885379047181,-0.00751247633440824,-0.0029109912378674774,6.7,1,-0.0013935670120807677,0.0006450083526759161,0.0021770518689545114,-0.002814752188895612,0.9360272049841339,1.0745691498514196,0.005335435993571522,0.005725748698651736
168,0.0880687469846199,-0.05186785708115525,-0.007145814251954441,0.0011309254241988753,6.800000000000001,1,-0.0011811792305058953,0.0003708959835166927,0.0020707037625429196,-0.0026674951942888296,0.9365477328775563,1.0749322660438672,0.005075121874876941,0.001536575150299993
169,0.08737249866354714,-0.051552668705632035,-0.006779152169500647,0.005172842086265145,6.9,1,-0.000979426259572183,0.0001115093138181508,0.0019643556561313295,-0.002520238199682049,0.9370422293591093,1.0748764648814795,0.004814807756182362,-0.002652598398051681
170,0.08671291655071978,-0.0508332886639022,-0.006412490087046854,0.009214758748331456,7.0,1,-0.0007883080992796306,-0.00013315165641971337,0.001858007549719739,-0.0023729812050752672,0.9375106944287929,1.074401746364257,0.004554493637487784,-0.006841771946403369
171,0.08609000064613778,-0.04970971695596571,-0.0060458280045930565,0.013256675410397795,7.1000000000000005,1,-0.0006078247496282353,-0.0003630869271969024,0.0017516594433081476,-0.002225724210468484,0.937953128086607,1.0735081104921989,0.004294179518793203,-0.011030945494755098
172,0.08550375094980116,-0.04818195358182263,-0.0056791659221392616,0.017298592072464106,7.2,1,-0.0004379762106180003,-0.0005782964985134119,0.001645311336896557,-0.0020784672158617023,0.9383695303325515,1.0721955572653057,0.004033865400098624,-0.0152201190431068
173,0.08495416746170992,-0.04624999854147295,-0.005312503839685465,0.02134050873453043,7.300000000000001,1,-0.0002787624822489235,-0.0007787803703692441,0.0015389632304849657,-0.0019312102212549205,0.9387599011666266,1.0704640866835775,0.0037735512814040424,-0.019409292591458516
174,0.08444125018186407,-0.04391385183491657,-0.00494584175723167,0.02538242539659674,7.4,1,-0.00013018356452100695,-0.0009645385427643964,0.0014326151240733754,-0.0017839532266481384,0.9391242405888324,1.068313698747014,0.0035132371627094646,-0.023598466139810217
175,0.0839649991102636,-0.04117351346215359,-0.004579179674777877,0.02942434205866304,7.5,1,7.760542565750623e-06,-0.0011355710156988703,0.001326267017661785,-0.0016366962320413575,0.9394625485991684,1.0657443934556154,0.003252923044014886,-0.02778763968816189
176,0.08352541424690849,-0.03802898342318395,-0.0042125175923240785,0.03346625872072938,7.6000000000000005,1,0.00013506983901135023,-0.0012918777891726676,0.0012199189112501935,-0.0014894392374345746,0.9397748251976352,1.0627561708093818,0.0029926089253203047,-0.031976813236513635
177,0.08312249559179877,-0.03448026171800771,-0.0038458555098702845,0.037508175382795675,7.7,1,0.00025174432481578953,-0.0014334588631857853,0.0011135708048386028,-0.0013421822428277932,0.9400610703842325,1.0593490308083127,0.0027322948066257255,-0.03616598678486531
178,0.08275624314493443,-0.030527348346624794,-0.003479193427416487,0.04155009204486202,7.800000000000001,1,0.0003577839999790706,-0.0015603142377382268,0.0010072226984270114,-0.001194925248221011,0.9403212841589603,1.0555229734524088,0.0024719806879311443,-0.04035516033321704
179,0.08242665690631547,-0.026170243309035335,-0.0031125313449626925,0.045592008706928304,7.9,1,0.000453188864501192,-0.001672443912829988,0.000900874592015421,-0.0010476682536142295,0.9405554665218187,1.0512779987416692,0.002211666569236566,-0.044544333881568726
180,0.08213373687594192,-0.021408946605239176,-0.0027458692625088985,0.049633925368994615,8.0,1,0.0005379589183821549,-0.0017698478884610714,0.0007945264856038307,-0.0009004112590074481,0.9407636174728078,1.046614106676095,0.0019513524505419873,-0.04873350742992043
181,0.0818774830538137,-0.016243458235236416,-0.002379207180055105,0.053675842031060926,8.1,1,0.0006120941616219579,-0.0018525261646314772,0.0006881783791922404,-0.000753154264400667,0.9409457370119272,1.0415312972556854,0.001691038331847409,-0.052922680978272116
182,0.08165789543993086,-0.010673778199026943,-0.0020125450976013035,0.057717758693127286,8.200000000000001,1,0.000675594594220603,-0.0019204787413412059,0.0005818302727806479,-0.000605897269793883,0.9411018251391771,1.0360295704804405,0.0014307242131528252,-0.05711185452662387
183,0.08147497403429342,-0.004699906496610909,-0.0016458830151475094,0.06175967535519359,8.3,1,0.000728460216178088,-0.001973705618590254,0.0004754821663690576,-0.0004586402751871016,0.9412318818545575,1.0301089263503604,0.001170410094458247,-0.06130102807497556
184,0.08132871883690138,0.0016781568720117268,-0.0012792209326937145,0.06580159201725988,8.4,1,0.0007706910274944142,-0.0020122067963786257,0.00036913405995746696,-0.0003113832805803202,0.9413359071580687,1.0237693648654453,0.0009100959757636679,-0.06549020162332726
185,0.08121912984775469,0.00846041190684102,-0.000912558850239921,0.06984350867932619,8.5,1,0.0008022870281695811,-0.002035982274706318,0.00026278595354587667,-0.0001641262859735388,0.9414139010497103,1.017010886025695,0.0006497818570690892,-0.06967937517167895
186,0.08114620706685338,0.015646858607876943,-0.0005458967677861269,0.0738854253413925,8.6,1,0.0008232482182035895,-0.0020450320535733333,0.00015643784713428638,-1.6869291366757412e-05,0.9414658635294826,1.0098334898311097,0.00038946773837451095,-0.07386854872003062
187,0.08110995049419747,0.023237496975119606,-0.00017923468533232552,0.07792734200345885,8.700000000000001,1,0.0008335745975964388,-0.00203935613297967,5.008974072269381e-05,0.00013038770324002658,0.9414917945973855,1.0022371762816888,0.00012915361967992664,-0.0780577222683824
188,0.08111036012978692,0.031232327008568775,0.00018742739712146808,0.08196925866552517,8.8,1,0.0008332661663481286,-0.002018954512925328,-5.6258365688896484e-05,0.00027764469784680775,0.9414916942534186,0.9942219453774329,-0.0001311604990146516,-0.08224689581673408
189,0.08114743597362176,0.03963134870822459,0.0005540894795752621,0.08601117532759146,8.9,1,0.0008223229244586594,-0.0019838271934103087,-0.000162606472100487,0.00042490169245358936,0.9414655624975824,0.9857877971183422,-0.0003914746177092303,-0.08643606936508579
190,0.08122117802570196,0.048434562074087,0.0009207515620290561,0.09005309198965776,9.0,1,0.0008007448719280313,-0.0019339741744346102,-0.0002689545785120773,0.0005721586870603705,0.9414133993298768,0.9769347315044159,-0.0006517887364038085,-0.09062524291343746
191,0.08133158628602757,0.05764196710615606,0.001287413644482851,0.09409500865172407,9.1,1,0.0007685320087562443,-0.0018693954559982342,-0.0003753026849236679,0.0007194156816671519,0.9413352047503017,0.9676627485356546,-0.0009121028550983876,-0.09481441646178916
192,0.08147866075459856,0.06725356380443193,0.0016540757269366516,0.09813692531379044,9.200000000000001,1,0.0007256843349432972,-0.001790091038101179,-0.00048165079133526015,0.0008666726762739357,0.9412309787588571,0.957971848212058,-0.0011724169737929709,-0.09900359001014092
193,0.0816624014314149,0.07726935216891426,0.002020737809390445,0.10217884197585675,9.3,1,0.0006722018504891919,-0.0016960609207434469,-0.0005879988977468505,0.0010139296708807175,0.9411007213555431,0.9478620305336264,-0.0014327310924875493,-0.10319276355849262
194,0.08188280831647665,0.0876893321996032,0.00238739989184424,0.10622075863792303,9.4,1,0.0006080845553939275,-0.0015873051039250361,-0.000694347004158441,0.0011611866654874987,0.9409444325403598,0.9373332955003595,-0.0016930452111821284,-0.1073819371068443
195,0.08213988140978376,0.09851350389649877,0.002754061974298034,0.11026267529998934,9.5,1,0.0005333324496575042,-0.0014638235876459477,-0.0008006951105700314,0.0013084436600942799,0.9407621123133068,0.9263856431122575,-0.0019533593298767067,-0.111571110655196
196,0.08243362071133624,0.1097418672596012,0.003120724056751834,0.11430459196205572,9.600000000000001,1,0.00044794553327992027,-0.0013256163719061785,-0.0009070432169816236,0.001455700654701064,0.9405537606743843,0.9150190733693202,-0.00221367344857129,-0.11576028420354777
197,0.08276402622113413,0.12137442228891004,0.003487386139205629,0.11834650862412202,9.700000000000001,1,0.0003519238062611786,-0.0011726834567057339,-0.0010133913233932143,0.0016029576493078455,0.9403193776235925,0.9032335862715479,-0.0024739875672658692,-0.11994945775189945
198,0.08313109793917738,0.1334111689844255,0.003854048221659423,0.12238842528618832,9.8,1,0.0002452672686012782,-0.0010050248420446107,-0.0011197394298048046,0.0017502146439146264,0.9400589631609311,0.8910291818189404,-0.002734301685960448,-0.12413863130025111
199,0.08353483586546598,0.14585210734614762,0.004220710304113217,0.12643034194825462,9.9,1,0.00012797592030021858,-0.0008226405279228096,-0.0012260875362163951,0.0018974716385214078,0.9397725172864002,0.8784058600114978,-0.002994615804655026,-0.12832780484860282
200,0.7641865999999999,0.7870310411333417,-0.05947718359830905,-0.15723328390880575,0.0,2,0.0007406327599999979,0.023961384212071918,0.0818922086743143,0.011434478511386088,6.8964537877193234e-18,-0.046065213022503215,-0.022415080404417274,0.14579880697185985
201,0.7580865803016346,0.771401750406066,-0.0625232103689978,-0.15535253063670948,0.1,2,0.00875689328384765,0.025089472966918887,0.07843300180263871,0.011127296585553227,-0.0019162462374464377,-0.03156401089406345,-0.01590984434451161,0.14422523559693526
202,0.7516819579262004,0.7559605350059999,-0.06556923713968653,-0.1534717773646132,0.2,2,0.016427233120527737,0.026186843529182567,0.07497379493096308,0.010820114659720367,-0.003181968868902315,-0.01722016590311616,-0.009404608284605941,0.14265166422201067
203,0.7449727328736973,0.7407073949331433,-0.06861526391037527,-0.15159102409251687,0.30000000000000004,2,0.023751652270040273,0.027253495898862955,0.07151458805928748,0.010512932733887502,-0.0037971678943676266,-0.003033678049661321,-0.002899372224700273,0.14107809284708603
204,0.7379589051441255,0.7256423301874965,-0.071661290681064,-0.1497102708204206,0.4,2,0.03073015073238524,0.028289430075960065,0.0680553811876119,0.010205750808054642,-0.0037618433138423705,0.010995452666301059,0.0036058638352053883,0.13950452147216147
205,0.7306404747374846,0.7107653407690592,-0.07470731745175274,-0.14782951754832432,0.5,2,0.03736272850756265,0.029294646060473883,0.06459617431593627,0.009898568882221782,-0.0030759951273265492,0.024867226244770967,0.010111099895111057,0.13793095009723688
206,0.7230174416537748,0.6960764266778315,-0.07775334422244148,-0.14594876427622805,0.6000000000000001,2,0.0436493855955725,0.03026914385240442,0.061136967444260656,0.00959138695638892,-0.0017396233348201569,0.03858164268574843,0.016616335955016732,0.13635737872231227
207,0.7150898058929962,0.6815755879138138,-0.08079937099313021,-0.14406801100413175,0.7000000000000001,2,0.04959012199641479,0.031212923451751678,0.05767776057258505,0.00928420503055606,0.000247272063676798,0.052138701989233434,0.023121572014922393,0.1347838073473877
208,0.7068575674551487,0.6672628244770051,-0.08384539776381895,-0.14218725773203544,0.8,2,0.05518493771008951,0.03212598485851563,0.054218553700909444,0.008977023104723194,0.002884691068164318,0.06553840415522597,0.029626808074828058,0.13321023597246306
209,0.6983207263402326,0.6531381363674064,-0.0868914245345077,-0.14030650445993917,0.9,2,0.06043383273659668,0.033008328072696304,0.05075934682923385,0.008669841178890334,0.0061726336786424064,0.07878074918372605,0.036132044134733726,0.13163666459753848
210,0.6894792825482472,0.6392015235850173,-0.08993745130519643,-0.1384257511878429,1.0,2,0.06533680707593628,0.033859953094293696,0.04730013995755823,0.008362659253057474,0.010111099895111064,0.09186573707473364,0.04263728019463939,0.13006309322261386
211,0.6803332360791933,0.625452986129838,-0.09298347807588517,-0.1365449979157466,1.1,2,0.06989386072810833,0.034680859923307814,0.04384093308588262,0.008055477327224614,0.014700089717570294,0.10479336782824883,0.04914251625454508,0.1284895218476893
212,0.6708825869330703,0.6118925240018681,-0.09602950484657391,-0.13466424464365032,1.2000000000000002,2,0.07410499369311281,0.03547104855973863,0.04038172621420701,0.007748295401391751,0.01993960314602008,0.11756364144427155,0.05564775231445074,0.12691595047276472
213,0.6611273351098783,0.5985201372011076,-0.09907553161726265,-0.13278349137155399,1.3,2,0.07797020597094972,0.03623051900358615,0.03692251934253141,0.007441113475558889,0.025829640180460436,0.13017655792280178,0.0621529883743564,0.1253423790978401
214,0.6510674806096177,0.5853358257275572,-0.10212155838795137,-0.13090273809945768,1.4000000000000001,2,0.08148949756161909,0.0369592712548504,0.0334633124708558,0.0071339315497260265,0.03237020082089136,0.1426321172638396,0.06865822443426206,0.12376880772291549
215,0.6407030234322882,0.5723395895812163,-0.10516758515864011,-0.12902198482736144,1.5,2,0.08466286846512089,0.03765730531353136,0.03000410559918019,0.006826749623893166,0.03956128506731285,0.15493031946738486,0.07516346049416772,0.12219523634799091
216,0.6300339635778897,0.5595314287620851,-0.10821361192932885,-0.12714123155526513,1.6,2,0.08749031868145513,0.03832462117962904,0.026544898727504585,0.006519567698060306,0.047402892919724895,0.16707116453343776,0.08166869655407338,0.12062166497306633
217,0.6190603010464224,0.5469113432701633,-0.1112596387000176,-0.12526047828316886,1.7000000000000002,2,0.08997184821062182,0.03896121885314343,0.023085691855828972,0.006212385772227443,0.055895024378127545,0.17905465246199823,0.08817393261397907,0.11904809359814172
218,0.6077820358378863,0.534479333105451,-0.11430566547070632,-0.12337972501107254,1.8,2,0.09210745705262095,0.03956709833407451,0.019626484984153373,0.0059052038463945815,0.06503767944252072,0.19088078325306607,0.09467916867388473,0.11747452222321711
219,0.596199167952281,0.5222353982679487,-0.11735169224139506,-0.12149897173897628,1.9000000000000001,2,0.09389714520745247,0.040142259622422335,0.016167278112477753,0.0055980219205617205,0.07483085811290446,0.20254955690664153,0.1011844047337904,0.11590095084829252
220,0.5843116973896072,0.5101795387576559,-0.1203977190120838,-0.11961821846687998,2.0,2,0.09534091267511649,0.04068670271818686,0.012708071240802157,0.005290839994728859,0.08527456038927879,0.21406097342272454,0.10768964079369606,0.11432737947336793
221,0.5721196241498643,0.4983117545745727,-0.12344374578277253,-0.11773746519478369,2.1,2,0.09643875945561291,0.04120042762136811,0.00924886436912654,0.0049836580688959985,0.09636878627164368,0.22541503280131514,0.11419487685360172,0.11275380809844333
222,0.5596229482330527,0.4866320457186991,-0.12648977255346128,-0.1158567119226874,2.2,2,0.09719068554894178,0.04168343433196606,0.005789657497450931,0.004676476143063136,0.10811353575999919,0.23661173504241326,0.12070011291350742,0.11118023672351873
223,0.5468216696391721,0.4751404121900352,-0.12953579932415002,-0.11397595865059111,2.3000000000000003,2,0.09759669095510311,0.04213572284998074,0.0023304506257753217,0.0043692942172302756,0.12050880885434519,0.24765108014601891,0.1272053489734131,0.10960666534859415
224,0.5337157883682226,0.46383685398858093,-0.13258182609483876,-0.11209520537849482,2.4000000000000004,2,0.09765677567409686,0.042557293175412125,-0.0011287562459002913,0.004062112291397413,0.1335546055546818,0.2585330681121321,0.13371058503331876,0.10803309397366954
225,0.5203053044202044,0.4527213711143363,-0.13562785286552748,-0.11021445210639853,2.5,2,0.09737093970592305,0.042948145308260216,-0.0045879631175758835,0.0037549303655645535,0.1472509258610089,0.2692576989407528,0.1402158210932244,0.10645952259874493
226,0.5065902177951171,0.44179396356730133,-0.13867387963621625,-0.10833369883430226,2.6,2,0.09673918305058168,0.04330827924852504,-0.008047169989251503,0.0034477484397316925,0.16159776977332665,0.27982497263188105,0.14672105715313008,0.10488595122382036
227,0.492570528492961,0.43105463134747574,-0.14171990640690496,-0.10645294556220596,2.7,2,0.09576150570807274,0.04363769499620655,-0.01150637686092711,0.003140566513898829,0.17659513729163495,0.2902348891855169,0.15322629321303574,0.10331237984889574
228,0.47824623651373616,0.42050337445485997,-0.1447659331775937,-0.10457219229010967,2.8000000000000003,2,0.09443790767839624,0.04393639255130479,-0.014965583732602719,0.002833384588065968,0.1922430284159338,0.3004874486016602,0.1597315292729414,0.10173880847397114
229,0.4636173418574423,0.4101401928894538,-0.14781195994828242,-0.10269143901801338,2.9000000000000004,2,0.09276838896155218,0.04420437191381975,-0.018424790604278332,0.002526202662233106,0.20854144314622325,0.3105826508803111,0.16623676533284706,0.10016523709904654
230,0.4486838445240797,0.3999650866512574,-0.15085798671897116,-0.1008106857459171,3.0,2,0.0907529495575406,0.04444163308375142,-0.021883997475953928,0.002219020736400245,0.22549038148250322,0.3205204960214696,0.17274200139275273,0.09859166572412197
231,0.4334457445136482,0.3899780557402705,-0.1539040134896599,-0.09892993247382081,3.1,2,0.08839158946636143,0.044648176061099804,-0.02534320434762954,0.0019118388105673848,0.24308984342477377,0.3303009840251355,0.1792472374526584,0.09701809434919736
232,0.4179030418261477,0.38017910015649325,-0.15695004026034864,-0.09704917920172451,3.2,2,0.08568430868801467,0.044824000845864895,-0.028802411219305154,0.001604656884734522,0.26133982897303487,0.339924114891309,0.18575247351256405,0.09544452297427276
233,0.40205573646157833,0.3705682198999255,-0.1599960670310374,-0.09516842592962821,3.3000000000000003,2,0.08263110722250037,0.044969107438046704,-0.032261618090980757,0.0012974749589016593,0.2802403381272866,0.34938988861999004,0.1922577095724697,0.09387095159934815
234,0.38590382841994014,0.36114541497056757,-0.16304209380172616,-0.09328767265753193,3.4000000000000004,2,0.07923198506981853,0.04508349583764523,-0.035720824962656376,0.0009902930330687992,0.29979137088752894,0.35869830521117874,0.1987629456323754,0.09229738022442358
235,0.3694473177012331,0.35191068536841913,-0.16608812057241487,-0.09140691938543564,3.5,2,0.07548694222996911,0.04516716604466047,-0.03918003183433197,0.0006831111072359381,0.3199929272537616,0.3678493646648748,0.20526818169228106,0.09072380884949897
236,0.3526862043054573,0.3428640310934805,-0.16913414734310359,-0.08952616611333937,3.6,2,0.07139597870295214,0.04522011805909242,-0.042639238706007575,0.000375929181403078,0.34084500722598504,0.3768430669810785,0.21177341775218672,0.08915023747457439
237,0.3356204882326124,0.3340054521457513,-0.17218017411379233,-0.08764541284124307,3.7,2,0.06695909448876759,0.04524235188094108,-0.04609844557768319,6.874725557021524e-05,0.36234761080419897,0.3856794121597896,0.21827865381209238,0.08757666609964979
238,0.3183664526515683,0.3253349485252318,-0.17019733137362714,-0.08576465956914678,3.8000000000000003,2,0.06223307165086193,0.04523386751020646,-0.04710201256264893,-0.00023843467026264664,0.38432767271696544,0.3943584002010084,0.2172993787825332,0.08600309472472518
239,0.30173812387278615,0.31685252023192195,-0.16236924420201496,-0.08388390629705049,3.9000000000000004,2,0.05761540618162181,0.045194664946888556,-0.045251296822153245,-0.0005456165960955085,0.4055736703875674,0.40288003110473475,0.20762057462950523,0.08442952334980058
240,0.2858926038111653,0.3085581672658218,-0.1545411570304028,-0.08200315302495421,4.0,2,0.053182812286431284,0.04512474419098736,-0.04340058108165756,-0.0008527985219283678,0.4258517876428664,0.41124430487096847,0.1979417704764773,0.082855951974876
241,0.27082989246670564,0.3004518896269311,-0.14671306985879062,-0.08012239975285791,4.1000000000000005,2,0.048935289965290306,0.045024105242502874,-0.04154986534116187,-0.0011599804477612314,0.4451620244828629,0.4194512214997099,0.1882629663234493,0.0812823805999514
242,0.2565499898394072,0.2925336873152501,-0.13888498268717844,-0.07824164648076162,4.2,2,0.0448728392181989,0.044892748101435107,-0.039699149600666186,-0.0014671623735940924,0.4635043809075562,0.4275007809909588,0.17858416217042133,0.0797088092250268
243,0.24305289592927,0.28480356033077886,-0.13105689551556632,-0.07636089320866535,4.3,2,0.04099546004515709,0.04473067276778406,-0.037848433860170505,-0.0017743442994269526,0.48087885691694704,0.4353929833447152,0.1689053580173934,0.07813523785010221
244,0.23033861073629391,0.277261508673517,-0.12322880834395408,-0.07448013993656905,4.4,2,0.03730315244616479,0.04453787924154971,-0.03599771811967481,-0.0020815262252598162,0.4972854525110349,0.4431278285609792,0.15922655386436538,0.0765616664751776
245,0.21840713426047917,0.269907532343465,-0.11540072117234194,-0.07259938666447277,4.5,2,0.033795916421222115,0.0443143675227321,-0.034147002379179135,-0.0023887081510926746,0.5127241676898201,0.4507053166397507,0.1495477497113375,0.07498809510025302
246,0.2072584665018255,0.26274163134062245,-0.10757263400072971,-0.07071863339237647,4.6000000000000005,2,0.030473751970328967,0.044060137611331186,-0.03229628663868344,-0.002695890076925539,0.5271950024533025,0.4581254475810299,0.13986894555830945,0.0734145237253284
247,0.1968926074603332,0.2557638056649897,-0.09974454682911757,-0.06883788012028019,4.7,2,0.02733665909348542,0.04377518950734699,-0.03044557089818776,-0.0030030720027583984,0.540697956801482,0.46538822138481645,0.13019014140528154,0.07184095235040383
248,0.187309557136002,0.24897405531656638,-0.09191645965750535,-0.06695712684818388,4.800000000000001,2,0.02438463779069141,0.0434595232107795,-0.02859485515769206,-0.003310253928591263,0.5532330307343588,0.47249363805111055,0.12051133725225352,0.07026738097547922
249,0.17850931552883212,0.24237238029535288,-0.08408837248589321,-0.0650763735760876,4.9,2,0.021617688061947003,0.04311313872162873,-0.02674413941719638,-0.0036174358544241213,0.5648002242519328,0.4794416975799123,0.1108325330992256,0.06869380960055463
250,0.17049188263882342,0.23595878060134895,-0.07626028531428106,-0.06319562030399131,5.0,2,0.019035809907252156,0.04273603603989468,-0.0248934236767007,-0.003924617780256982,0.5753995373542039,0.4862323999712215,0.10115372894619765,0.06712023822563003
251,0.16325725846597594,0.22973325623455462,-0.06843219814266885,-0.06131486703189502,5.1000000000000005,2,0.01663900332660686,0.04232821516557733,-0.023042707936205005,-0.004231799706089847,0.5850309700411725,0.49286574522503834,0.09147492479316964,0.06554666685070544
252,0.15680544301028965,0.22369580719496993,-0.060604110971056696,-0.059434113759798735,5.2,2,0.014427268320011146,0.04188967609867671,-0.021191992195709327,-0.004538981631922706,0.5936945223128378,0.49934173334136256,0.08179612064014172,0.06397309547578084
253,0.15113643627176454,0.21784643348259486,-0.05277602379944447,-0.057553360487702446,5.300000000000001,2,0.012400604887464988,0.0414204188391928,-0.01934127645521363,-0.00484616355775557,0.6013901941692007,0.5056603643201946,0.07211731648711368,0.06239952410085624
254,0.14625023825040073,0.21218513509742942,-0.044947936627832336,-0.05567260721560616,5.4,2,0.010559013028968415,0.040920443387125596,-0.01749056071471795,-0.005153345483588429,0.6081179856102605,0.5118216381615339,0.062438512334085775,0.060825952725931644
255,0.1421468489461981,0.20671191203947364,-0.037119849456220176,-0.05379185394350988,5.5,2,0.008902492744521411,0.04038974974247511,-0.015639844974222272,-0.005460527409421289,0.6138778966360178,0.5178255548653808,0.05275970818105784,0.05925238135100705
256,0.1388262683591567,0.20142676430872747,-0.02929176228460797,-0.05191110067141358,5.6000000000000005,2,0.007431044034123961,0.03982833790524134,-0.013789129233726575,-0.005767709335254153,0.6186699272464722,0.5236721144317353,0.04308090402802983,0.05767880997608245
257,0.13628849648927652,0.19632969190519092,-0.021463675112995812,-0.05003034739931729,5.7,2,0.006144666897776091,0.039236207875424284,-0.011938413493230894,-0.006074891261087014,0.6224940774416239,0.5293613168605973,0.033402099875001895,0.056105238601157854
258,0.13453353333655754,0.19142069482886398,-0.013635587941383597,-0.048149594127221,5.800000000000001,2,0.005043361335477781,0.03861335965302393,-0.0100876977527352,-0.006382073186919876,0.6253503472214725,0.5348931621519668,0.023723295721973885,0.054531667226233246
259,0.1335613789009998,0.1866997730797467,-0.005807500769771452,-0.046268840855124706,5.9,2,0.004127127347229049,0.03795979323804031,-0.00823698201223952,-0.0066892551127527376,0.6272387365860186,0.5402676503058439,0.014044491568945949,0.052958095851308666
260,0.13337203318260324,0.1821669266578391,0.0020205864018406974,-0.04438808758302843,6.0,2,0.003395964933029883,0.037275508630473395,-0.00638626627174384,-0.006996437038585599,0.6281592455352618,0.5454847813222287,0.004365687415918022,0.05138452447638407
261,0.13396549618136794,0.17782215556314102,0.009848673573452912,-0.042507334310932135,6.1000000000000005,2,0.002849874092880281,0.03656050583032318,-0.004535550531248145,-0.00730361896441846,0.6281118740692022,0.5505445552011208,-0.0053131167371099925,0.049810953101459464
262,0.13534176789729382,0.17366545979565262,0.01767676074506506,-0.040626581038835846,6.2,2,0.002488854826780252,0.0358147848375897,-0.002684834790752465,-0.007610800890251321,0.6270966221878398,0.5554469719425206,-0.014991920890137919,0.048237381726534884
263,0.13739742970948715,0.16969683935537383,0.021261923798692836,-0.03874582776673956,6.300000000000001,2,0.002291619292242941,0.035038345652272915,-0.001707488850846521,-0.007917982816084183,0.6252381963584766,0.5601920315464278,-0.01955443096371386,0.04666381035161027
264,0.13947984357382345,0.1659162942423047,0.020386353488033224,-0.03686507449464327,6.4,2,0.0021238275051903496,0.03423118827437286,-0.001648346890205335,-0.008225164741917045,0.623323574634061,0.5647797340128425,-0.018738003524601154,0.04509023897668568
265,0.1414747004070938,0.16232382445644522,0.01951078317737361,-0.034984321222546994,6.5,2,0.001961949914201876,0.033393312703889524,-0.001589204929564149,-0.008532346667749904,0.6214905956535564,0.5692100793417649,-0.01792157608548845,0.04351666760176109
266,0.14338200020929814,0.1589194299977953,0.01863521286671399,-0.03310356795045069,6.6000000000000005,2,0.0018059865192775189,0.032524718940822886,-0.0015300629689229627,-0.008839528593582767,0.6197392594169631,0.5734830675331948,-0.017105148646375738,0.041943096226836486
267,0.1452017429804366,0.15570311086635508,0.01775964255605438,-0.03122281467835441,6.7,2,0.0016559373204172829,0.031625406985172966,-0.0014709210082817768,-0.009146710519415627,0.6180695659242812,0.5775986985871322,-0.016288721207263036,0.04036952485191189
268,0.14693392872050903,0.1526748670621244,0.01688407224539476,-0.02934206140625811,6.800000000000001,2,0.001511802317621164,0.030695376836939757,-0.0014117790476405906,-0.009453892445248491,0.6164815151755105,0.5815569725035772,-0.015472293768150326,0.03879595347698729
269,0.14857855742951553,0.14983469858510345,0.01600850193473515,-0.027461308134161828,6.9,2,0.0013735815108891643,0.029734628496123263,-0.0013526370869994045,-0.00976107437108135,0.6149751071706511,0.5853578892825297,-0.01465586632903762,0.037222382102062704
270,0.15013562910745604,0.1471826054352921,0.015132931624075538,-0.025580554862065546,7.0,2,0.0012412749002212837,0.02874316196272349,-0.0012934951263582188,-0.01006825629691421,0.613550341909703,0.5890014489239896,-0.013839438889924916,0.03564881072713811
271,0.15160514375433068,0.14471858761269032,0.014257361313415921,-0.02369980158996925,7.1000000000000005,2,0.0011148824856175206,0.027720977236740416,-0.0012343531657170324,-0.010375438222747075,0.6122072193926662,0.5924876514279572,-0.013023011450812205,0.03407523935221351
272,0.15298710137013924,0.1424426451172982,0.013381791002756306,-0.021819048317872958,7.2,2,0.0009944042670778767,0.026668074318174074,-0.0011752112050758465,-0.010682620148579935,0.6109457396195406,0.5958164967944324,-0.012206584011699502,0.03250166797728891
273,0.15428150195488188,0.14035477794911572,0.01250622069209669,-0.01993829504577667,7.300000000000001,2,0.000879840244602351,0.025584453207024436,-0.0011160692444346601,-0.010989802074412797,0.6097659025903261,0.5989879850234151,-0.01139015657258679,0.030928096602364313
274,0.15548834550855858,0.13845498610814289,0.011630650381437076,-0.01805754177368038,7.4,2,0.0007711904181909446,0.02447011390329151,-0.0010569272837934744,-0.011296984000245657,0.6086677083050231,0.6020021161149052,-0.010573729133474088,0.029354525227439716
275,0.15660763203116929,0.13674326959437966,0.010755080070777466,-0.016176788501584098,7.5,2,0.000668454787843657,0.02332505640697531,-0.0009977853231522885,-0.011604165926078519,0.6076511567636315,0.6048588900689029,-0.009757301694361384,0.027780953852515125
276,0.15763936152271407,0.13521962840782606,0.009879509760117845,-0.014296035229487799,7.6000000000000005,2,0.0005716333535604869,0.022149280718075808,-0.000938643362511102,-0.011911347851911381,0.606716247966151,0.6075583068854082,-0.00894087425524867,0.02620738247759052
277,0.15858353398319286,0.1338840625484821,0.009003939449458235,-0.01241528195739152,7.7,2,0.0004807261153414363,0.02094278683659303,-0.0008795014018699162,-0.012218529777744241,0.6058629819125817,0.610100366564421,-0.008124446816135968,0.02463381110266593
278,0.15944014941260573,0.13273657201634775,0.008128369138798615,-0.010534528685295218,7.800000000000001,2,0.00039573307318650346,0.01970557476252696,-0.0008203594412287298,-0.012525711703577105,0.6050913586029237,0.6124850691059416,-0.007308019377023256,0.023060239727741325
279,0.1602092078109526,0.13177715681142305,0.007252798828139003,-0.00865377541319894,7.9,2,0.00031665422709569005,0.018437644495877613,-0.0007612174805875441,-0.012832893629409965,0.604401378037177,0.6147124145099693,-0.006491591937910552,0.021486668352816735
280,0.16089070917823353,0.13100581693370797,0.006377228517479392,-0.006773022141102654,8.0,2,0.00024348957706899526,0.017138996036644972,-0.0007020755199463582,-0.013140075555242825,0.6037930402153416,0.6167824027765048,-0.005675164498797849,0.019913096977892147
281,0.1614846535144485,0.13042255238320252,0.005501658206819781,-0.0048922688690063755,8.1,2,0.000176239123106419,0.015809629384829053,-0.0006429335593051724,-0.013447257481075685,0.6032663451374174,0.6186950339055478,-0.004858737059685147,0.018339525602967557
282,0.16199104081959745,0.1300273631599067,0.004626087896160154,-0.003011515596910059,8.200000000000001,2,0.00011490286520796024,0.014449544540429826,-0.0005837915986639854,-0.01375443940690855,0.6028212928034045,0.6204503078970983,-0.004042309620572427,0.01676595422804294
283,0.1624098710936805,0.1298202492638205,0.003750517585500543,-0.0011307623248137735,8.3,2,5.948080337362119e-05,0.013058741503447328,-0.0005246496380227996,-0.01406162133274141,0.602457883213303,0.6220482247511563,-0.0032258821814597225,0.015192382853118344
284,0.1627411443366976,0.12980121069494394,0.0028749472748409305,0.0007499909472825049,8.4,2,9.972937603400673e-06,0.011637220273881551,-0.0004655076773816138,-0.014368803258574273,0.6021761163671127,0.6234887844677219,-0.002409454742347019,0.013618811478193755
285,0.1629848605486487,0.129970247453277,0.0019993769641813196,0.002630744219378787,8.5,2,-3.3620732102701195e-05,0.010184980851732486,-0.0004063657167404279,-0.014675985184407133,0.6019759922648336,0.6247719870467952,-0.0015930273032343147,0.012045240103269165
286,0.16314101972953385,0.1303273595388197,0.0011238066535217096,0.004511497491475072,8.6,2,-7.130020574468463e-05,0.008702023237000131,-0.00034722375609924216,-0.014983167110239993,0.6018575109064658,0.6258978324883757,-0.0007765998641216122,0.010471668728344572
287,0.16320962187935306,0.13087254695157202,0.0002482363428620814,0.006392250763571385,8.700000000000001,2,-0.00010306548332255001,0.007188347429684473,-0.00028808179545805515,-0.015290349036072856,0.6018206722920093,0.6268663207924641,3.982757499110864e-05,0.008898097353419952
288,0.16319066699810625,0.13160580969153396,-0.0006273339677975304,0.00827300403566767,8.8,2,-0.00012891656483629609,0.005643953429785546,-0.00022893983481686939,-0.01559753096190572,0.601865476421464,0.6276774519590598,0.0008562550141038112,0.0073245259784953665
289,0.16308415508579352,0.13252714775870555,-0.0015029042784571421,0.010153757307763953,8.9,2,-0.00014885345028592363,0.004068841237303337,-0.0001697978741756834,-0.015904712887738582,0.60199192329483,0.6283312259881632,0.0016726824532165155,0.005750954603570772
290,0.16289008614241482,0.13363656115308672,-0.002378474589116753,0.012034510579860231,9.0,2,-0.0001628761396714326,0.0024630108522378426,-0.00011065591353449765,-0.016211894813571437,0.6022000129121072,0.6288276428797739,0.002489109892329218,0.004177383228646183
291,0.16260846016797018,0.13493404987467758,-0.0032540448997763656,0.013915263851956516,9.1,2,-0.00017098463299282312,0.0008264622745890616,-5.1513952893311775e-05,-0.0165190767394043,0.6024897452732959,0.6291667026338923,0.0033055373314419233,0.002603811853721591
292,0.16223927716245956,0.1364196139234781,-0.004129615210435991,0.01579601712405283,9.200000000000001,2,-0.00017317893025009496,-0.0008408044956430358,7.628007747875125e-06,-0.016826258665237164,0.6028611203783958,0.6293484052505183,0.004121964770554641,0.0010302404787969743
293,0.161782537125883,0.13809325329948818,-0.005005185521095602,0.01767677039614911,9.3,2,-0.0001694590314432482,-0.002538789458458389,6.676996838906094e-05,-0.017133440591070026,0.6033141382274069,0.6293727507296518,0.004938392209667344,-0.0005433308961276181
294,0.16123824005824047,0.13995496800270787,-0.005880755831755215,0.019557523668245397,9.4,2,-0.00015982493657228282,-0.004267492613857029,0.0001259119290302468,-0.017440622516902884,0.6038487988203293,0.6292397390712927,0.005754819648780049,-0.002116902271052207
295,0.16060638595953194,0.14200475803313722,-0.0067563261424148265,0.02143827694034168,9.5,2,-0.0001442766456371989,-0.006026913961838953,0.00018505388967143268,-0.017747804442735746,0.6044651021571628,0.6289493702754413,0.006571247087892753,-0.0036904736459767995
296,0.15988697482975747,0.14424262339077626,-0.007631896453074452,0.02331903021243799,9.600000000000001,2,-0.00012281415863799603,-0.007817053502404196,0.0002441958503126196,-0.01805498636856861,0.6051630482379078,0.6285016443420973,0.007387674527005471,-0.005264045020901417
297,0.15908000666891708,0.14666856407562487,-0.008507466763734064,0.025199783484534277,9.700000000000001,2,-9.543747557467483e-05,-0.009637911235552694,0.00030333781095380545,-0.018362168294401474,0.6059426370625639,0.627896561271261,0.008204101966118175,-0.0068376163958260095
298,0.15818548147701067,0.14928258008768308,-0.009383037074393676,0.027080536756630556,9.8,2,-6.214659644723512e-05,-0.011489487161284478,0.00036247977159499127,-0.018669350220234332,0.6068038686311313,0.6271341210629322,0.00902052940523088,-0.0084111877707506
299,0.15720339925403828,0.15208467142695092,-0.010258607385053287,0.02896129002872684,9.9,2,-2.2941521255676842e-05,-0.013371781279599548,0.00042162173223617714,-0.01897653214606719,0.60774674294361,0.6262143237171109,0.009836956844343582,-0.00998475914567519
