,x1_spl,x1_spl_smoothed,dx1_spl,dx1_spl_smoothed,t,Run,x2_spl,x2_spl_smoothed,dx2_spl,dx2_spl_smoothed
0,-0.7309267000000003,-1.3671184207343061,-2.108966918024595,0.4285293171086225,0.0,0,-3.719583500000001,-2.5256762529076244,3.045140735575135,1.7329382638096016
1,-0.9345975889219091,-1.3246084306923198,-1.9644508604135829,0.42167048373110505,0.1,0,-3.4174194153620037,-2.354583821812303,2.998140957184822,1.6889103580968317
2,-1.1238168720827169,-1.2827843239880854,-1.8199348028025704,0.4148116503535875,0.2,0,-3.1199553085630365,-2.1878941812882577,2.9511411787945083,1.6448824523840615
3,-1.2985845494824233,-1.2416461006216022,-1.6754187451915579,0.40795281697607,0.30000000000000004,0,-2.8271911796031013,-2.0256073313354905,2.9041414004041948,1.6008545466712916
4,-1.4589006211210287,-1.2011937605928709,-1.5309026875805454,0.4010939835985525,0.4,0,-2.539127028482198,-1.8677232719539993,2.8571416220138817,1.5568266409585214
5,-1.6047650869985324,-1.1614273039018919,-1.3863866299695329,0.39423515022103495,0.5,0,-2.2557628552003255,-1.7142420031437866,2.8101418436235677,1.5127987352457517
6,-1.7361779471149352,-1.1223467305486643,-1.2418705723585204,0.3873763168435174,0.6000000000000001,0,-1.9770986597574838,-1.5651635249048501,2.763142065233254,1.4687708295329818
7,-1.8531392014702364,-1.0839520405331886,-1.097354514747508,0.380517483466,0.7000000000000001,0,-1.7031344421536743,-1.4204878372371896,2.7161422868429406,1.4247429238202114
8,-1.955648850064437,-1.046243233855464,-0.9528384571364956,0.37365865008848237,0.8,0,-1.4338702023888963,-1.2802149401408074,2.6691425084526275,1.3807150181074415
9,-2.0437068928975357,-1.0092203105154915,-0.8083223995254832,0.3667998167109649,0.9,0,-1.1693059404631496,-1.1443448336157016,2.6221427300623144,1.3366871123946713
10,-2.1173133299695337,-0.9728832705132711,-0.6638063419144706,0.3599409833334474,1.0,0,-0.9094416563764337,-1.0128775176618727,2.5751429516720004,1.2926592066819014
11,-2.1764681612804297,-0.9372321138488026,-0.519290284303458,0.35308214995592996,1.1,0,-0.654277350128749,-0.8858129922793214,2.528143173281687,1.2486313009691314
12,-2.221171386830225,-0.9022668405220853,-0.37477422669244564,0.34622331657841243,1.2000000000000002,0,-0.4038130217200958,-0.7631512574680466,2.4811433948913733,1.2046033952563613
13,-2.2514230066189196,-0.8679874505331195,-0.23025816908143337,0.33936448320089485,1.3,0,-0.15804867115047438,-0.6448923132280494,2.4341436165010597,1.1605754895435916
14,-2.2672230206465116,-0.834393943881906,-0.08574211147042066,0.3325056498233773,1.4000000000000001,0,0.08301570158011606,-0.5310361595593281,2.387143838110746,1.1165475838308212
15,-2.2685714289130035,-0.8014863205684443,0.05877394614059184,0.3256468164458598,1.5,0,0.31938009647167476,-0.42158279646188496,2.340144059720433,1.0725196781180513
16,-2.255468231418394,-0.7692645805927344,0.20329000375160433,0.31878798306834233,1.6,0,0.5510445135242028,-0.31653222393571806,2.2931442813301195,1.0284917724052811
17,-2.2279134281626822,-0.737728723954776,0.34780606136261694,0.3119291496908248,1.7000000000000002,0,0.7780089527376992,-0.21588444198082804,2.246144502939806,0.9844638666925112
18,-2.1859070191458705,-0.7068787506545691,0.4923221189736292,0.3050703163133072,1.8,0,1.0002734141121636,-0.1196394505972159,2.199144724549493,0.9404359609797411
19,-2.1294490043679564,-0.6767146606921144,0.6368381765846418,0.29821148293578975,1.9000000000000001,0,1.2178378976475976,-0.02779724978488031,2.1521449461591793,0.8964080552669712
20,-2.058539383828942,-0.6472364540674114,0.7813542341956541,0.2913526495582723,2.0,0,1.4307024033439995,0.05964216045617815,2.1051451677688657,0.8523801495542012
21,-1.9731781575288259,-0.6184441307804599,0.9258702918066666,0.28449381618075475,2.1,0,1.6388669312013704,0.14267878012595983,2.058145389378552,0.8083522438414312
22,-1.8733653254676084,-0.5903376908312603,1.0703863494176793,0.27763498280323723,2.2,0,1.8423314812197105,0.22131260922446452,2.0111456109882386,0.7643243381286611
23,-1.7591008876452896,-0.5629171342198126,1.2149024070286918,0.2707761494257197,2.3000000000000003,0,2.0410960533990186,0.2955436477516922,1.964145832597925,0.720296432415891
24,-1.6303848440618696,-0.5361824609461163,1.3594184646397043,0.26391731604820223,2.4000000000000004,0,2.2351606477392956,0.3653718957076428,1.9171460542076115,0.6762685267031212
25,-1.487650870894278,-0.510133671010172,1.4695873690379462,0.25705848267068465,2.5,0,2.423801426853756,0.43079735309231615,1.8128183547840306,0.6322406209903513
26,-1.3402670674460608,-0.48477076441197964,1.4780886999263911,0.2501996492931672,2.6,0,2.5913823450480575,0.49182001990571295,1.5388000091019811,0.5882127152775811
27,-1.1920331309089995,-0.46009374115153856,1.4865900308148365,0.24334081591564963,2.7,0,2.7315614286741527,0.5484398961478324,1.2647816634199316,0.5441848095648111
28,-1.0429490612830934,-0.4361026012288494,1.4950913617032813,0.2364819825381321,2.8000000000000003,0,2.8443386777320434,0.6006569818186752,0.9907633177378816,0.500156903852041
29,-0.8930148585683428,-0.41279734464391205,1.5035926925917265,0.2296231491606146,2.9000000000000004,0,2.929714092221729,0.6484712769182407,0.7167449720558321,0.456128998139271
30,-0.7422305227647485,-0.39017797139672666,1.5120940234801714,0.22276431578309713,3.0,0,2.9876876721432097,0.6918827814465294,0.44272662637378357,0.4121010924265011
31,-0.590596053872309,-0.3682444814872929,1.5205953543686166,0.2159054824055796,3.1,0,3.018259417496486,0.7308914954035411,0.16870828069173416,0.36807318671373107
32,-0.43811145189102496,-0.3469968749156107,1.5290966852570615,0.2090466490280621,3.2,0,3.021429328281556,0.7654974187892756,-0.10531006499031559,0.324045281000961
33,-0.2847767168208964,-0.32643515168168025,1.5375980161455067,0.20218781565054453,3.3000000000000003,0,2.9971974044984226,0.7957005516037332,-0.37932841067236545,0.28001737528819104
34,-0.13059184866192325,-0.3065593117855017,1.5460993470339517,0.19532898227302709,3.4000000000000004,0,2.9455636461470838,0.8215008938469138,-0.6533467563544151,0.23598946957542094
35,0.024443152585893524,-0.2873693552270749,1.5546006779223969,0.1884701488955095,3.5,0,2.8665280532275403,0.8428984455188171,-0.9273651020364635,0.19196156386265112
36,0.18032828692255554,-0.2688652820064,1.5631020088108418,0.18161131551799206,3.6,0,2.760090625739791,0.8598932066194439,-1.2013834477185132,0.14793365814988102
37,0.3370635543480622,-0.2510470921234765,1.571603339699287,0.1747524821404745,3.7,0,2.6262513636838367,0.8724851771487935,-1.475401793400563,0.10390575243711098
38,0.4946489548624134,-0.23391478557830495,1.580104670587732,0.16789364876295698,3.8000000000000003,0,2.4650102670596783,0.8806743571068663,-1.7494201390826127,0.05987784672434099
39,0.6530844884656088,-0.21746836237088507,1.588606001476177,0.16103481538543946,3.9000000000000004,0,2.2763673358673144,0.8844607464936615,-2.0234384847646623,0.015849941011570834
40,0.8123701551576482,-0.20170782250121722,1.597107332364622,0.154175982007922,4.0,0,2.0603225701067465,0.8838443453091804,-2.2974568304467105,-0.028177964701198988
41,0.9725059549385334,-0.18663316596930069,1.605608663253067,0.14731714863040443,4.1000000000000005,0,1.8168759697779715,0.8788251535534217,-2.5714751761287613,-0.07220587041396925
42,1.133422043580348,-0.17224439277513623,1.5968235477327921,0.14045831525288693,4.2,0,1.546163536002543,0.8694031712263862,-2.811833244227462,-0.11623377612673907
43,1.2828334761826532,-0.15854150291872343,1.3914051043133242,0.13359948187536946,4.3,0,1.272106591050392,0.8555783983280743,-2.6693056548155782,-0.16026168183950895
44,1.4117030644430129,-0.14552449640006218,1.1859866608938547,0.12674064849785188,4.4,0,1.0123024050394267,0.8373508348584845,-2.5267780654036938,-0.2042895875522792
45,1.520030808361425,-0.133193373219153,0.9805682174743873,0.11988181512033443,4.5,0,0.7667509779696523,0.8147204808176184,-2.38425047599181,-0.248317493265049
46,1.6078167079378902,-0.12154813337599533,0.7751497740549177,0.11302298174281684,4.6000000000000005,0,0.5354523098410645,0.7876873362054747,-2.2417228865799252,-0.2923453989778193
47,1.6750607631724086,-0.11058877687058964,0.5697313306354502,0.1061641483652994,4.7,0,0.31840640065366665,0.7562514010220543,-2.099195297168042,-0.3363733046905892
48,1.7217629740649805,-0.10031530370293552,0.36431288721598076,0.0993053149877818,4.800000000000001,0,0.11561325040745582,0.7204126752673568,-1.9566677077561574,-0.3804012104033594
49,1.747923340615605,-0.09072771387303323,0.15889444379651307,0.09244648161026434,4.9,0,-0.07292714089756525,0.6801711589413826,-1.8141401183442738,-0.42442911611612927
50,1.753541862824283,-0.08182600738088266,-0.046523999622954504,0.08558764823274684,5.0,0,-0.24721477326139768,0.6355268520441311,-1.6716125289323904,-0.4684570218288991
51,1.7386185406910137,-0.07361018422648385,-0.25194244304242386,0.07872881485522928,5.1000000000000005,0,-0.4072496466840433,0.5873266818223177,-1.5290849395205057,-0.4782621530825652
52,1.7031533742157983,-0.06608024440983676,-0.45736088646189144,0.07186998147771181,5.2,0,-0.5530317611654992,0.5407562698727609,-1.3865573501086224,-0.45314608590857514
53,1.6471463633986354,-0.0592361879309414,-0.662779329881361,0.06501114810019423,5.300000000000001,0,-0.6845611167057679,0.4966974646406026,-1.2440297606967374,-0.4280300187345848
54,1.570597508239526,-0.053078014789797956,-0.8681977733008286,0.05815231472267676,5.4,0,-0.8018377133048471,0.45515026612584375,-1.1015021712848543,-0.40291395156059473
55,1.4735068087384702,-0.04760572498640614,-1.073616216720296,0.051293481345159264,5.5,0,-0.904861550962738,0.416114674328484,-0.9589745818729707,-0.37779788438660467
56,1.3558742648954665,-0.04281931852076612,-1.2790346601397657,0.04443464796764171,5.6000000000000005,0,-0.9936326296794413,0.3795906892485228,-0.816446992461086,-0.35268181721261427
57,1.217699876710517,-0.038718795392877786,-1.4844531035592334,0.03757581459012424,5.7,0,-1.0681509494549555,0.34557831088596086,-0.6739194030492026,-0.3275657500386242
58,1.0589836441836193,-0.035304155602741194,-1.6898715469787027,0.030716981212606687,5.800000000000001,0,-1.128416510289282,0.3140775392407979,-0.5313918136373178,-0.3024496828646339
59,0.8819485398720159,-0.032575399150356454,-1.7879366815363542,0.02385814783508919,5.9,0,-1.1749643264114071,0.28508837431303413,-0.4147014967472888,-0.27733361569064385
60,0.7058448978124319,-0.030532526035723456,-1.734136159655345,0.01699931445757169,6.0,0,-1.2124274746395218,0.25861081610266934,-0.33456146781500334,-0.25221754851665373
61,0.5351213079409467,-0.02917553625884209,-1.6803356377743353,0.010140481080054137,6.1000000000000005,0,-1.241876619974408,0.2346448646097033,-0.2544214388827172,-0.22710148134266342
62,0.3697777702575643,-0.028504429819712518,-1.626535115893326,0.0032816477025366664,6.2,0,-1.2633117624160652,0.21319051983413645,-0.17428140995043173,-0.20198541416867336
63,0.20981428476228145,-0.028519206718334772,-1.572734594012316,-0.0035771856749808872,6.300000000000001,0,-1.2767329019644944,0.19424778177596863,-0.09414138101814562,-0.176869346994683
64,0.05523085145510076,-0.029219866954708767,-1.5189340721313065,-0.010436019052498385,6.4,0,-1.2821400386196944,0.1778166504351999,-0.014001352085860175,-0.15175327982069298
65,-0.09397252966397898,-0.030606410528834394,-1.4651335502502971,-0.017294852430015856,6.5,0,-1.279533172381666,0.16389712581183014,0.06613867684642527,-0.12663721264670288
66,-0.23779585859495894,-0.03267883744071193,-1.4113330283692873,-0.024153685807533437,6.6000000000000005,0,-1.2689123032504093,0.15248920790585935,0.14627870577871144,-0.10152114547271254
67,-0.3762391353378368,-0.03543714769034112,-1.3575325064882782,-0.03101251918505088,6.7,0,-1.250277431225924,0.14359289671728756,0.22641873471099694,-0.07640507829872245
68,-0.5093023598926149,-0.03888134127772211,-1.3037319846072686,-0.03787135256256846,6.800000000000001,0,-1.2236285563082097,0.13720819224611486,0.30655876364328305,-0.05128901112473211
69,-0.6369855322592908,-0.04301141820285481,-1.249931462726259,-0.04473018594008593,6.9,0,-1.1889656784972673,0.1333350944923411,0.3866987925755685,-0.026172943950742045
70,-0.7592886524378659,-0.04782737846573931,-1.1961309408452498,-0.05158901931760343,7.0,0,-1.1462887977930967,0.13197360345596643,0.46683882150785394,-0.0010568767767519804
71,-0.8762117204283408,-0.053329222066375526,-1.14233041896424,-0.05844785269512098,7.1000000000000005,0,-1.0955979141956964,0.13312371913699075,0.54697885044014,0.02405919039723836
72,-0.987754736230714,-0.05951694900476351,-1.0885298970832307,-0.0653066860726385,7.2,0,-1.0368930277050683,0.1367854415354141,0.6271188793724255,0.049175257571228426
73,-1.093917699844987,-0.0663905592809032,-1.0347293752022209,-0.07216551945015602,7.300000000000001,0,-0.9701741383212112,0.14295877065123652,0.7072589083047116,0.07429132474521877
74,-1.1947006112711585,-0.0739500528947947,-0.9809288533212115,-0.07902435282767352,7.4,0,-0.895441246044126,0.15164370648445785,0.787398937236997,0.09940739191920883
75,-1.289891975940196,-0.08219542984643788,-0.9103779615728023,-0.085883186205191,7.5,0,-0.8128670449706806,0.16284024903507827,0.8538615936973102,0.12452345909319895
76,-1.3749231727696811,-0.09112669013583297,-0.7902459750168912,-0.09274201958270857,7.6000000000000005,0,-0.7261820039037852,0.17654839830309763,0.8798392276405873,0.14963952626718932
77,-1.4479411709435743,-0.1007438337629796,-0.6701139884609812,-0.09960085296022604,7.7,0,-0.636899199442563,0.19276815428851599,0.9058168615838641,0.1747555934411794
78,-1.5089459704618773,-0.11104686072787812,-0.5499820019050701,-0.10645968633774361,7.800000000000001,0,-0.5450186315870122,0.21149951699133362,0.9317944955271412,0.19987166061516964
79,-1.5579375713245887,-0.12203577103052829,-0.42985001534916006,-0.11331851971526107,7.9,0,-0.4505403003371346,0.23274248641155004,0.9577721294704181,0.2249877277891598
80,-1.5949159735317089,-0.13371056467093032,-0.30971802879325,-0.12017735309277858,8.0,0,-0.3534642056929294,0.2564970625491655,0.9837497634136951,0.25010379496314983
81,-1.6198811770832382,-0.14607124164908403,-0.18958604223733988,-0.12703618647029608,8.1,0,-0.2537903476543963,0.28276324540417985,1.0097273973569718,0.27521986213713995
82,-1.632833181979177,-0.15911780196498965,-0.06945405568142793,-0.13389501984781366,8.200000000000001,0,-0.1515187262215338,0.31154103497659363,1.0357050313002492,0.3003359293111304
83,-1.633771988219524,-0.17285024561864681,0.050677930874482136,-0.14075385322533118,8.3,0,-0.046649341394345345,0.3428304312664062,1.061682665243526,0.3254519964851205
84,-1.6226975958042806,-0.18726857261005578,0.1708099174303922,-0.14761268660284865,8.4,0,0.06081780682717067,0.37663143427361756,1.087660299186803,0.35056806365911064
85,-1.5996100047334458,-0.20237278293921646,0.29094190398630226,-0.15447151998036615,8.5,0,0.17088271844301442,0.41294404399822804,1.1136379331300796,0.3756841308331008
86,-1.5645092150070201,-0.21816287660612887,0.41107389054221233,-0.16133035335788365,8.6,0,0.28354539345318586,0.4517682604402375,1.1396155670733568,0.4008001980070908
87,-1.5173952266250028,-0.23463885361079334,0.5312058770981245,-0.16818918673540123,8.700000000000001,0,0.39880583185768703,0.49310408359964664,1.165593201016634,0.4259162651810813
88,-1.458268039587395,-0.2518007139532093,0.6513378636540346,-0.17504802011291876,8.8,0,0.516664033656514,0.5369515134764542,1.191570834959911,0.45103233235507145
89,-1.3871276538941963,-0.269648457633377,0.7714698502099447,-0.18190685349043623,8.9,0,0.6371199988496684,0.5833105500706608,1.217548468903188,0.47614839952906163
90,-1.3039740695454067,-0.2881820846512964,0.8916018367658545,-0.1887656868679537,9.0,0,0.7601737274371505,0.6321811933822661,1.2435261028464646,0.5012644667030517
91,-1.208807286541026,-0.3074015950069676,1.0117338233217645,-0.19562452024547122,9.1,0,0.8858252194189605,0.6835634434112706,1.2695037367897415,0.5263805338770416
92,-1.1016273048810525,-0.32730698870039093,1.131865809877677,-0.2024833536229888,9.200000000000001,0,1.0140744747951005,0.7374573001576752,1.2954813707330188,0.5514966010510323
93,-0.9824341245654898,-0.3478982657315657,1.2519977964335869,-0.20934218700050633,9.3,0,1.1449214935655658,0.7938627636214776,1.3214590046762957,0.5766126682250223
94,-0.8512277455943361,-0.36917542610049203,1.372129782989497,-0.21620102037802377,9.4,0,1.2783662757303587,0.8527798338026792,1.3474366386195729,0.6017287353990124
95,-0.7080081679675914,-0.39113846980717015,1.4922617695454068,-0.2230598537555413,9.5,0,1.4144088212894792,0.9142085107012796,1.3734142725628495,0.6268448025730026
96,-0.5527753916852529,-0.41378739685160054,1.612393756101319,-0.2299186871330589,9.600000000000001,0,1.5530491302429301,0.9781487943172804,1.3993919065061269,0.6519608697469931
97,-0.3855294167473261,-0.43712220723378226,1.7325257426572291,-0.23677752051057638,9.700000000000001,0,1.694287202590706,1.044600684650679,1.4253695404494038,0.6770769369209831
98,-0.20627024315380843,-0.46114290095371563,1.8526577292131392,-0.24363635388809388,9.8,0,1.8381230383328098,1.1135641817014765,1.4513471743926807,0.7021930040949732
99,-0.014997870904699645,-0.48584947801140077,1.9727897157690493,-0.2504951872656114,9.9,0,1.9845566374692414,1.1850392854696732,1.4773248083359576,0.7273090712689634
100,2.5983984000000007,3.1544432706338252,0.2400721300950323,-1.2098273288477812,0.0,1,0.16613859000000003,-0.053159197632037754,0.6066689583126655,0.04929392620503075
101,2.6202019980466895,3.0345004399353117,0.19599983083874079,-1.1890292851224926,0.1,1,0.22378980054335149,-0.04822276613642298,0.5463552525543639,0.04943470370726484
102,2.6375983661677487,2.916637413609327,0.1519275315824492,-1.1682312413972038,0.2,1,0.27540964051087274,-0.043272256890584795,0.48604154679606215,0.04957548120949892
103,2.6505875043631786,2.8008541916558705,0.10785523232615764,-1.1474331976719152,0.30000000000000004,1,0.32099810990256394,-0.03830766989452319,0.42572784103776035,0.049716258711733005
104,2.659169412632981,2.6871507740749436,0.06378293306986607,-1.1266351539466264,0.4,1,0.36055520871842495,-0.03332900514823818,0.3654141352794586,0.04985703621396709
105,2.6633440909771524,2.575527160866545,0.019710633813574546,-1.1058371102213378,0.5,1,0.39408093695845564,-0.02833626265172977,0.3051004295211569,0.04999781371620117
106,2.6631115393956954,2.4659833520306766,-0.024361665442717034,-1.0850390664960492,0.6000000000000001,1,0.4215752946226562,-0.023329442404997954,0.24478672376285512,0.05013859121843525
107,2.658471757888609,2.358519347567336,-0.06843396469900859,-1.0642410227707604,0.7000000000000001,1,0.4430382817110266,-0.018308544408042724,0.1844730180045534,0.05027936872066934
108,2.6494247464558938,2.253135147476524,-0.11250626395530017,-1.0434429790454716,0.8,1,0.45846989822356693,-0.01327356866086408,0.12415931224625171,0.05042014622290342
109,2.635970505097549,2.1498307517582416,-0.15657856321159166,-1.022644935320183,0.9,1,0.467870144160277,-0.008224515163462027,0.06384560648795001,0.050560923725137506
110,2.6181090338135755,2.048606160412487,-0.20065086246788322,-1.0018468915948942,1.0,1,0.47123901952115693,-0.0031613839158365796,0.003531900729648263,0.05070170122737159
111,2.5958403326039723,1.949461373439263,-0.24472316172417485,-0.9810488478696058,1.1,1,0.46857652430620655,0.0019158250820122793,-0.05678180502865349,0.050842478729605685
112,2.5691644014687403,1.8523963908385668,-0.2887954609804664,-0.9602508041443168,1.2000000000000002,1,0.4598826585154261,0.0070071118300845635,-0.11709551078695529,0.05098325623183977
113,2.5380812404078794,1.7574112126103987,-0.3328677602367579,-0.9394527604190283,1.3,1,0.44515742214881554,0.01211247632838024,-0.17740921654525693,0.05112403373407384
114,2.5025908494213884,1.6645058387547609,-0.3769400594930495,-0.9186547166937395,1.4000000000000001,1,0.4244008152063746,0.01723191857689933,-0.23772292230355868,0.051264811236307925
115,2.4626932285092695,1.5736802692716514,-0.4210123587493411,-0.8978566729684508,1.5,1,0.39761283768810374,0.022365438575641827,-0.2980366280618605,0.05140558873854202
116,2.418388377671521,1.4849345041610709,-0.4650846580056327,-0.8770586292431621,1.6,1,0.3647934895940026,0.027513036324607734,-0.35835033382016224,0.0515463662407761
117,2.369676296908142,1.3982685434230187,-0.5091569572619242,-0.8562605855178735,1.7000000000000002,1,0.3259427709240712,0.03267471182379706,-0.418664039578464,0.05168714374301018
118,2.316556986219136,1.3136823870574954,-0.5532292565182156,-0.8354625417925846,1.8,1,0.28106068167830994,0.03785046507320977,-0.4789777453367656,0.05182792124524426
119,2.2590304456044996,1.2311760350645018,-0.5973015557745074,-0.814664498067296,1.9000000000000001,1,0.2301472218567181,0.0430402960728459,-0.5392914510950675,0.05196869874747835
120,2.1970966750642345,1.150749487444037,-0.6413738550307988,-0.7938664543420073,2.0,1,0.17320239145929645,0.04824420482270543,-0.5996051568533691,0.05210947624971243
121,2.1307556745983396,1.0724027441961004,-0.6854461542870903,-0.7730684106167186,2.1,1,0.11022619048604426,0.05346219132278839,-0.6599188626116709,0.052250253751946515
122,2.060007444206816,0.9961358053206929,-0.7295184535433821,-0.7522703668914299,2.2,1,0.04121861893696205,0.05869425557309474,-0.7202325683699726,0.0523910312541806
123,1.9848519838896634,0.9219486708178144,-0.7735907527996736,-0.7314723231661412,2.3000000000000003,1,-0.03382032318795031,0.06394039757362452,-0.7805462741282745,0.05253180875641468
124,1.9052892936468813,0.8498413406874646,-0.8176630520559651,-0.7106742794408524,2.4000000000000004,1,-0.11489063588869292,0.06920061732437768,-0.8408599798865762,0.05267258625864876
125,1.8212578845824008,0.7798138149296442,-0.8666052718809466,-0.6898762357155638,2.5,1,-0.2016206287846644,0.07447491482535425,-0.8717358075012925,0.052813363760882845
126,1.731429498158891,0.7118660935443523,-0.929962456589251,-0.6690781919902752,2.6,1,-0.2859811949502792,0.07976329007655425,-0.815475515810999,0.052954141263116934
127,1.6352653932645507,0.6459981765315889,-0.9933196412975556,-0.6482801482649863,2.7,1,-0.3647157319468644,0.08506574307797765,-0.7592152241207053,0.05309491876535102
128,1.5327655698993796,0.5822100638913545,-1.05667682600586,-0.6274821045396977,2.8000000000000003,1,-0.43782423977442037,0.09038227382962445,-0.7029549324304115,0.0532356962675851
129,1.4239300280633784,0.5205017556236491,-1.1200340107141644,-0.606684060814409,2.9000000000000004,1,-0.5053067184329468,0.09571288233149469,-0.646694640740118,0.05337647376981918
130,1.308758767756547,0.46087325172847293,-1.1833911954224687,-0.5858860170891204,3.0,1,-0.5671631679224438,0.1010575685835883,-0.5904343490498245,0.05351725127205327
131,1.187251788978885,0.4033245522058253,-1.2467483801307733,-0.5650879733638317,3.1,1,-0.6233935882429117,0.10641633258590533,-0.5341740573595309,0.05365802877428736
132,1.059409091730392,0.3478556570557067,-1.3101055648390776,-0.5442899296385428,3.2,1,-0.67399797939435,0.11178917433844578,-0.47791376566923716,0.053798806276521435
133,0.9252306760110692,0.2944665662781164,-1.3734627495473821,-0.523491885913254,3.3000000000000003,1,-0.7189763413767591,0.11717609384120962,-0.4216534739789436,0.05393958377875552
134,0.7847165418209157,0.24315727987305555,-1.4368199342556867,-0.5026938421879655,3.4000000000000004,1,-0.7583286741901389,0.1225770910941969,-0.3653931822886499,0.0540803612809896
135,0.6378666891599323,0.1939277978405234,-1.500177118963991,-0.48189579846267677,3.5,1,-0.7920549778344892,0.12799216609740754,-0.3091328905983565,0.05422113878322369
136,0.48468111802811786,0.14677812018052053,-1.5635343036722953,-0.4610977547373882,3.6,1,-0.8201552523098101,0.13342131885084163,-0.25287259890806285,0.05436191628545778
137,0.325159828425473,0.10170824689304597,-1.6268914883805998,-0.4402997110120994,3.7,1,-0.8426294976161017,0.1388645493544991,-0.1966123072177692,0.054502693787691854
138,0.1593028203519976,0.058718177978100417,-1.6902486730889041,-0.4195016672868106,3.8000000000000003,1,-0.859477713753364,0.14432185760837998,-0.14035201552747556,0.05464347128992594
139,-0.01288990619230812,0.01780791343568386,-1.7536058577972085,-0.39870362356152195,3.9000000000000004,1,-0.8706999007215969,0.1497932436124843,-0.08409172383718189,0.054784248792160026
140,-0.19141835120744366,-0.021022546734203784,-1.8169630425055125,-0.3779055798362334,4.0,1,-0.8762960585208003,0.15527870736681196,-0.027831432146888477,0.05492502629439411
141,-0.3762825146934109,-0.057773202531562956,-1.8803202272138175,-0.3571075361109445,4.1000000000000005,1,-0.8762661871509745,0.1607782488713631,0.028428859543405433,0.05506580379662819
142,-0.5674155962360435,-0.09244405395639282,-1.9271443094166048,-0.33630949238565583,4.2,1,-0.8706069698709085,0.1662918681261376,0.08551004468339729,0.05520658129886227
143,-0.75306802923783,-0.1250351010086937,-1.7859043506191377,-0.3155114486603673,4.3,1,-0.8587350229960532,0.17181956513113553,0.15192889281370875,0.055347358801096355
144,-0.9245964663598716,-0.15554634368846637,-1.6446643918216692,-0.29471340493507847,4.4,1,-0.8402211913081666,0.17736133988635688,0.21834774094402076,0.05548813630333044
145,-1.0820009076021646,-0.18397778199570958,-1.5034244330242024,-0.2739153612097898,4.5,1,-0.8150654748072491,0.1829171923918016,0.2847665890743322,0.05562891380556452
146,-1.2252813529647117,-0.2103294159304243,-1.3621844742267337,-0.253117317484501,4.6000000000000005,1,-0.7832678734933001,0.18848712264746983,0.3511854372046443,0.0557696913077986
147,-1.3544378024475114,-0.2346012454926098,-1.2209445154292666,-0.23231927375921246,4.7,1,-0.7448283873663203,0.19407113065336135,0.41760428533495575,0.05591046881003269
148,-1.4694702560505652,-0.2567932706822667,-1.0797045566317984,-0.21152123003392348,4.800000000000001,1,-0.6997470164263089,0.19966921640947635,0.48402313346526776,0.056051246312266774
149,-1.5703787137738716,-0.27690549149939453,-0.9384645978343311,-0.190723186308635,4.9,1,-0.6480237606732667,0.20528137991581472,0.5504419815955792,0.05619202381450086
150,-1.657163175617431,-0.29493790794399366,-0.7972246390368638,-0.16992514258334634,5.0,1,-0.5896586201071934,0.2109076211723765,0.6168608297258907,0.056332801316734946
151,-1.7298236415812438,-0.3108905200160637,-0.6559846802393956,-0.14912709885805758,5.1000000000000005,1,-0.5246515947280883,0.21654794017916174,0.6832796778562027,0.056473578818969035
152,-1.7883601116653103,-0.3247633277156053,-0.5147447214419284,-0.12832905513276888,5.2,1,-0.4530026845359527,0.22220233693617034,0.7496985259865141,0.05661435632120311
153,-1.83277258586963,-0.33655633104261795,-0.37350476264446,-0.10753101140748011,5.300000000000001,1,-0.3747118895307854,0.2278708114434024,0.8161173741168263,0.05675513382343721
154,-1.8630610641942025,-0.3462695299971012,-0.23226480384699294,-0.08673296768219152,5.4,1,-0.2897792097125875,0.23355336370085775,0.8825362222471376,0.056895911325671275
155,-1.8792255466390284,-0.353902924579056,-0.09102484504952574,-0.06593492395690281,5.5,1,-0.19820464508135865,0.23924999370853658,0.9489550703774491,0.057036688827905364
156,-1.8812660332041076,-0.35945651478848173,0.050215113747942686,-0.04513688023161405,5.6000000000000005,1,-0.09998819563709738,0.24496070146643886,1.0153739185077613,0.05717746633013945
157,-1.8691825238894397,-0.3629303006253787,0.19145507254540986,-0.024338836506325456,5.7,1,0.0048701386201938646,0.2506854869745645,1.0817927666380727,0.057318243832373536
158,-1.8429750186950256,-0.36432428208974693,0.3326950313428782,-0.0035407927810366946,5.800000000000001,1,0.11637035769051729,0.25642435023291354,1.1482116147683847,0.05745902133460762
159,-1.8026981093751677,-0.3636384591815861,0.4712986078593546,0.01725725094425201,5.9,1,0.23359807042268718,0.26217729124148603,1.1704720609634807,0.0575997988368417
160,-1.7488245455832838,-0.3608728319008965,0.6061726679783319,0.03805529466954072,6.0,1,0.3486348996675183,0.2679443100002819,1.130264523933152,0.05774057633907579
161,-1.6814635757795011,-0.3560274002476781,0.7410467280973104,0.05885333839482948,6.1000000000000005,1,0.4596509752093178,0.27372540650930116,1.0900569869028227,0.05788135384130987
162,-1.6006151999638216,-0.34910216422193074,0.8759207882162878,0.07965138212011807,6.2,1,0.566646297048083,0.27952058076854386,1.0498494498724942,0.05802213134354396
163,-1.506279418136243,-0.3400971238236542,1.0107948483352662,0.10044942584540689,6.300000000000001,1,0.6696208651838165,0.28532983277801,1.009641912842165,0.05816290884577803
164,-1.398456230296768,-0.32901227905284913,1.1456689084542437,0.12124746957069554,6.4,1,0.7685746796165163,0.2911531625376995,0.9694343758118363,0.05830368634801212
165,-1.2771456364453957,-0.31584762990951554,1.2805429685732213,0.14204551329598408,6.5,1,0.8635077403461833,0.29699057004761237,0.9292268387815076,0.058444463850246195
166,-1.1423476365821235,-0.3006031763936524,1.4154170286921994,0.162843557021273,6.6000000000000005,1,0.9544200473728179,0.30284205530774877,0.8890193017511786,0.05858524135248029
167,-0.9940622307069555,-0.283278918505261,1.550291088811177,0.18364160074656155,6.7,1,1.0413116006964191,0.30870761831810845,0.84881176472085,0.05872601885471437
168,-0.8322894188198878,-0.26387485624434015,1.6851651489301556,0.20443964447185037,6.800000000000001,1,1.124182400316988,0.3145872590786917,0.8086042276905208,0.058866796356948456
169,-0.6570292009209241,-0.24239098961089078,1.8200392090491329,0.22523768819713896,6.9,1,1.2030324462345234,0.3204809775894981,0.7683966906601921,0.05900757385918254
170,-0.4682815770100627,-0.21882731860491245,1.9549132691681101,0.24603573192242761,7.0,1,1.277861738449026,0.3263887738505281,0.7281891536298634,0.05914835136141662
171,-0.26604654708730147,-0.19318384322640503,2.089787329287089,0.26683377564771643,7.1000000000000005,1,1.3486702769604961,0.33231064786178144,0.6879816165995343,0.0592891288636507
172,-0.05032411115264468,-0.16546056347536908,2.2246613894060663,0.28763181937300514,7.2,1,1.4154580617689327,0.3382465996232582,0.6477740795692056,0.059429906365884785
173,0.178885730793912,-0.13565747935180406,2.3595354495250445,0.3084298630982938,7.300000000000001,1,1.4782250928743372,0.34419662913495847,0.6075665425388765,0.059570683868118875
174,0.4215829787523647,-0.10377459085571028,2.494409509644022,0.32922790682358255,7.4,1,1.5369713702767083,0.350160736396882,0.5673590055085479,0.05971146137035296
175,0.6767036035591297,-0.06981189798708765,2.5450124600070785,0.3500259505488711,7.5,1,1.591492478512749,0.3561389214090289,0.5109617637850661,0.05985223887258704
176,0.921262872834116,-0.03376940074593604,2.346172925492619,0.37082399427415996,7.6000000000000005,1,1.6373727165104952,0.36213118417139945,0.4066429961698522,0.05999301637482113
177,1.145938188657654,0.004352900867744425,2.147333390978161,0.39162203799944856,7.7,1,1.6728210777467196,0.3681375246839932,0.30232422855463936,0.060133793877055204
178,1.3507295510297486,0.04455500685395386,1.9484938564637018,0.4124200817247373,7.800000000000001,1,1.697837562221423,0.3741579429468105,0.19800546093942561,0.06027457137928929
179,1.5356369599503954,0.0868369172126916,1.7496543219492442,0.4332181254500259,7.9,1,1.712422169934605,0.380192438959851,0.0936866933242127,0.060415348881523376
180,1.700660415419596,0.13119863194395864,1.5508147874347866,0.4540161691753146,8.0,1,1.7165749008862656,0.38624101272311506,-0.010632074291000215,0.06055612638375746
181,1.8457999174373512,0.17764015104775432,1.3519752529203286,0.47481421290060327,8.1,1,1.7102957550764049,0.39230366423660257,-0.11495084190621307,0.06069690388599155
182,1.971055466003663,0.22616147452407975,1.1531357184058675,0.4956122566258922,8.200000000000001,1,1.6935847325050228,0.3983803935003135,-0.21926960952142777,0.06083768138822564
183,2.076427061118526,0.27676260237293326,0.9542961838914099,0.5164103003511807,8.3,1,1.6664418331721191,0.4044712005142477,-0.3235883771366406,0.06097845889045971
184,2.1619147027819445,0.3294435345943155,0.755456649376952,0.5372083440764694,8.4,1,1.6288670570776946,0.4105760852784054,-0.4279071447518535,0.0611192363926938
185,2.2275183909939162,0.384204271188227,0.5566171148624943,0.5580063878017582,8.5,1,1.5808604042217487,0.41669504779278643,-0.5322259123670664,0.061260013894927884
186,2.2732381257544425,0.44104481215466695,0.3577775803480363,0.5788044315270467,8.6,1,1.522421874604282,0.4228280880573909,-0.6365446799822793,0.061400791397161966
187,2.2990739070635233,0.4999651574936367,0.1589380458335754,0.5996024752523357,8.700000000000001,1,1.453551468225292,0.42897520607221884,-0.740863447597494,0.06154156889939605
188,2.3050257349211583,0.5609653072051346,-0.03990148868088239,0.6204005189776243,8.8,1,1.3742491850847824,0.43513640183727015,-0.845182215212707,0.06168234640163013
189,2.2910936093273473,0.6240452612891614,-0.2387410231953404,0.641198562702913,8.9,1,1.2845150251827515,0.4413116753525449,-0.94950098282792,0.06182312390386421
190,2.2572775302820904,0.6892050197457167,-0.43758055770979776,0.6619966064282016,9.0,1,1.1843489885191991,0.4475010266180429,-1.0538197504431326,0.061963901406098296
191,2.2035774977853877,0.7564445825748011,-0.6364200922242554,0.6827946501534903,9.1,1,1.0737510750941253,0.45370445563376444,-1.1581385180583454,0.06210467890833238
192,2.129993511837238,0.8257639497764157,-0.8352596267387169,0.7035926938787791,9.200000000000001,1,0.9527212849075287,0.45992196239970956,-1.2624572856735603,0.06224545641056647
193,2.036525572437644,0.8971631213505578,-1.0340991612531747,0.7243907376040678,9.3,1,0.8212596179594125,0.4661535469158779,-1.3667760532887732,0.06238623391280055
194,1.923173679586604,0.9706420972972286,-1.2329386957676323,0.7451887813293564,9.4,1,0.6793660742497749,0.4723992091822696,-1.4710948209039862,0.06252701141503463
195,1.789937833284118,1.0462008776164282,-1.43177823028209,0.7659868250546451,9.5,1,0.5270406537786161,0.47865894919888474,-1.5754135885191987,0.06266778891726872
196,1.636818033530184,1.1238394623081585,-1.6306177647965516,0.7867848687799341,9.600000000000001,1,0.3642833565459331,0.4849327669657234,-1.6797323561344137,0.0628085664195028
197,1.4638142803248066,1.203557851372416,-1.8294572993110092,0.8075829125052227,9.700000000000001,1,0.19109418255173166,0.4912206624827854,-1.7840511237496264,0.06294934392173689
198,1.2709265736679836,1.2853560448092023,-2.028296833825467,0.8283809562305112,9.8,1,0.007473131796009114,0.4975226357500707,-1.8883698913648395,0.06309012142397097
199,1.0581549135597146,1.3692340426185177,-2.2271363683399246,0.8491789999557999,9.9,1,-0.1865797957212349,0.5038386867675795,-1.9926886589800523,0.06323089892620506
200,1.9765145,2.378087771090052,0.9896272374236023,-1.0202144049266717,0.0,2,2.3228643000000004,1.442591507626794,-0.9010644766199308,-0.9447202863265753
201,2.0697873195963092,2.2769133799514654,0.8758291545025878,-1.0032734178450682,0.1,2,2.229659622702445,1.3493570107935275,-0.9630290693311833,-0.9199696503387559
202,2.1516803309005175,2.1774330875210386,0.7620310715815732,-0.9863324307634643,0.2,2,2.1302584861337635,1.2585975775590426,-1.0249936620424356,-0.8952190143509362
203,2.2221935339126238,2.079646893798772,0.6482329886605587,-0.9693914436818605,0.30000000000000004,2,2.024660890293957,1.17031320792334,-1.086958254753688,-0.8704683783631167
204,2.2813269286326294,1.9835547987846667,0.5344349057395441,-0.9524504566002567,0.4,2,1.9128668351830265,1.084503901886419,-1.1489228474649404,-0.8457177423752972
205,2.3290805150605327,1.8891568024787209,0.4206368228185297,-0.9355094695186532,0.5,2,1.7948763208009697,1.0011696594482808,-1.2108874401761927,-0.8209671063874777
206,2.3654542931963354,1.796452904880936,0.30683873989751514,-0.9185684824370494,0.6000000000000001,2,1.6706893471477875,0.9203104806089241,-1.272852032887445,-0.7962164703996583
207,2.3904482630400357,1.7054431059913118,0.19304065697650052,-0.9016274953554458,0.7000000000000001,2,1.5403059142234805,0.8419263653683489,-1.3348166255986973,-0.7714658344118386
208,2.4040624245916353,1.6161274058098465,0.07924257405548607,-0.8846865082738418,0.8,2,1.403726022028048,0.7660173137265562,-1.39678121830995,-0.7467151984240191
209,2.4062967778511335,1.5285058043365425,-0.03455550886552827,-0.8677455211922382,0.9,2,1.2609496705614909,0.6925833256835451,-1.4587458110212022,-0.7219645624361993
210,2.3971513228185297,1.4425783015713989,-0.14835359178654284,-0.8508045341106344,1.0,2,1.111976859823808,0.6216244012393163,-1.5207104037324544,-0.6972139264483799
211,2.376626059493825,1.3583448975144161,-0.2621516747075574,-0.8338635470290309,1.1,2,0.9568075898149997,0.5531405403938693,-1.582674996443707,-0.6724632904605604
212,2.3447209878770185,1.275805592165593,-0.3759497576285721,-0.816922559947427,1.2000000000000002,2,0.7954418605350663,0.48713174314720414,-1.6446395891549594,-0.6477126544727408
213,2.3014361079681103,1.1949603855249302,-0.4897478405495865,-0.7999815728658232,1.3,2,0.627879671984008,0.42359800949932125,-1.7066041818662117,-0.6229620184849214
214,2.246771419767101,1.115809277592428,-0.6035459234706011,-0.7830405857842194,1.4000000000000001,2,0.4541210241618242,0.36253933945021966,-1.768568774577464,-0.5982113824971017
215,2.1807269232739896,1.0383522683680864,-0.7173440063916157,-0.7660995987026159,1.5,2,0.2741659170685151,0.3039557329999008,-1.8305333672887163,-0.5734607465092822
216,2.1033026184887778,0.9625893578519052,-0.8311420893126302,-0.749158611621012,1.6,2,0.08801435070408092,0.24784719014836346,-1.8924979599999687,-0.5487101105214627
217,2.0144985054114635,0.8885205460438839,-0.9449401722336448,-0.7322176245394084,1.7000000000000002,2,-0.10433367493147871,0.19421371089560785,-1.9544625527112212,-0.5239594745336431
218,1.9143145840420488,0.8161458329440231,-1.0587382551546591,-0.7152766374578045,1.8,2,-0.302878159838163,0.14305529524163482,-2.0164271454224734,-0.49920883854582365
219,1.8027508543805322,0.7454652185523231,-1.1725363380756737,-0.6983356503762009,1.9000000000000001,2,-0.5076191040159734,0.0943719431864434,-2.078391738133726,-0.4744582025580041
220,1.6798073164269143,0.6764787028687833,-1.286334420996688,-0.6813946632945971,2.0,2,-0.718556507464908,0.04816365473003404,-2.1403563308449782,-0.4497075665701846
221,1.5454839701811944,0.6091862858934035,-1.4001325039177026,-0.6644536762129934,2.1,2,-0.9356903701849687,0.00443042987240648,-2.2023209235562304,-0.42495693058236506
222,1.3997808156433735,0.5435879676261846,-1.5139305868387172,-0.6475126891313896,2.2,2,-1.159020692176155,-0.036827731386439015,-2.2642855162674826,-0.4002062945945455
223,1.2426978528134507,0.47968374806712577,-1.627728669759732,-0.630571702049786,2.3000000000000003,2,-1.3885474734384655,-0.07561082904650257,-2.3262501089787353,-0.37545565860672586
224,1.0742350816914266,0.41747362721622716,-1.7415267526807465,-0.6136307149681821,2.4000000000000004,2,-1.624270713971902,-0.1119188631077843,-2.388214701689988,-0.3507050226189064
225,0.8949375389466402,0.35695760507348917,-1.8121579313901397,-0.5966897278865784,2.5,2,-1.8650283693748642,-0.14575183357028382,-2.358145377794688,-0.325954386631087
226,0.7165788886954761,0.2981356816389117,-1.7550150736331387,-0.5797487408049748,2.6,2,-2.085718421301799,-0.17710974043400168,-2.0556556607440015,-0.3012037506432674
227,0.5439345242200124,0.24100785691249427,-1.6978722158761375,-0.5628077537233709,2.7,2,-2.2761595015236646,-0.20599258369893725,-1.7531659436933154,-0.2764531146554478
228,0.37700444552024837,0.18557413089423735,-1.6407293581191364,-0.5458667666417671,2.8000000000000003,2,-2.4363516100404623,-0.23240036336509112,-1.4506762266426287,-0.2517024786676282
229,0.2157886525961848,0.13183450358414048,-1.5835865003621352,-0.5289257795601634,2.9000000000000004,2,-2.566294746852191,-0.2563330794324629,-1.1481865095919424,-0.2269518426798087
230,0.0602871454478217,0.07978897498220498,-1.5264436426051344,-0.5119847924785598,3.0,2,-2.6659889119588507,-0.27779073190105286,-0.8456967925412572,-0.20220120669198924
231,-0.08950007592484185,0.029437545088429093,-1.4693007848481332,-0.49504380539695614,3.1,2,-2.7354341053604423,-0.29677332077086077,-0.5432070754905711,-0.17745057070416967
232,-0.23357301152180512,-0.01921978609718629,-1.412157927091132,-0.4781028183153523,3.2,2,-2.7746303270569643,-0.3132808460418869,-0.2407173584398843,-0.15269993471635016
233,-0.3719316613430685,-0.06618301857464184,-1.355015069334131,-0.46116183123374843,3.3000000000000003,2,-2.783577577048419,-0.3273133077141308,0.0617723586108021,-0.1279492987285306
234,-0.5045760253886318,-0.11145215234393645,-1.2978722115771297,-0.4442208441521448,3.4000000000000004,2,-2.7622758553348046,-0.33887070578759304,0.3642620756614887,-0.10319866274071102
235,-0.6315061036584941,-0.1550271874050706,-1.240729353820129,-0.42727985707054117,3.5,2,-2.710725161916122,-0.3479530402622729,0.6667517927121739,-0.07844802675289159
236,-0.7527218961526572,-0.19690812375804423,-1.1835864960631277,-0.4103388699889375,3.6,2,-2.6289254967923696,-0.3545603111381712,0.9692415097628602,-0.053697390765072045
237,-0.8682234028711199,-0.23709496140285813,-1.1264436383061267,-0.3933978829073337,3.7,2,-2.516876859963549,-0.35869251841528743,1.271731226813547,-0.028946754777252504
238,-0.9780106238138827,-0.2755877003395112,-1.0693007805491255,-0.3764568958257299,3.8000000000000003,2,-2.374579251429661,-0.36034966209362174,1.5742209438642334,-0.004196118789432907
239,-1.0820835589809454,-0.31238634056800396,-1.0121579227921242,-0.3595159087441261,3.9000000000000004,2,-2.202032671190703,-0.35953174217317396,1.8767106609149198,0.020554517198386663
240,-1.1804422083723072,-0.34749088208833623,-0.9550150650351233,-0.3425749216625225,4.0,2,-1.999237119246677,-0.3562387586539445,2.179200377965605,0.04530515318620612
241,-1.27308657198797,-0.38090132490050854,-0.8978722072781219,-0.3256339345809186,4.1000000000000005,2,-1.7661925955975808,-0.3504707115359328,2.4816900950162926,0.0700557891740258
242,-1.3600074438419671,-0.41261766900452007,-0.8384508679948606,-0.3086929474993149,4.2,2,-1.5030358042245537,-0.3422276008191392,2.7503455767359775,0.09480642516184523
243,-1.4395855773092292,-0.44263991440037126,-0.7531118013503859,-0.2917519604177114,4.3,2,-1.2338116938094796,-0.33150942650356396,2.6341366315655352,0.11955706114966469
244,-1.5106298041120445,-0.47096806108806255,-0.6677727347059104,-0.27481097333610743,4.4,2,-0.9762084779114465,-0.3183161885892062,2.5179276863950912,0.14430769713748431
245,-1.573140124250412,-0.4976021090675927,-0.5824336680614356,-0.2578699862545039,4.5,2,-0.7302261565304605,-0.30264788707606693,2.4017187412246486,0.16905833312530377
246,-1.6271165377243315,-0.5225420583389633,-0.49709460141696016,-0.24092899917289995,4.6000000000000005,2,-0.49586472966651673,-0.28450452196414544,2.2855097960542055,0.19380896911312345
247,-1.6725590445338039,-0.5457879089021729,-0.4117555347724854,-0.22398801209129643,4.7,2,-0.2731241973196189,-0.26388609325344226,2.169300850883763,0.21855960510094286
248,-1.7094676446788288,-0.5673396607572225,-0.32641646812801006,-0.20704702500969246,4.800000000000001,2,-0.062004559489763744,-0.24079260094395677,2.0530919057133192,0.24331024108876256
249,-1.737842338159406,-0.5871973139041116,-0.24107740148353524,-0.1901060379280889,4.9,2,0.13749418382304524,-0.2152240450356897,1.9368829605428766,0.268060877076582
250,-1.7576831249755358,-0.6053608683428402,-0.15573833483906052,-0.17316505084648515,5.0,2,0.3253720326188101,-0.18718042552864061,1.820674015372434,0.29281151306440145
251,-1.768990005127218,-0.6218303240734085,-0.07039926819458503,-0.15622406376488135,5.1000000000000005,2,0.5016289868975321,-0.15709194592389286,1.7044650702019903,0.30017841574313203
252,-1.7717629786144529,-0.6366056810958165,0.01493979844988963,-0.13928307668327766,5.2,2,0.6662650466592086,-0.12759268438447433,1.588256125031548,0.28980681504524164
253,-1.76600204543724,-0.6496869394100644,0.10027886509436523,-0.12234208960167381,5.300000000000001,2,0.819280211903842,-0.09913058291484447,1.4720471798611043,0.2794352143473511
254,-1.7517072055955798,-0.6610740990161512,0.18561793173883984,-0.10540110252007018,5.4,2,0.9606744826314297,-0.07170564151500403,1.355838234690662,0.26906361364946063
255,-1.7288784590894724,-0.670767159914078,0.27095699838331455,-0.08846011543846649,5.5,2,1.0904478588419733,-0.04531786018495265,1.2396292895202192,0.25869201295157024
256,-1.6975158059189168,-0.6787661221038446,0.3562960650277901,-0.0715191283568627,5.6000000000000005,2,1.2086003405354737,-0.019967238924689903,1.1234203443497757,0.24832041225367973
257,-1.657619246083914,-0.6850709855854507,0.44163513167226487,-0.05457814127525901,5.7,2,1.3151319277119289,0.004346222265783501,1.0072113991793332,0.23794881155578929
258,-1.6091887795844637,-0.6896817503588965,0.5269741983167403,-0.03763715419365515,5.800000000000001,2,1.4100426203713403,0.027622523386467947,0.8910024540088897,0.22757721085789878
259,-1.5522275775958956,-0.6925984164241817,0.612160120396517,-0.020696167112051467,5.9,2,1.4934404968392339,0.04986166443736327,0.7800129011443677,0.21720561016000836
260,-1.486763101628783,-0.6938209837813065,0.6971293989457452,-0.00375518003044778,6.0,2,1.5662614858393995,0.07106364541846952,0.6764068788589527,0.20683400946211794
261,-1.4128016978067468,-0.6933494524302714,0.7820986774949743,0.013185807051156018,6.1000000000000005,2,1.6287218726110244,0.09122846632978687,0.5728008565735367,0.19646240876422744
262,-1.3303433661297879,-0.6911838223710756,0.8670679560442025,0.030126794132759704,6.2,2,1.680821657154107,0.11035612717131509,0.46919483428812164,0.186090808066337
263,-1.2393881065979058,-0.6873240936037193,0.9520372345934316,0.0470677812143635,6.300000000000001,2,1.7225608394686487,0.1284466279430543,0.36558881200270565,0.17571920736844646
264,-1.1399359192111016,-0.6817702661282028,1.0370065131426598,0.06400876829596719,6.4,2,1.753939419554648,0.14549996864500434,0.2619827897172906,0.16534760667055606
265,-1.0319868039693747,-0.6745223399445259,1.121975791691888,0.08094975537757082,6.5,2,1.7749573974121067,0.16151614927716537,0.15837676743187556,0.15497600597266564
266,-0.9155407608727236,-0.6655803150526884,1.206945070241117,0.09789074245917467,6.6000000000000005,2,1.7856147730410232,0.17649516983953747,0.054770745146459576,0.14460440527477514
267,-0.7905977899211509,-0.654944191452691,1.2919143487903453,0.1148317295407783,6.7,2,1.7859115464413986,0.19043703033212048,-0.048835277138955524,0.13423280457688472
268,-0.6571578911146545,-0.642613969144533,1.3768836273395744,0.13177271662238216,6.800000000000001,2,1.7758477176132321,0.20334173075491443,-0.1524412994243715,0.12386120387899419
269,-0.515221064453236,-0.6285896481282145,1.4618529058888026,0.1487137037039858,6.9,2,1.7554232865565245,0.21520927110791935,-0.2560473217097866,0.11348960318110375
270,-0.3647873099368949,-0.6128712284037358,1.5468221844380308,0.16565469078558948,7.0,2,1.7246382532712754,0.22603965139113508,-0.35965334399520166,0.10311800248321334
271,-0.2058566275656296,-0.5954587099710966,1.6317914629872599,0.18259567786719327,7.1000000000000005,2,1.6834926177574838,0.235832871604562,-0.4632593662806176,0.09274640178532281
272,-0.038429017339442706,-0.576352092830297,1.716760741536488,0.19953666494879702,7.2,2,1.6319863800151515,0.24458893174819976,-0.5668653885660326,0.0823748010874324
273,0.13749552074166838,-0.5555513769813372,1.8017300200857171,0.21647765203040076,7.300000000000001,2,1.5701195400442773,0.25230783182204847,-0.6704714108514487,0.07200320038954187
274,0.3219169866777011,-0.533056562424217,1.8866992986349453,0.2334186391120045,7.4,2,1.497892097844862,0.25898957182610816,-0.7740774331368637,0.06163159969165147
275,0.5140090252688468,-0.5088676491589366,1.906221245359279,0.25035962619360813,7.5,2,1.4156222942900607,0.2646341517603787,-0.8524787782683384,0.05125999899376103
276,0.6959210420309083,-0.4829846371854952,1.732019089881933,0.26730061327521193,7.6000000000000005,2,1.3301846414254357,0.2692415716248604,-0.8562742790241533,0.040888398295870515
277,0.8604128432452338,-0.45540752650389393,1.557816934404588,0.2842416003568156,7.7,2,1.24436743848523,0.27281183141955284,-0.8600697797799681,0.03051679759798008
278,1.0074844289118263,-0.4261363171141321,1.383614778927242,0.3011825874384194,7.800000000000001,2,1.158170685469442,0.2753449311444563,-0.863865280535783,0.020145196900089604
279,1.1371357990306825,-0.39517100901621016,1.209412623449897,0.3181235745200231,7.9,2,1.0715943823780731,0.27684087079957076,-0.867660781291598,0.009773596202199142
280,1.2493669536018046,-0.3625116022101277,1.035210467972552,0.33506456160162684,8.0,2,0.984638529211123,0.2772996503848961,-0.8714562820474128,-0.000598004495691265
281,1.3441778926251924,-0.32815809669588497,0.8610083124952073,0.3520055486832305,8.1,2,0.8973031259685912,0.27672126990043255,-0.8752517828032276,-0.010969605193581686
282,1.421568616100847,-0.29211049247348125,0.6868061570178594,0.3689465357648344,8.200000000000001,2,0.8095881726504767,0.2751057293461798,-0.8790472835590426,-0.0213412058914723
283,1.4815391240287652,-0.25436878954291764,0.5126040015405148,0.38588752284643807,8.3,2,0.7214936692567818,0.272453028722138,-0.8828427843148574,-0.031712806589362694
284,1.5240894164089493,-0.2149329879041938,0.3384018460631698,0.4028285099280418,8.4,2,0.6330196157875057,0.26876316802830724,-0.8866382850706724,-0.04208440728725314
285,1.5492194932413987,-0.1738030875573096,0.16419969058582495,0.41976949700964544,8.5,2,0.5441660122426479,0.2640361472646875,-0.8904337858264872,-0.05245600798514358
286,1.556929354526114,-0.13097908850226503,-0.010002464891519791,0.43671048409124913,8.6,2,0.4549328586222088,0.2582719664312786,-0.894229286582302,-0.06282760868303398
287,1.5472190002630943,-0.08646099073905927,-0.18420462036886764,0.45365147117285304,8.700000000000001,2,0.36532015492618675,0.2514706255280805,-0.898024787338117,-0.07319920938092458
288,1.5200884304523408,-0.0402487942676939,-0.3584067758462125,0.4705924582544568,8.8,2,0.2753279011545845,0.24363212455509356,-0.9018202880939319,-0.08357081007881499
289,1.4755376450938524,0.007657500911831705,-0.5326089313235574,0.4875334453360604,8.9,2,0.18495609730740104,0.2347564635123176,-0.9056157888497467,-0.09394241077670545
290,1.4135666441876293,0.05725789479951782,-0.7068110868009021,0.5044744324176641,9.0,2,0.09420474338463586,0.22484364239975257,-0.9094112896055615,-0.10431401147459587
291,1.3341754277336721,0.10855238739536427,-0.8810132422782467,0.5214154194992678,9.1,2,0.0030738393862892455,0.2138936612173985,-0.9132067903613763,-0.1146856121724863
292,1.237363995731979,0.161540978699372,-1.055215397755595,0.5383564065808717,9.200000000000001,2,-0.08843661468764041,0.20190651996525516,-0.9170022911171913,-0.12505721287037688
293,1.1231323481825526,0.21622366871153909,-1.2294175532329397,0.5552973936624755,9.3,2,-0.18032661883714995,0.188882218643323,-0.9207977918730063,-0.1354288135682673
294,0.9914804850853917,0.2726004574318667,-1.4036197087102844,0.5722383807440791,9.4,2,-0.272596173062241,0.17482075725160182,-0.9245932926288212,-0.14580041426615775
295,0.8424084064404965,0.3306713448603546,-1.5778218641876292,0.5891793678256828,9.5,2,-0.36524527736291346,0.15972213579009156,-0.9283887933846359,-0.15617201496404817
296,0.6759161122478637,0.3904363309970039,-1.7520240196649772,0.6061203549072868,9.600000000000001,2,-0.4582739317391692,0.14358635425879201,-0.9321842941404509,-0.16654361566193876
297,0.4920036025074994,0.4518954158418126,-1.9262261751423218,0.6230613419888905,9.700000000000001,2,-0.5516821361910047,0.12641341265770364,-0.9359797948962658,-0.17691521635982918
298,0.29067087721940077,0.5150485993947815,-2.1004283306196667,0.6400023290704941,9.8,2,-0.6454698907184216,0.10820331098682628,-0.9397752956520806,-0.1872868170577196
299,0.07191793638356758,0.579895881655911,-2.2746304860970117,0.6569433161520978,9.9,2,-0.7396371953214201,0.08895604924615988,-0.9435707964078954,-0.19765841775561005
300,2.5630305000000004,3.57110744209366,0.14521288985578082,-1.4602819415584083,0.0,3,0.6653209000000001,0.6919293869008262,-0.9901027397817646,0.5553433151196628
301,2.576388787016276,3.426300100629623,0.12195285046972165,-1.4358648877223252,0.1,3,0.57148539500095,0.7445065958596528,-0.8866073601992399,0.4962008640568679
302,2.587421070093945,3.2839344645491955,0.09869281108366247,-1.4114478338862417,0.2,3,0.487999427960152,0.7911695597121997,-0.7831119806167154,0.437058412994073
303,2.5961273492330075,3.1440105338523745,0.07543277169760326,-1.3870307800501582,0.30000000000000004,3,0.4148629988776067,0.8319182784584672,-0.6796166010341906,0.3779159619312781
304,2.6025076244334655,3.0065283085391634,0.052172732311544096,-1.3626137262140752,0.4,3,0.35207610775331394,0.8667527520984554,-0.5761212214516662,0.3187735108684832
305,2.6065618956953167,2.8714877886095596,0.02891269292548493,-1.3381966723779921,0.5,3,0.2996387545872736,0.8956729806321639,-0.4726258418691415,0.2596310598056883
306,2.6082901630185624,2.738888974063565,0.005652653539425734,-1.3137796185419088,0.6000000000000001,3,0.2575509393794856,0.9186789640595932,-0.3691304622866168,0.20048860874289337
307,2.6076924264032018,2.608731864901179,-0.017607385846633447,-1.2893625647058256,0.7000000000000001,3,0.2258126621299502,0.9357707023807426,-0.26563508270409225,0.14134615768009845
308,2.604768685849236,2.4810164611223997,-0.04086742523269264,-1.264945510869742,0.8,3,0.2044239228386672,0.9469481955956129,-0.16213970312156767,0.08220370661730353
309,2.599518941356664,2.3557427627272296,-0.0641274646187518,-1.2405284570336588,0.9,3,0.19338472150563665,0.9522114437042034,-0.05864432353904303,0.023061255554508664
310,2.591943192925486,2.2329107697156676,-0.08738750400481096,-1.2161114031975755,1.0,3,0.19269505813085852,0.9515604467065146,0.044851056043481496,-0.0360811955082862
311,2.5820414405557015,2.112520482087715,-0.11064754339087016,-1.1916943493614924,1.1,3,0.20235493271433297,0.944995204602546,0.14834643562600625,-0.09522364657108118
312,2.569813684247311,1.9945718998433697,-0.13390758277692935,-1.1672772955254092,1.2000000000000002,3,0.22236434525605983,0.9325157173922983,0.2518418152085309,-0.15436609763387615
313,2.555259924000316,1.8790650229826324,-0.15716762216298852,-1.1428602416893257,1.3,3,0.25272329575603913,0.914121985075771,0.35533719479105536,-0.21350854869667102
314,2.5383801598147135,1.765999851505504,-0.1804276615490477,-1.1184431878532424,1.4000000000000001,3,0.2934317842142709,0.889814007652964,0.45883257437358005,-0.27265099975946594
315,2.519174391690506,1.6553763854119845,-0.2036877009351069,-1.0940261340171593,1.5,3,0.3444898106307552,0.8595917851238778,0.5623279539561048,-0.33179345082226086
316,2.4976426196276926,1.547194624702073,-0.2269477403211661,-1.069609080181076,1.6,3,0.40589737500549194,0.823455317488512,0.6658233335386293,-0.3909359018850559
317,2.4737848436262726,1.441454569375769,-0.2502077797072253,-1.0451920263449925,1.7000000000000002,3,0.47765447733848115,0.7814046047468666,0.7693187131211541,-0.4500783529478508
318,2.4476010636862475,1.3381562194330736,-0.27346781909328444,-1.0207749725089095,1.8,3,0.5597611176297226,0.7334396468989419,0.8728140927036786,-0.5092208040106456
319,2.419091279807616,1.2372995748739872,-0.29672785847934363,-0.9963579186728262,1.9000000000000001,3,0.652217295879217,0.6795604439447375,0.9763094722862032,-0.5683632550734405
320,2.3882554919903787,1.1388846356985087,-0.31998789786540277,-0.9719408648367429,2.0,3,0.755023012086963,0.6197669958842538,1.0798048518687278,-0.6275057061362354
321,2.3550937002345353,1.0429114019066381,-0.34324793725146197,-0.9475238110006596,2.1,3,0.8681782662529622,0.5540593027174904,1.1833002314512524,-0.6866481571990304
322,2.3196059045400865,0.9493798734983767,-0.36650797663752116,-0.9231067571645764,2.2,3,0.9916830583772138,0.4824373644444475,1.2867956110337773,-0.7457906082618253
323,2.281792104907031,0.858290050473723,-0.38976801602358035,-0.8986897033284929,2.3000000000000003,3,1.1255373884597177,0.4049011810651252,1.3902909906163017,-0.8049330593246202
324,2.24165230133537,0.769641932832678,-0.41302805540963955,-0.8742726494924097,2.4000000000000004,3,1.2697412565004744,0.3214507525795233,1.4937863701988265,-0.8640755103874151
325,2.1989759847802506,0.6834355205752415,-0.4529604111480048,-0.8498555956563265,2.5,3,1.422637721976817,0.23222380818572108,1.4660520603862603,-0.91230980896237
326,2.1492158230583907,0.599670813701413,-0.542242823289196,-0.8254385418202435,2.6,3,1.548434218494342,0.14019551892893647,1.0498778699642342,-0.9282559761733202
327,2.0905274201224113,0.5183478122111924,-0.6315252354303873,-0.80102148798416,2.7,3,1.6326132959696642,0.0465726129510569,0.6337036795422077,-0.9442021433842704
328,2.022910775972313,0.4394665161045804,-0.7208076475715784,-0.7766044341480765,2.8000000000000003,3,1.6751749544027834,-0.04864490974791773,0.21752948912018089,-0.9601483105952207
329,1.9463658906080954,0.36302692538157655,-0.8100900597127696,-0.7521873803119932,2.9000000000000004,3,1.6761191937937006,-0.14545704916798735,-0.1986447013018453,-0.9760944778061709
330,1.8608927640297592,0.28902904004218216,-0.8993724718539604,-0.7277703264759101,3.0,3,1.6354460141424148,-0.2438638053091517,-0.6148188917238702,-0.992040645017121
331,1.7664913962373037,0.2174728600863952,-0.9886548839951516,-0.7033532726398269,3.1,3,1.5531554154489267,-0.3438651781714113,-1.0309930821458964,-1.0079868122280713
332,1.6631617872307285,0.14835838551421682,-1.077937296136343,-0.6789362188037436,3.2,3,1.429247397713235,-0.44546116775476596,-1.447167272567923,-1.0239329794390213
333,1.5509039370100348,0.08168561632564628,-1.1672197082775342,-0.65451916496766,3.3000000000000003,3,1.2637219609353414,-0.5486517740592158,-1.8633414629899496,-1.0398791466499715
334,1.429717845575222,0.017454552520684313,-1.2565021204187254,-0.630102111131577,3.4000000000000004,3,1.0565791051152456,-0.6534369970847607,-2.279515653411976,-1.0558253138609217
335,1.2996035129262902,-0.04433480590066918,-1.3457845325599163,-0.6056850572954937,3.5,3,0.8078188302529472,-0.7598168368313998,-2.6956898438340007,-1.071771481071872
336,1.160560939063239,-0.10368245893841385,-1.4350669447011073,-0.5812680034594107,3.6,3,0.5174411363484457,-0.8677912932991346,-3.111864034256027,-1.087717648282822
337,1.0125901239860684,-0.1605884065925513,-1.5243493568422986,-0.5568509496233272,3.7,3,0.1854460234017412,-0.9773603664879643,-3.528038224678054,-1.1036638154937721
338,0.8556910676947789,-0.2150526488630798,-1.6136317689834896,-0.5324338957872439,3.8000000000000003,3,-0.188166508587166,-1.0885240563978895,-3.94421241510008,-1.1196099827047223
339,0.6898637701893705,-0.2670751857499999,-1.7029141811246806,-0.5080168419511605,3.9000000000000004,3,-0.6033964596182757,-1.2012823630289091,-4.360386605522105,-1.1355561499156726
340,0.5151082314698432,-0.31665601725331155,-1.7921965932658717,-0.48359978811507753,4.0,3,-1.0602438296915857,-1.3156352863810232,-4.776560795944131,-1.1515023171266225
341,0.3314244515361956,-0.36379514337301566,-1.8814790054070634,-0.459182734278994,4.1000000000000005,3,-1.5587086188071027,-1.4315828264542336,-5.192734986366159,-1.1674484843375728
342,0.1388625762813591,-0.40849256410911045,-1.958350309048446,-0.43476568044291064,4.2,3,-2.098444732697938,-1.5490692807736772,-5.52325084573538,-1.1696082890204307
343,-0.053757201846288065,-0.45074827946159735,-1.8940452535045138,-0.4103486266068276,4.3,3,-2.618577434453653,-1.65829710622201,-4.8794031893789676,-1.014948219946238
344,-0.2399464744195441,-0.4905622894304763,-1.8297401979605807,-0.38593157277074414,4.4,3,-3.0743253705737326,-1.752058924762925,-4.235555533022549,-0.8602881508720442
345,-0.41970524143840493,-0.527934594015746,-1.7654351424166486,-0.3615145189346611,4.5,3,-3.465688541058166,-1.8303547363964197,-3.5917078766661374,-0.7056280817978521
346,-0.5930335029028738,-0.5628651932174086,-1.7011300868727155,-0.3370974650985775,4.6000000000000005,3,-3.792666945906959,-1.893184541122495,-2.9478602203097184,-0.5509680127236581
347,-0.7599312588129483,-0.5953540870354618,-1.636825031328783,-0.31268041126249446,4.7,3,-4.055260585120109,-1.9405483389411513,-2.3040125639533056,-0.3963079436494657
348,-0.9203985091686309,-0.6254012754699074,-1.5725199757848503,-0.2882633574264109,4.800000000000001,3,-4.253469458697621,-1.9724461298523883,-1.6601649075968876,-0.24164787457527204
349,-1.0744352539699187,-0.6530067585207442,-1.5082149202409179,-0.26384630359032785,4.9,3,-4.387293566639489,-1.988877913856206,-1.0163172512404746,-0.08698780550107943
350,-1.2220414932168133,-0.6781705361879728,-1.4439098646969855,-0.23942924975424462,5.0,3,-4.456732908945715,-1.9898436909526043,-0.37246959488406217,0.06767226357311285
351,-1.3632172269093157,-0.7008926084715932,-1.3796048091530524,-0.21501219591816123,5.1000000000000005,3,-4.4617874856163,-1.975343461141583,0.271378061472356,0.22233233264730667
352,-1.497962455047424,-0.7211729753716052,-1.3152997536091202,-0.19059514208207795,5.2,3,-4.402457296651244,-1.9453772244231429,0.9152257178287684,0.37699240172149906
353,-1.62627717763114,-0.7390116368880093,-1.2509946980651871,-0.16617808824599467,5.300000000000001,3,-4.2787423420505455,-1.8999449807972832,1.5590733741851877,0.5316524707956929
354,-1.7481613946604617,-0.7544085930208042,-1.1866896425212548,-0.1417610344099115,5.4,3,-4.090642621814207,-1.8390467302640043,2.2029210305415994,0.6863125398698853
355,-1.86361510613539,-0.7673638437699912,-1.1223845869773226,-0.11734398057382822,5.5,3,-3.8381581359422277,-1.7626824728233066,2.846768686898012,0.8409726089440777
356,-1.9726383120559263,-0.7778773891355699,-1.0580795314333895,-0.09292692673774483,5.6000000000000005,3,-3.5212888844346044,-1.6708522084751884,3.4906163432544304,0.9956326780182715
357,-2.0752310124220683,-0.7859492291175401,-0.9937744758894571,-0.06850987290166166,5.7,3,-3.140034867291342,-1.5635559372196521,4.134463999610844,1.150292747092464
358,-2.1713932072338182,-0.7915793637159023,-0.9294694203455242,-0.04409281906557827,5.800000000000001,3,-2.694396084512434,-1.4407936590566952,4.778311655967261,1.3049528161666577
359,-2.2600773370496205,-0.7947677929306558,-0.8145749088436862,-0.0196757652294951,5.9,3,-2.192460586419825,-1.3038832276824524,5.0315656626301815,1.3959701945496028
360,-2.332211823766753,-0.7955145167618012,-0.6281148254989601,0.004741288606588179,6.0,3,-1.7042686755336895,-1.1642368954791897,4.732272555092571,1.3969564495156646
361,-2.3857003021494134,-0.7938195352093382,-0.44165474215423245,0.02915834244267157,6.1000000000000005,3,-1.2460060754013103,-1.0244919377793194,4.432979447554958,1.3979427044817263
362,-2.4205427721975994,-0.7896828482732671,-0.25519465880950626,0.05357539627875474,6.2,3,-0.8176727860226968,-0.884648354582844,4.133686340017348,1.3989289594477878
363,-2.436739233911314,-0.7831044559535871,-0.06873457546477857,0.07799245011483813,6.300000000000001,3,-0.41926880739784067,-0.7447061458897614,3.834393232479734,1.3999152144138496
364,-2.4342896872905557,-0.7740843582502992,0.11772550787994751,0.10240950395092141,6.4,3,-0.05079413952674895,-0.6046653117000739,3.5351001249421237,1.4009014693799113
365,-2.4131941323353248,-0.7626225551634032,0.3041855912246736,0.12682655778700447,6.5,3,0.287751217590582,-0.46452585201378005,3.2358070174045133,1.401887724345973
366,-2.3734525690456203,-0.7487190466928982,0.49064567456940134,0.15124361162308786,6.6000000000000005,3,0.5963672639541542,-0.3242877668308788,2.9365139098669,1.4028739793120348
367,-2.3150649974214446,-0.7323738328387855,0.6771057579141275,0.17566066545917103,6.7,3,0.8750539995639627,-0.1839510561513728,2.63722080232929,1.4038602342780966
368,-2.238031417462795,-0.7135869136010641,0.8635658412588554,0.20007771929525453,6.800000000000001,3,1.1238114244200124,-0.04351571997525927,2.3379276947916767,1.4048464892441583
369,-2.1423518291696735,-0.6923582889797347,1.0500259246035812,0.22449477313133764,6.9,3,1.342639538522299,0.09701824169745915,2.0386345872540663,1.40583274421022
370,-2.0280262325420795,-0.6686879589747967,1.2364860079483073,0.24891182696742087,7.0,3,1.5315383418708244,0.23765082886678374,1.7393414797164557,1.4068189991762816
371,-1.8950546275800115,-0.6425759235862503,1.4229460912930354,0.2733288808035042,7.1000000000000005,3,1.6905078344655902,0.3783820415327157,1.4400483721788429,1.4078052541423436
372,-1.7434370142834719,-0.6140221828140958,1.6094061746377613,0.2977459346395875,7.2,3,1.8195480163065934,0.5192118796952527,1.1407552646412324,1.4087915091084051
373,-1.5731733926524591,-0.5830267366583329,1.7958662579824891,0.3221629884756708,7.300000000000001,3,1.9186588873938364,0.660140343354397,0.8414621571036192,1.4097777640744669
374,-1.3842637626869743,-0.5495895851189618,1.982326341327215,0.34658004231175416,7.4,3,1.9878404477273177,0.8011674325101464,0.5421690495660088,1.4107640190405286
375,-1.1775554505411987,-0.5137107281959823,2.10167819326076,0.37099709614783727,7.5,3,2.027760953690855,0.9418654076063631,0.2958018476267247,1.3778733011604103
376,-0.9713520568672986,-0.4753901658893942,2.022389680217217,0.3954141499839206,7.6000000000000005,3,2.0528558123851153,1.0729944098471644,0.20609532625847884,1.2447067436556025
377,-0.773077514497755,-0.4346278981991982,1.9431011671736749,0.4198312038200038,7.7,3,2.068980018942551,1.1908067563374838,0.11638880489023382,1.111540186150796
378,-0.5827318234325634,-0.3914239251253936,1.863812654130132,0.4442482576560873,7.800000000000001,3,2.0761335733631623,1.2953024470773238,0.026682283521988037,0.9783736286459883
379,-0.4003149836717277,-0.34577824666798085,1.78452414108659,0.46866531149217044,7.9,3,2.074316475646948,1.3864814820666818,-0.06302423784625694,0.8452070711411814
380,-0.22582699521524674,-0.29769086282695967,1.7052356280430478,0.49308236532825356,8.0,3,2.0635287257939106,1.4643438613055595,-0.15273075921450202,0.7120405136363748
381,-0.05926785806311943,-0.24716177360233027,1.6259471149995055,0.5174994191643367,8.1,3,2.0437703238040483,1.5288895847939563,-0.24243728058274705,0.5788739561315682
382,0.09936242778465623,-0.19419097899409166,1.546658601955962,0.5419164730004205,8.200000000000001,3,2.015041269677361,1.5801186525318738,-0.3321438019509936,0.44570739862675945
383,0.2500638623280747,-0.1387784790022457,1.46737008891242,0.5663335268365036,8.3,3,1.9773415634138494,1.618031064519309,-0.42185032331923855,0.3125408411219527
384,0.39283644556713915,-0.08092427362679144,1.3880815758688776,0.5907505806725868,8.4,3,1.9306712050135133,1.6426268207562638,-0.5115568446874836,0.17937428361714614
385,0.5276801775018491,-0.020628362867728733,1.3087930628253355,0.61516763450867,8.5,3,1.8750301944763528,1.6539059212427378,-0.6012633660557286,0.046207726112339476
386,0.6545950581322053,0.04210925327494208,1.2295045497817931,0.6395846883447531,8.6,3,1.810418531802368,1.6518683659787317,-0.6909698874239738,-0.08695883139246707
387,0.7735810874582092,0.10728857480122245,1.1502160367382497,0.6640017421808367,8.700000000000001,3,1.7368362169915574,1.6365141549642443,-0.7806764087922202,-0.22012538889727606
388,0.8846382654798568,0.17490960171111003,1.0709275236947076,0.68841879601692,8.8,3,1.6542832500439233,1.6078432881992766,-0.8703829301604654,-0.3532919464020827
389,0.9877665921971501,0.24497233400460605,0.9916390106511653,0.7128358498530032,8.9,3,1.562759630959465,1.565855765683828,-0.9600894515287104,-0.4864585039068894
390,1.082966067610089,0.3174767716817102,0.9123504976076232,0.7372529036890862,9.0,3,1.4622653597381818,1.5105515874178987,-1.0497959728969553,-0.6196250614116959
391,1.170236691718674,0.39242291474242275,0.833061984564081,0.7616699575251695,9.1,3,1.3528004363800743,1.441930753401489,-1.1395024942652001,-0.7527916189165024
392,1.249578464522906,0.4698107631867451,0.7537734715205375,0.7860870113612531,9.200000000000001,3,1.2343648608851405,1.3599932636345975,-1.229209015633447,-0.8859581764213116
393,1.3209913860227827,0.5496403170146742,0.6744849584769953,0.8105040651973364,9.3,3,1.1069586332533843,1.2647391181172263,-1.318915537001692,-1.0191247339261182
394,1.3844754562183046,0.6319115762262116,0.5951964454334531,0.8349211190334195,9.4,3,0.970581753484803,1.1561683168493744,-1.4086220583699371,-1.1522912914309247
395,1.4400306751094725,0.7166245408213574,0.515907932389911,0.8593381728695028,9.5,3,0.8252342215793976,1.034280859831042,-1.4983285797381818,-1.2854578489357311
396,1.4876570426962874,0.8037792108001133,0.43661941934636733,0.8837552267055864,9.600000000000001,3,0.6709160375371648,0.8990767470622265,-1.5880351011064286,-1.4186244064405404
397,1.5273545589787467,0.8933755861624757,0.35733090630282516,0.9081722805416697,9.700000000000001,3,0.5076272013581103,0.7505559785429325,-1.6777416224746735,-1.551790963945347
398,1.5591232239568522,0.9854136669084465,0.2780423932592829,0.9325893343777526,9.8,3,0.3353677130422314,0.5887185542731582,-1.7674481438429188,-1.6849575214501535
399,1.5829630376306032,1.0798934530380253,0.19875388021574078,0.9570063882138359,9.9,3,0.15413757258952793,0.41356447425290316,-1.8571546652111637,-1.8181240789549602
400,1.6074973000000006,0.0057656604527446175,-4.155706140371853,-0.10559193882065164,0.0,4,-1.8102696000000003,-2.114644940094045,-0.4240414281510996,0.0010577669515144273
401,1.2027753636744911,-0.004508054147788804,-3.9387325861383364,-0.0998823531900168,0.1,4,-1.8506009110254176,-2.1119817036998514,-0.38258479235724474,0.05220696093235016
402,0.819750782772333,-0.014210810185258743,-3.7217590319048197,-0.09417276755938193,0.2,4,-1.8867865584714492,-2.104203547907575,-0.34112815656338985,0.10335615491318588
403,0.45842355729352674,-0.023342607659665192,-3.5047854776713026,-0.08846318192874708,0.30000000000000004,4,-1.918826542338095,-2.091310472717215,-0.29967152076953496,0.15450534889402162
404,0.11879368723807246,-0.03190344657100816,-3.2878119234377863,-0.08275359629811224,0.4,4,-1.9467208626253565,-2.073302478128771,-0.2582148849756801,0.20565454287485735
405,-0.19913882739402997,-0.03989332691928764,-3.070838369204269,-0.0770440106674774,0.5,4,-1.9704695193332316,-2.0501795641422436,-0.2167582491818253,0.2568037368556931
406,-0.4953739866027814,-0.04731224870450365,-2.8538648149707524,-0.07133442503684256,0.6000000000000001,4,-1.9900725124617211,-2.021941730757632,-0.1753016133879704,0.3079529308365288
407,-0.7699117903881807,-0.054160211926656154,-2.6368912607372357,-0.0656248394062077,0.7000000000000001,4,-2.0055298420108256,-1.988588977974937,-0.13384497759411548,0.35910212481736453
408,-1.0227522387502286,-0.060437216585745156,-2.419917706503719,-0.05991525377557286,0.8,4,-2.0168415079805446,-1.9501213057941595,-0.09238834180026065,0.41025131879820026
409,-1.2538953316889245,-0.0661432626817707,-2.2029441522702022,-0.054205668144937984,0.9,4,-2.0240075103708777,-1.9065387142152974,-0.05093170600640587,0.46140051277903604
410,-1.4633410692042692,-0.07127835021473278,-1.9859705980366855,-0.048496082514303145,1.0,4,-2.027027849181826,-1.8578412032383522,-0.009475070212550951,0.5125497067598717
411,-1.6510894512962617,-0.07584247918463136,-1.7689970438031686,-0.042786496883668305,1.1,4,-2.0259025244133877,-1.8040287728633226,0.03198156558130391,0.5636989007407075
412,-1.817140477964903,-0.07983564959146645,-1.5520234895696516,-0.037076911253033445,1.2000000000000002,4,-2.020631536065565,-1.74510142309021,0.07343820137515883,0.6148480947215432
413,-1.961494149210192,-0.08325786143523804,-1.3350499353361351,-0.031367325622398606,1.3,4,-2.0112148841383566,-1.6810591539190147,0.11489483716901364,0.665997288702379
414,-2.08415046503213,-0.08610911471594615,-1.1180763811026182,-0.025657739991763746,1.4000000000000001,4,-1.997652568631762,-1.6119019653497348,0.15635147296286855,0.7171464826832147
415,-2.1851094254307157,-0.0883894094335908,-0.9011028268691014,-0.019948154361128907,1.5,4,-1.9799445895457826,-1.5376298573823717,0.19780810875672342,0.7682956766640504
416,-2.2643710304059503,-0.09009874558817196,-0.6841292726355844,-0.014238568730494054,1.6,4,-1.9580909468804177,-1.4582428300169243,0.23926474455057833,0.8194448706448861
417,-2.3219352799578328,-0.09123712317968966,-0.4671557184020675,-0.008528983099859194,1.7000000000000002,4,-1.932091640635667,-1.3737408832533942,0.2807213803444332,0.8705940646257219
418,-2.3578021740863635,-0.09180454220814378,-0.250182164168551,-0.002819397469224355,1.8,4,-1.9019466708115311,-1.2841240170917803,0.322178016138288,0.9217432586065576
419,-2.3719717127915434,-0.0918010026735345,-0.03320860993503405,0.002890188161410498,1.9000000000000001,4,-1.8676560374080093,-1.1893922315320826,0.3636346519321429,0.9728924525873934
420,-2.3644438960733702,-0.0912265045758617,0.18376494429848245,0.008599773792045337,2.0,4,-1.8292197404251025,-1.0895455265743015,0.4050912877259977,1.024041646568229
421,-2.3352187239318463,-0.09008104791512542,0.4007384985319994,0.014309359422680183,2.1,4,-1.7866377798628097,-0.9845839022184367,0.4465479235198525,1.0751908405490649
422,-2.2842961963669706,-0.08836463269132565,0.6177120527655163,0.020018945053315036,2.2,4,-1.739910155721132,-0.8745073584644882,0.4880045593137075,1.1263400345299006
423,-2.211676313378743,-0.08607725890446237,0.8346856069990335,0.025728530683949903,2.3000000000000003,4,-1.689036868000068,-0.7593158953124565,0.5294611951075623,1.1774892285107361
424,-2.1173590749671636,-0.08321892655453568,1.0516591612325503,0.03143811631458474,2.4000000000000004,4,-1.634017916699619,-0.6390095127623407,0.5709178309014173,1.228638422491572
425,-2.002002831906512,-0.07978963564154547,1.2164913341431378,0.03714770194521957,2.5,4,-1.5743177125082117,-0.5135882108141422,0.6547931401718544,1.2797876164724076
426,-1.8798290142824625,-0.07578938616549175,1.2269850183378606,0.04285728757585443,2.6,4,-1.4983666693529702,-0.38305198946785934,0.8642277229329747,1.3309368104532435
427,-1.7566058282389405,-0.07121817812637453,1.237478702532583,0.04856687320648928,2.7,4,-1.4014721679216169,-0.24740084872349322,1.073662305694095,1.3820860044340793
428,-1.6323332737759453,-0.06607601152419387,1.2479723867273056,0.05427645883712415,2.8000000000000003,4,-1.2836342082141508,-0.1066347885810437,1.2830968884552152,1.433235198414915
429,-1.5070113508934786,-0.06036288635894972,1.2584660709220283,0.05998604446775897,2.9000000000000004,4,-1.1448527902305732,0.03924619095949011,1.4925314712163353,1.4843843923957507
430,-1.38064005959154,-0.05407880263064212,1.2689597551167509,0.06569563009839383,3.0,4,-0.9851279139708844,0.19024208989810631,1.7019660539774548,1.5355335863765864
431,-1.2532193998701289,-0.047223760339270976,1.2794534393114736,0.07140521572902866,3.1,4,-0.8044595794350828,0.346352908234807,1.911400636738575,1.5866827803574222
432,-1.1247493717292452,-0.039797759484836354,1.2899471235061961,0.07711480135966353,3.2,4,-0.6028477866231688,0.5075786459695912,2.1208352194996953,1.6378319743382577
433,-0.9952299751688893,-0.031800800067338264,1.3004408077009186,0.08282438699029837,3.3000000000000003,4,-0.3802925355351434,0.6739193031024588,2.3302698022608155,1.6889811683190936
434,-0.8646612101890613,-0.02323288208677665,1.3109344918956414,0.08853397262093324,3.4000000000000004,4,-0.13679382617100555,0.8412990653546548,2.5397043850219356,1.6178559339372645
435,-0.7330430767897615,-0.014094005543151628,1.3214281760903641,0.09424355825156806,3.5,4,0.12764834146924298,0.9964715363202225,2.749138967783055,1.4855934853741053
436,-0.6003755749709889,-0.004384170436463053,1.3319218602850864,0.09995314388220292,3.6,4,0.4130339673856046,1.1384177624294756,2.9585735505441755,1.3533310368109452
437,-0.466658704732744,0.005896623233288961,1.3424155444798092,0.10566272951283776,3.7,4,0.7193630515780787,1.2671377436824116,3.1680081333052956,1.2210685882477854
438,-0.3318924660750268,0.01674837546610447,1.3529092286745317,0.11137231514347262,3.8000000000000003,4,1.0466355940466647,1.3826314800790327,3.3774427160664158,1.0888061396846251
439,-0.1960768589978374,0.028171086261983558,1.3634029128692544,0.11708190077410749,3.9000000000000004,4,1.3948515947913624,1.4848989716193368,3.586877298827536,0.9565436911214652
440,-0.05921188350117634,0.040164755620925974,1.3738965970639767,0.12279148640474231,4.0,4,1.7640110538121707,1.5739402183033253,3.796311881588655,0.8242812425583059
441,0.07870246041495832,0.05272938354293202,1.3843902812586997,0.1285010720353772,4.1000000000000005,4,2.154113971109094,1.6497552201309982,4.005746464349777,0.6920187939951453
442,0.2176361002510611,0.06586497002800146,1.3874410218264788,0.134210657666012,4.2,4,2.564929505077588,1.7123439771023543,4.1580477499877,0.559756345431986
443,0.35229956527427314,0.07957151507613433,1.3058282786377753,0.13992024329664687,4.3,4,2.955854781619435,1.7617064892173955,3.660457780849271,0.42749389686882666
444,0.4788017559786164,0.09384901868733084,1.2242155354490711,0.1456298289272817,4.4,4,3.2970210612474427,1.7978427564761201,3.1628678117108375,0.29523144830566617
445,0.597142672364088,0.10869748086159067,1.1426027922603679,0.15133941455791652,4.5,4,3.588428343961605,1.8207527788785287,2.6652778425724097,0.16296899974250667
446,0.70732231443069,0.12411690159891417,1.0609900490716635,0.15704900018855142,4.6000000000000005,4,3.830076629761925,1.8304365564246214,2.1676878734339766,0.03070655117934623
447,0.8093406821784209,0.14010728089930102,0.9793773058829601,0.16275858581918626,4.7,4,4.0219659186484,1.8268940891143979,1.6700979042955477,-0.10155589738381315
448,0.9031977756072822,0.15666861876275145,0.8977645626942561,0.16846817144982112,4.800000000000001,4,4.164096210621035,1.8101253769478587,1.1725079351571153,-0.23381834594697368
449,0.9888935947172725,0.17380091518926524,0.8161518195055526,0.17417775708045596,4.9,4,4.256467505679824,1.7801304199250036,0.6749179660186861,-0.36608079451013303
450,1.066428139508392,0.1915041701788425,0.7345390763168491,0.17988734271109078,5.0,4,4.299079803824771,1.7369092180458323,0.1773279968802577,-0.4983432430732924
451,1.135801409980642,0.20948935578099984,0.6529263331281451,0.17391783973034922,5.1000000000000005,4,4.291933105055874,1.6819974159716715,-0.3202619722581752,-0.5685531114440656
452,1.1970134061340214,0.22598679273707034,0.5713135899394417,0.15603089939106068,5.2,4,4.235027409373136,1.6247975593777257,-0.8178519413966039,-0.5754440204348531
453,1.2500641279685305,0.24069553565921212,0.48970084675073744,0.13814395905177204,5.300000000000001,4,4.128362716776554,1.5669086118847007,-1.3154419105350372,-0.5823349294256406
454,1.2949535754841688,0.2536155845474247,0.40808810356203407,0.12025701871248354,5.4,4,3.9719390272661284,1.5083305734925976,-1.8130318796734652,-0.5892258384164281
455,1.3316817486809374,0.2647469394017087,0.3264753603733307,0.10237007837319502,5.5,4,3.765756340841862,1.4490634442014154,-2.310621848811894,-0.5961167474072157
456,1.3602486475588353,0.2740896002220638,0.24486261718462649,0.08448313803390636,5.6000000000000005,4,3.509814657503749,1.3891072240111542,-2.808211817950327,-0.6030076563980031
457,1.3806542721178625,0.28164356700849,0.16324987399592308,0.06659619769461785,5.7,4,3.2041139772517964,1.328461912921815,-3.305801787088756,-0.6098985653887907
458,1.39289862235802,0.28740883976098736,0.08163713080721896,0.048709257355329175,5.800000000000001,4,2.848654300085997,1.267127510933396,-3.803391756227189,-0.6167894743795782
459,1.3972977139047709,0.29138541847955585,0.015285630018988462,0.030822317016040685,5.9,4,2.4493479341919175,1.2051040180458992,-4.0154605007946955,-0.6236803833703657
460,1.3965881555980233,0.2935733031641955,-0.02947679615393977,0.012935376676752153,6.0,4,2.057393850573237,1.1423914342593233,-3.823621171578963,-0.6305712923611532
461,1.3914023546739829,0.29397249381490625,-0.07423922232686839,-0.004951563662536518,6.1000000000000005,4,1.6846236998761248,1.0789897595736684,-3.631781842363229,-0.6374622013519408
462,1.3817403111326496,0.29258299043168823,-0.1190016484997966,-0.022838504001825022,6.2,4,1.33103748210059,1.0148989939889352,-3.4399425131474968,-0.6443531103427282
463,1.3676020249740233,0.28940479301454125,-0.16376407467272522,-0.04072544434111369,6.300000000000001,4,0.9966351972466252,0.9501191375051224,-3.2481031839317627,-0.6512440193335157
464,1.3489874961981045,0.2844379015634655,-0.20852650084565344,-0.058612384680402196,6.4,4,0.6814168453142365,0.8846501901222319,-3.0562638547160303,-0.6581349283243032
465,1.325896724804893,0.27768231607846083,-0.25328892701858163,-0.07649932501969067,6.5,4,0.38538242630342123,0.8184921518402622,-2.8644245255002976,-0.6650258373150907
466,1.298329710794388,0.2691380365595273,-0.29805135319151027,-0.09438626535897937,6.6000000000000005,4,0.10853194021417667,0.7516450226592135,-2.6725851962845635,-0.6719167463058783
467,1.266286454166591,0.258805063006665,-0.3428137793644386,-0.11227320569826789,6.7,4,-0.14913461295349228,0.6841088025790867,-2.480745867068831,-0.6788076552966658
468,1.2297669549215005,0.24668339541987372,-0.3875762055373672,-0.13016014603755657,6.800000000000001,4,-0.38761723319958996,0.6158834915998801,-2.288906537853097,-0.6856985642874533
469,1.1887712130591177,0.23277303379915376,-0.4323386317102954,-0.14804708637684508,6.9,4,-0.6069159205241125,0.5469690897215957,-2.0970672086373647,-0.6925894732782407
470,1.1432992285794419,0.21707397814450474,-0.4771010578832236,-0.16593402671613355,7.0,4,-0.8070306749270616,0.47736559694423264,-1.9052278794216322,-0.6994803822690283
471,1.0933510014824728,0.19958622845592697,-0.5218634840561522,-0.18382096705542225,7.1000000000000005,4,-0.987961496408439,0.40707301326779005,-1.7133885502058983,-0.7063712912598158
472,1.038926531768211,0.18030978473342035,-0.5666259102290805,-0.20170790739471073,7.2,4,-1.1497083849682417,0.3360913386922693,-1.5215492209901658,-0.7132622002506033
473,0.9800258194366563,0.15924464697698476,-0.6113883364020091,-0.21959484773399943,7.300000000000001,4,-1.2922713406064723,0.2644205732176691,-1.3297098917744317,-0.7201531092413909
474,0.9166488644878094,0.13639081518662044,-0.6561507625749373,-0.2374817880732879,7.4,4,-1.4156503633231285,0.19206071684399106,-1.1378705625586991,-0.7270440182321783
475,0.8488410067439547,0.11174828936232728,-0.6973222748228776,-0.25536872841257646,7.5,4,-1.5198993179083629,0.11901176957123405,-0.9502973247229738,-0.7339349272229658
476,0.7775816589101676,0.08531706950410511,-0.727864681852854,-0.27325566875186513,7.6000000000000005,4,-1.6061817700131154,0.04527373139939783,-0.7753517173720674,-0.7408258362137534
477,0.7032680703733837,0.057097155611954276,-0.7584070888828303,-0.29114260909115364,7.7,4,-1.6749696613827765,-0.029153397671516756,-0.6004061100211625,-0.7477167452045408
478,0.6259002411336015,0.02708854768587432,-0.7889494959128067,-0.30902954943044225,7.800000000000001,4,-1.726262992017348,-0.1042696176415106,-0.4254605026702561,-0.7546076541953285
479,0.5454781711908221,-0.004708754274134308,-0.819491902942783,-0.32691648976973087,7.9,4,-1.7600617619168282,-0.18007492851058254,-0.2505148953193511,-0.7614985631861159
480,0.4620018605450454,-0.038294750268071664,-0.8500343099727592,-0.3448034301090193,8.0,4,-1.7763659710812179,-0.2565693302787333,-0.0755692879684462,-0.7683894721769033
481,0.3754713091962709,-0.07366944029593786,-0.8805767170027354,-0.3626903704483078,8.1,4,-1.775175619510517,-0.3337528229459628,0.09937631938245872,-0.7752803811676908
482,0.2858865171444973,-0.11083282435773356,-0.9111191240327123,-0.3805773107875966,8.200000000000001,4,-1.7564907072047258,-0.4116254065122723,0.27432192673336664,-0.7821712901584785
483,0.19324748438972753,-0.1497849024534575,-0.9416615310626886,-0.3984642511268851,8.3,4,-1.720311234163844,-0.48990366129758384,0.44926753408427167,-0.7560521422934353
484,0.09755421093196026,-0.19052567458311032,-0.9722039380926648,-0.4163511914661737,8.4,4,-1.6666372003878718,-0.5562416691272697,0.6242131414351765,-0.570708014300286
485,-0.0011933032288046763,-0.23305514074669204,-1.002746345122641,-0.4342381318054622,8.5,4,-1.5954686058768088,-0.6040452641576406,0.7991587487860814,-0.3853638863071365
486,-0.10299505809256726,-0.2773733009442024,-1.0332887521526173,-0.4521250721447507,8.6,4,-1.5068054506306559,-0.6333144463886968,0.9741043561369864,-0.20001975831398722
487,-0.20785105365932927,-0.32348015517564255,-1.063831159182594,-0.47001201248403945,8.700000000000001,4,-1.4006477346494104,-0.644049215820438,1.1490499634878943,-0.014675630320834632
488,-0.31576128992908725,-0.3713757034410107,-1.0943735662125704,-0.48789895282332796,8.8,4,-1.2769954579330764,-0.6362495724528641,1.3239955708387994,0.17066849767231473
489,-0.4267257669018426,-0.42105994574030803,-1.1249159732425467,-0.5057858931626166,8.9,4,-1.1358486204816516,-0.6099155162859751,1.4989411781897042,0.3560126256654641
490,-0.5407444845775957,-0.4725328820735337,-1.1554583802725227,-0.5236728335019051,9.0,4,-0.9772072222951366,-0.5650470473197713,1.673886785540609,0.5413567536586135
491,-0.6578174429563463,-0.5257945124406885,-1.186000787302499,-0.5415597738411935,9.1,4,-0.8010712633735309,-0.5016441655542528,1.8488323928915138,0.7267008816517628
492,-0.7779446420380969,-0.5808448368417731,-1.2165431943324758,-0.5594467141804824,9.200000000000001,4,-0.6074407437168317,-0.4197068709894177,2.023778000242422,0.9120450096449155
493,-0.9011260818228429,-0.6376838552767854,-1.247085601362452,-0.5773336545197709,9.3,4,-0.39631566332504464,-0.3192351636252692,2.198723607593327,1.0973891376380647
494,-1.0273617623105864,-0.6963115677457268,-1.2776280083924283,-0.5952205948590594,9.4,4,-0.1676960221981676,-0.20022904346180564,2.3736692149442318,1.2827332656312143
495,-1.1566516835013274,-0.7567279742485971,-1.3081704154224043,-0.6131075351983479,9.5,4,0.07841817966379994,-0.06268851049902724,2.5486148222951366,1.4680773936243634
496,-1.2889958453950687,-0.8189330747853971,-1.3387128224523812,-0.6309944755376368,9.600000000000001,4,0.34202694226086283,0.09338643526306906,2.723560429646045,1.653421521617516
497,-1.424394247991805,-0.882926869356125,-1.3692552294823574,-0.6488814158769253,9.700000000000001,4,0.6231302655930113,0.2679957938244773,2.8985060369969498,1.8387656496106655
498,-1.5628468912915392,-0.9487093579607816,-1.399797636512334,-0.6667683562162137,9.8,4,0.9217281496602503,0.4611395651852008,3.0734516443478546,2.024109777603815
499,-1.704353775294271,-1.0162805405993671,-1.4303400435423101,-0.6846552965555023,9.9,4,1.23782059446258,0.672817749345239,3.2483972516987594,2.2094539055969644
