t,Run,x1,x2,dx1dt,dx2dt
0.0,0,1.3579951181793595,2.565245255983474,9.265373419025046,-0.5570147231253514
0.10101010101010101,0,2.0835195064818315,2.495703391022591,4.69299897597095,-0.7942200615621166
0.20202020202020202,0,2.35537291571022,2.4102259333600395,1.2297020901014117,-0.8791393674607426
0.30303030303030304,0,2.413575100768671,2.3204596980477312,0.14219731330304475,-0.8925556801260723
0.40404040404040403,0,2.4123901533811067,2.2305615127450285,-0.11035406861848829,-0.8861674853100374
0.5050505050505051,0,2.3976579426828746,2.141579598258302,-0.16585610756364622,-0.8753246207781783
0.6060606060606061,0,2.380003640704156,2.0537519741239674,-0.18006702282412945,-0.8635846785096497
0.7070707070707071,0,2.36155835242669,1.9671226878692853,-0.18426827543653745,-0.8516609633335156
0.8080808080808081,0,2.3429081912778065,1.8816951441008434,-0.18692566712966174,-0.8397490733659916
0.9090909090909091,0,2.324059868096115,1.7974709557278186,-0.18824581596822854,-0.8278513530805595
1.0101010101010102,0,2.3050695145309676,1.7144446092662111,-0.18908828434662972,-0.8159861454614031
1.1111111111111112,0,2.285972127691801,1.6326128259609805,-0.18997783537928292,-0.8041648976279989
1.2121212121212122,0,2.266748221273058,1.5519751034406222,-0.1907167290501548,-0.7923810806537273
1.3131313131313131,0,2.2474239563618554,1.472520625468588,-0.19171236766529343,-0.7806426938185242
1.4141414141414141,0,2.227986956900915,1.3942545088950489,-0.19283771854369913,-0.7689459528933082
1.5151515151515151,0,2.2083728019722346,1.3171228307710336,-0.193549458537301,-0.7572657893754804
1.6161616161616161,0,2.188625474737438,1.2411624068056852,-0.19433068376880103,-0.745619318699525
1.7171717171717171,0,2.168749176379365,1.166376753561246,-0.19527538346339668,-0.7340081756972047
1.8181818181818181,0,2.1487439068980168,1.0927658710377166,-0.19643696973495306,-0.72243236036852
1.9191919191919191,0,2.1286096662933924,1.020329759235097,-0.19786765779419802,-0.7108918727134707
2.0202020202020203,0,2.1083464545654924,0.9490684181533869,-0.19961843600045392,-0.6993867127320567
2.121212121212121,0,2.0879542717143167,0.8789818477925868,-0.2017390357202813,-0.687916880424278
2.2222222222222223,0,2.0673761261776167,0.8100499165519075,-0.2037784969951355,-0.6764620364959995
2.323232323232323,0,2.04653050959286,0.7422438325584705,-0.20513436126113815,-0.6649930920348514
2.4242424242424243,0,2.025513753805551,0.6755976239066176,-0.2067532305493186,-0.6535444261956248
2.525252525252525,0,2.0043258588156903,0.6101112905963498,-0.20871121682915417,-0.64211603897832
2.6262626262626263,0,1.9829668246232763,0.5457848326276663,-0.2110827562877543,-0.6307079303829365
2.727272727272727,0,1.9614366512283106,0.4826182500005677,-0.21394055347909957,-0.6193201004094747
2.8282828282828283,0,1.9397353386307918,0.42061154271505347,-0.21735552502209737,-0.6079525490579342
2.929292929292929,0,1.9178628868307213,0.35976471077112404,-0.22139674284758215,-0.5966052763283154
3.0303030303030303,0,1.8955087884197948,0.30008251813033127,-0.22370114293816545,-0.5851750973486203
3.131313131313131,0,1.8727934500888583,0.24156311745238515,-0.22548234289042993,-0.573702024526445
3.2323232323232323,0,1.8498077562263282,0.18420511434307585,-0.22761273045356822,-0.5622162596983145
3.3333333333333335,0,1.8265517068322041,0.12800850880240358,-0.2302276252090565,-0.5507178028642283
3.4343434343434343,0,1.8030253019064866,0.07297330083036865,-0.2334595772481902,-0.5392066540241868
3.5353535353535355,0,1.7792285414491749,0.019099490426970515,-0.23743821418702676,-0.5276828131781897
3.6363636363636362,0,1.7551614254602697,-0.03361292240779033,-0.2422900864028827,-0.5161462803262371
3.7373737373737375,0,1.7307666159403392,-0.08515885602575088,-0.2477799854132983,-0.5045782815783963
3.8383838383838382,0,1.7056693920310455,-0.13550510034667543,-0.2518248603122951,-0.49285612398723677
3.9393939393939394,0,1.680075722004801,-0.18466990955284582,-0.2560557449020826,-0.4810472466980773
4.040404040404041,0,1.6539758384863694,-0.23264692651972513,-0.26068923387849313,-0.4691488177274748
4.141414141414141,0,1.6273009906646831,-0.2793914045822811,-0.26554085032774905,-0.457140903249409
4.242424242424242,0,1.6000887382070654,-0.32492778955906365,-0.27119870128440837,-0.4450343934317509
4.343434343434343,0,1.5723088074197153,-0.3692477009595026,-0.2778077382401542,-0.4328197557426049
4.444444444444445,0,1.5437309056425317,-0.41228738820598654,-0.28454245590371596,-0.4204244760004448
4.545454545454545,0,1.514480095952424,-0.45408147178267344,-0.2924913405619195,-0.4078879338652964
4.646464646464646,0,1.4844787177152186,-0.4946126626092068,-0.30171353594134953,-0.39518539506445904
4.747474747474747,0,1.4531239075675175,-0.5337467491478439,-0.31024005298211377,-0.3821248525793162
4.848484848484849,0,1.420790872822402,-0.5715672613549864,-0.3204039785137405,-0.36882580685046823
4.94949494949495,0,1.3874796134798715,-0.6080741992306342,-0.33282031414733393,-0.3552882578779149
5.05050505050505,0,1.3529090740836989,-0.6432045074980314,-0.3472009613979763,-0.3414227241946975
5.151515151515151,0,1.3166729860771507,-0.6768670391051848,-0.3632029884055007,-0.32709985941870456
5.252525252525253,0,1.279015678795477,-0.7091166097602128,-0.382620376886856,-0.3123974522811448
5.353535353535354,0,1.238902068371308,-0.7397957564041959,-0.4042450080466914,-0.2969809723634896
5.454545454545454,0,1.1965279612493886,-0.7689342662676352,-0.43026306398759595,-0.2809137026652872
5.555555555555555,0,1.1507903822075216,-0.7963144655047021,-0.46058524702255554,-0.26384249636886037
5.656565656565657,0,1.1019916881443392,-0.8219964743967064,-0.4982572851332171,-0.24586413108833263
5.757575757575758,0,1.0487244500258248,-0.8457589424668576,-0.5445147188455287,-0.22652422051081778
5.858585858585858,0,0.990312462458889,-0.867517920079526,-0.60283439622967,-0.20560295948099463
5.959595959595959,0,0.9250619381721876,-0.8870504385990843,-0.6775776244724971,-0.18255061681745693
6.0606060606060606,0,0.8511702734963171,-0.9041237804268524,-0.7755255825247528,-0.1567818391369822
6.161616161616162,0,0.7657927429367442,-0.9183978247877298,-0.9069056122795475,-0.1273710593263994
6.262626262626262,0,0.6649836898612634,-0.9294930786800844,-1.0875861537338611,-0.09302835804174883
6.363636363636363,0,0.5419985571083823,-0.9367675701557978,-1.3435258555367922,-0.05154834769240757
6.4646464646464645,0,0.38834190212150255,-0.939431275823614,-1.7118337431534187,-0.0001518823189265809
6.565656565656566,0,0.18981588320774267,-0.936238119409771,-2.246105788073668,0.06581058022473718
6.666666666666667,0,-0.07282600447925137,-0.9254199462306854,-2.994351610171365,0.15263666457512948
6.767676767676767,0,-0.4204672130936241,-0.9044351344241048,-3.90037151823908,0.267118079992815
6.8686868686868685,0,-0.8513528436157648,-0.8704379187542163,-4.548310329122904,0.40848014245553604
6.96969696969697,0,-1.301954901323257,-0.821671601349838,-4.163953246446628,0.5554297405310749
7.070707070707071,0,-1.6548201196311236,-0.7594200673320329,-2.7111121157251326,0.6689013776991768
7.171717171717171,0,-1.852384208661504,-0.6883818408997943,-1.2661617239962584,0.7300201922804876
7.2727272727272725,0,-1.9326491309877922,-0.6133256468733324,-0.41922343733077394,0.7517714201208197
7.373737373737374,0,-1.9522325468240223,-0.5371936699169002,-0.027906703247996933,0.7532237602691341
7.474747474747475,0,-1.9450571829730972,-0.461424536962947,0.13918745812227978,0.7457806967885621
7.575757575757575,0,-1.9265369874653409,-0.38662268361676244,0.210949255371779,0.7346205080628977
7.6767676767676765,0,-1.9031810676207117,-0.3130452435669736,0.24482974034896554,0.7219300387780355
7.777777777777778,0,-1.8774256394271804,-0.2407943929504979,0.26275280393460576,0.7085281726724266
7.878787878787879,0,-1.8502729807430813,-0.16991891119044347,0.2738525675769534,0.6947522543270567
7.979797979797979,0,-1.8221642335489328,-0.10044753145721813,0.28226471087249555,0.6807512466134586
8.080808080808081,0,-1.7932660445948496,-0.03239968833646927,0.28979331854814544,0.6665819940873812
8.181818181818182,0,-1.7636176772541845,0.03420895251721791,0.2972373267918757,0.6522586289169136
8.282828282828282,0,-1.7332045327344001,0.09936280251549535,0.30501767657902495,0.6377773240771003
8.383838383838384,0,-1.7019900411905797,0.16304230696186975,0.31343065966338,0.6231271932660685
8.484848484848484,0,-1.669929424411869,0.2252244621927263,0.32275765352338215,0.6082948439911078
8.585858585858587,0,-1.6369787533912787,0.2858880491193482,0.3333389343908949,0.593267047855803
8.686868686868687,0,-1.6030940333079349,0.34501184778318855,0.3455615994521432,0.5780305545837656
8.787878787878787,0,-1.5680198116426876,0.40257184350552533,0.3589246575754196,0.5625018143138607
8.88888888888889,0,-1.5314011286863163,0.45854270647579604,0.3728504534561983,0.5465641957970523
8.98989898989899,0,-1.4930246662959166,0.512900978882169,0.3877640446306527,0.5301481568398275
9.09090909090909,0,-1.4526771063285824,0.5656232029128152,0.40438033311436206,0.5131841552486731
9.191919191919192,0,-1.4101613731761424,0.616639140363794,0.4236168897563305,0.49561118170112783
9.292929292929292,0,-1.3652992619758808,0.6658242030860254,0.4465500922811718,0.4773781404528919
9.393939393939394,0,-1.3178951436253163,0.7131039867706755,0.4746095593335504,0.4584247820903937
9.494949494949495,0,-1.2677531646332556,0.7584047333745509,0.5094851664977097,0.4386907393194484
9.595959595959595,0,-1.2142066426472125,0.8016509532607272,0.5524350786877523,0.41795881733168894
9.696969696969697,0,-1.1557698121753774,0.8427458896188882,0.6048100072448761,0.39574021141719984
9.797979797979798,0,-1.0913769485843223,0.8815057784684411,0.6703295499809446,0.3716919309635447
9.8989898989899,0,-1.0195353411220425,0.917737661387697,0.7543653280848502,0.3453292696148343
10.0,0,-0.937865218228529,0.9511524517360908,0.8647996628409007,0.31587824262710357
0.0,1,-2.269418773531986,2.6212363873507423,12.743553136241676,0.6483904986872792
0.10101010101010101,1,-1.4013056217837085,2.6702406420840377,6.5584892787374365,0.3557524977889669
0.20202020202020202,1,-0.7772777698707799,2.695472055345655,6.224183562475876,0.14606111960054963
0.30303030303030304,1,-0.07957864751502135,2.698901280725104,7.85847185219683,-0.08673386954333313
0.40404040404040403,1,0.8306304010580454,2.675476938480997,9.94523117896026,-0.38857526291808164
0.5050505050505051,1,1.7708111868850478,2.61994172521257,7.619398139474271,-0.6982665106425205
0.6060606060606061,1,2.2766092148514843,2.5397777775777497,2.649610346441493,-0.8615215901223446
0.7070707070707071,1,2.4152136568967717,2.450164446070653,0.5075723178792391,-0.901748848703634
0.8080808080808081,1,2.4321644204277044,2.3589181618872357,-0.014035473323622316,-0.9013160176017171
0.9090909090909091,1,2.422419228657564,2.2683045826784745,-0.14286298264588027,-0.8920267150644197
1.0101010101010102,1,2.406004830629771,2.1787693291163652,-0.17370082810058696,-0.8805862321510146
1.1111111111111112,1,2.3879532916738966,2.090420655388129,-0.18175417758897439,-0.8686791409171741
1.2121212121212122,1,2.3694706214329186,2.003278650959168,-0.18488677577332258,-0.8567087838749173
1.3131313131313131,1,2.3508142211646206,1.9173433249442993,-0.18689664519842486,-0.8447609620511601
1.4141414141414141,1,2.3319653031934418,1.8326148280854173,-0.18763191556719971,-0.8328294229368416
1.5151515151515151,1,2.3130298918707664,1.7490838819367929,-0.18861674352336766,-0.8209488894193748
1.6161616161616161,1,2.2939627548691472,1.666754444888079,-0.18928859392270647,-0.809104547948921
1.7171717171717171,1,2.274795993967999,1.5856144352468127,-0.19014829523494758,-0.7973062936724539
1.8181818181818181,1,2.2555243434302112,1.5056658348039584,-0.19116159873754368,-0.7855525034636675
1.9191919191919191,1,2.2361106166489555,1.4268774596344893,-0.1920152580823431,-0.7738287028586177
2.0202020202020203,1,2.2165530726986344,1.3492476409712755,-0.1927614380102034,-0.7621342002976298
2.121212121212121,1,2.196872612154534,1.272796413095566,-0.19364777380720422,-0.7504772982578825
2.2222222222222223,1,2.177069235016654,1.1975237760073605,-0.19472461380128836,-0.7388579967393754
2.323232323232323,1,2.1571429412849947,1.1234297297066596,-0.1960411791248624,-0.7272762957421088
2.4242424242424243,1,2.1370937309595557,1.0505142741934623,-0.1976455367868808,-0.7157321952660827
2.525252525252525,1,2.1169216040403374,0.9787774094677697,-0.19958457257778162,-0.7042256953112971
2.6262626262626263,1,2.0965831626186624,0.9082004257926419,-0.2015179874196229,-0.6927410825923969
2.727272727272727,1,2.075996318634449,0.838747933305831,-0.2028146226808678,-0.6812486350985384
2.8282828282828283,1,2.0552485498973,0.7704576455021928,-0.2043470669625329,-0.6697800263325795
2.929292929292929,1,2.034339856407215,0.7033295623817275,-0.20618586939067862,-0.6583352562945202
3.0303030303030303,1,2.013270238164195,0.6373636839444347,-0.20840002384865974,-0.6469143249843606
3.131313131313131,1,1.9920396951682386,0.572560010190315,-0.21105692024500744,-0.6355172324021006
3.2323232323232323,1,1.970648227419347,0.5089185411193679,-0.21422229540630455,-0.6241439785477402
3.3333333333333335,1,1.9490907403268094,0.44643908818641537,-0.2179179704926178,-0.6127928526546975
3.4343434343434343,1,1.9270237543589515,0.3851089395931693,-0.21945152765560616,-0.6013485140925284
3.5353535353535355,1,1.9047108010846971,0.32493784835207346,-0.22119862436449161,-0.5898994569183706
3.6363636363636362,1,1.8821518805040462,0.26592581446312846,-0.22328186094938385,-0.5784456811322239
3.7373737373737375,1,1.8593469926169992,0.20807283792633377,-0.2258214544808814,-0.5669871867340887
3.8383838383838382,1,1.8362961374235558,0.1513789187416899,-0.2289351159369109,-0.5555239737239646
3.9393939393939394,1,1.812999314923716,0.09584405690919637,-0.23273792603029173,-0.5440560421018518
4.040404040404041,1,1.7894565251174799,0.04146825242885339,-0.23734220969699898,-0.5325833918677502
4.141414141414141,1,1.765446683851745,-0.011735939108131449,-0.24141550945706577,-0.5210331653433729
4.242424242424242,1,1.7409449719762733,-0.06376710819727807,-0.2450780622869699,-0.5093971834456059
4.343434343434343,1,1.716003784376786,-0.11462247788010776,-0.24891920764711956,-0.4976930962669215
4.444444444444445,1,1.6906135735979355,-0.16428381670466932,-0.2530789209262654,-0.4859189367523339
4.545454545454545,1,1.664779156219498,-0.21276032222565666,-0.2578616806755154,-0.4740756972581222
4.646464646464646,1,1.6383998094064147,-0.2600239675238965,-0.26291745059434474,-0.4621316719672118
4.747474747474747,1,1.6114915625340913,-0.3060792128988692,-0.2686535377315251,-0.45009190665143917
4.848484848484849,1,1.5839419231035938,-0.3508992612403098,-0.27477957988192825,-0.4379206902851773
4.94949494949495,1,1.555585638917952,-0.3944440843770929,-0.28085408018079927,-0.4255656073475112
5.05050505050505,1,1.526559550351695,-0.4367468284339228,-0.2880318782024452,-0.41307006155497017
5.151515151515151,1,1.4968636574048217,-0.47780749341080025,-0.29670542955132834,-0.4004340529075539
5.252525252525253,1,1.466007750220383,-0.5175058551390046,-0.30520698031794735,-0.38750219306419403
5.353535353535354,1,1.434115543383554,-0.5558722546713534,-0.3147974902879118,-0.3743136974830944
5.454545454545454,1,1.40127777827479,-0.5929289463686656,-0.32647370003638476,-0.36089732966701893
5.555555555555555,1,1.367355316724835,-0.6286488657829905,-0.340370957336118,-0.3472085145227456
5.656565656565657,1,1.3316553529686157,-0.6628972518658744,-0.3551580961981847,-0.3330253008651469
5.757575757575758,1,1.29451505471494,-0.695739688762592,-0.37298239457182325,-0.3184557056541405
5.858585858585858,1,1.2554193665960567,-0.7270619595913446,-0.3935663548227867,-0.30333565822592923
5.959595959595959,1,1.2141972377895092,-0.7568261327183837,-0.41794723527377864,-0.28761067041527744
6.0606060606060606,1,1.1702496480399003,-0.7849647734523145,-0.4467838246160052,-0.27108556444981247
6.161616161616162,1,1.1230878410802696,-0.8114109684072321,-0.48154961177811395,-0.25360188246627435
6.262626262626262,1,1.0715863464795512,-0.8359588753625424,-0.5236172928437632,-0.23479819046901423
6.363636363636363,1,1.0155927370543165,-0.8585864823083442,-0.5764926383875049,-0.21462514686421588
6.4646464646464645,1,0.9537194437630222,-0.8790798994853929,-0.6435662402576867,-0.1926344879553145
6.565656565656566,1,0.8838554622735397,-0.8972334610443249,-0.7306023060919712,-0.1681362566882249
6.666666666666667,1,0.8036553195378244,-0.9127446112521719,-0.8463182047619257,-0.1403687990957967
6.767676767676767,1,0.7098028447076231,-0.9252327884905038,-1.0039027561858629,-0.10825209566984076
6.8686868686868685,1,0.5973362919035734,-0.9342255528690071,-1.2238037308657248,-0.07016372710992398
6.96969696969697,1,0.45826194626791333,-0.9389948401916902,-1.5384355287583062,-0.02348765940985842
7.070707070707071,1,0.2810579340476927,-0.9384936828568987,-1.9945090138482386,0.03554693417456235
7.171717171717171,1,0.0485704549664607,-0.9311992777564473,-2.6480010504006417,0.11255646686160958
7.2727272727272725,1,-0.26091044409420466,-0.9149030103626605,-3.5096790780050258,0.21463034872224557
7.373737373737374,1,-0.6598406601562439,-0.8868378638779872,-4.3527477471439715,0.3457360776439471
7.474747474747475,1,-1.115469494750442,-0.8444456037357481,-4.491797620199028,0.49478620516586386
7.575757575757575,1,-1.524195528360172,-0.7874487225621539,-3.393964365535853,0.6272284242908676
7.6767676767676765,1,-1.7856323593756684,-0.7193793354702187,-1.8215768001808528,0.709836075489904
7.777777777777778,1,-1.9080418406422819,-0.6455546410308177,-0.7143271649426739,0.7457175896161484
7.878787878787879,1,-1.9489549278906055,-0.5696804316746773,-0.15294635069724216,0.7542970047418469
7.979797979797979,1,-1.9506653112930337,-0.4936568149354623,0.08950074962311905,0.7497988914267086
8.080808080808081,1,-1.9359775082314046,-0.41840446834877737,0.19291502527387566,0.7398861339670533
8.181818181818182,1,-1.914109615354674,-0.3442814322158328,0.2377715636385001,0.7276553005992802
8.282828282828282,1,-1.8888679043132401,-0.2714425543360121,0.25821301249573,0.7143854717268142
8.383838383838384,1,-1.8620945166810574,-0.19997011960583966,0.27042514951802166,0.7006961802007418
8.484848484848484,1,-1.8343084749532754,-0.12989493835049584,0.2792647060105531,0.6867624875411249
8.585858585858587,1,-1.805708630017434,-0.06123666324999866,0.2868281676686536,0.6726519875558112
8.686868686868687,1,-1.7763648825646923,0.00598822007004409,0.294140009415864,0.6583890795168944
8.787878787878787,1,-1.7462734884303446,0.07176282469970095,0.30167853817672313,0.6439736411634681
8.88888888888889,1,-1.7154030924034553,0.13606679587151213,0.30974957781025925,0.6293965777430509
8.98989898989899,1,-1.6837206862141498,0.1988904828589795,0.3187150070240371,0.6146475298807845
9.09090909090909,1,-1.6511140543955505,0.26020603731625036,0.32850613295055153,0.5996909489774334
9.191919191919192,1,-1.617513491775455,0.31999959389748495,0.33943956247372314,0.584504524331986
9.292929292929292,1,-1.582743183696526,0.3782378313515372,0.3513758837168678,0.5690318724754061
9.393939393939394,1,-1.5466949170826392,0.4349074478420698,0.36474196566297046,0.5532378091714083
9.494949494949495,1,-1.50912753679778,0.4899697271508196,0.3795131085527986,0.537044530455872
9.595959595959595,1,-1.469941612799942,0.543376000082366,0.3964476701792343,0.5204221375944895
9.696969696969697,1,-1.4289084983986142,0.5950759748882344,0.4160185042964003,0.5032977678069891
9.797979797979798,1,-1.3857383035158612,0.6450134004276475,0.43881787778053993,0.4855785411434439
9.8989898989899,1,-1.340042722754638,0.6931199742084437,0.46556590063361913,0.4671395759709831
10.0,1,-1.2913800128372022,0.7393205622405201,0.49740745909038087,0.4478386334630327
0.0,2,1.9623787544369462,2.723508486623958,6.500677768768371,-0.7690268172539125
0.10101010101010101,2,2.356886660299835,2.63806081430102,1.8925379987425726,-0.8948329410533462
0.20202020202020202,2,2.449654254241657,2.545985290081325,0.2870187711336891,-0.9196171040859739
0.30303030303030304,2,2.4556778937999324,2.453209804508098,-0.0819437135381702,-0.9154399515671839
0.40404040404040403,2,2.4423730903098324,2.361249322952333,-0.15834328798532082,-0.9048743183000996
0.5050505050505051,2,2.4251884124619787,2.2704377466531254,-0.17696135502113286,-0.8930919872642011
0.6060606060606061,2,2.4070062976801774,2.1808332979398717,-0.18190381607162998,-0.8810576524227172
0.7070707070707071,2,2.3885368273331626,2.092444383172664,-0.18391734964772022,-0.8690085679892318
0.8080808080808081,2,2.3699510079828707,2.005263996238373,-0.18558245461866107,-0.8570012690768484
0.9090909090909091,2,2.3512271584185527,1.9192962757643175,-0.18664626311913968,-0.8450288045238052
1.0101010101010102,2,2.3323754495880933,1.8345372917270504,-0.18732646716267287,-0.833094302644501
1.1111111111111112,2,2.3134359561464715,1.7509715594013011,-0.18825412485729398,-0.8212100893422438
1.2121212121212122,2,2.2943853904708655,1.6686080770539735,-0.18913308170120025,-0.8093690019605534
1.3131313131313131,2,2.2752240933960297,1.5874426419720271,-0.19002648179238935,-0.797570873930145
1.4141414141414141,2,2.255953571861597,1.5074566726147742,-0.19105360411425365,-0.7858149687948505
1.5151515151515151,2,2.2365729625329664,1.4286608144564403,-0.1922150428154601,-0.7741017084747513
1.6161616161616161,2,2.217062792878593,1.3510407814262126,-0.1933675140709139,-0.7624236497212783
1.7171717171717171,2,2.1973496914324273,1.2745427443669908,-0.1938865528787861,-0.7507527467686084
1.8181818181818181,2,2.1775045702307874,1.1992187280691844,-0.1945249739450572,-0.7391161052815414
1.9191919191919191,2,2.1575274292736735,1.1250687325327935,-0.1953390376888866,-0.7275137252600774
2.0202020202020203,2,2.1374182685610856,1.0520927577578179,-0.19638380340719142,-0.7159456067042164
2.121212121212121,2,2.1171770880930234,0.9802908037442584,-0.19771309793789316,-0.7044117496139584
2.2222222222222223,2,2.0968038878694872,0.9096628704921138,-0.19937948411613327,-0.6929121539893034
2.323232323232323,2,2.0762986678904776,0.8402089580013852,-0.2014342290233302,-0.6814468198302516
2.4242424242424243,2,2.055661428155993,0.7719290662720718,-0.20392727202918148,-0.6700157471368025
2.525252525252525,2,2.0347961960445793,0.7048020100679508,-0.20606651612568205,-0.6585855326860565
2.6262626262626263,2,2.013577500214978,0.6388000925316939,-0.20690581840420896,-0.6471125062404389
2.727272727272727,2,1.9921665705156073,0.5739589039428334,-0.2079901178371497,-0.635652783768058
2.8282828282828283,2,1.9705634069464664,0.5102784443013687,-0.20940890048681948,-0.6242063652689134
2.929292929292929,2,1.9487680095075555,0.44775871360730046,-0.21124977637631015,-0.6127732507430051
3.0303030303030303,2,1.9267803781988746,0.38639971186062805,-0.2135984076406704,-0.6013534401903333
3.131313131313131,2,1.9046005130204242,0.32620143906135196,-0.21653843603872708,-0.5899469336108982
3.2323232323232323,2,1.8822284139722036,0.26716389520947176,-0.22015140982557485,-0.5785537310046993
3.3333333333333335,2,1.859664081054213,0.2092870803049877,-0.22451670998574194,-0.5671738323717368
3.4343434343434343,2,1.8366973076337154,0.15258103528870542,-0.22818436031012884,-0.5557378382304855
3.5353535353535355,2,1.8132266985508252,0.09705060350350615,-0.23067862369773356,-0.5442122730838421
3.6363636363636362,2,1.7894318235957962,0.04268720743872434,-0.2335221582300584,-0.5326564216945137
3.7373737373737375,2,1.7653126827686287,-0.010509152905640428,-0.23688428467018097,-0.5210702840625002
3.8383838383838382,2,1.740869276069323,-0.06253847752958779,-0.24093101016552,-0.5094538601878018
3.9393939393939394,2,1.7161016034978787,-0.11340076643311814,-0.2458247999999129,-0.4978071500704183
4.040404040404041,2,1.6908390837779852,-0.16306914777761833,-0.25069228371681945,-0.4860750847408205
4.141414141414141,2,1.6650187588026355,-0.21153370370968969,-0.25545547234378185,-0.4742373393535658
4.242424242424242,2,1.6387313123657217,-0.25880871973784275,-0.26094735236696126,-0.46232318947271767
4.343434343434343,2,1.611950607530654,-0.3048875999026597,-0.26727887139928685,-0.4503243625167073
4.444444444444445,2,1.5843941736915828,-0.3496990594670667,-0.27322711131743593,-0.43815145393272315
4.545454545454545,2,1.55622783002481,-0.39328494482548354,-0.28011402513832767,-0.4258569470199044
4.646464646464646,2,1.5274515765303358,-0.4356452559779111,-0.2882910178730845,-0.4134408417782512
4.747474747474747,2,1.497722040739638,-0.4767029871452742,-0.2965899533316742,-0.4007938144368611
4.848484848484849,2,1.4669506751057713,-0.5164382803789522,-0.3052589348399273,-0.3878876730099936
4.94949494949495,2,1.4352982998371306,-0.5548872017196843,-0.3155977631914735,-0.3747736198310646
5.05050505050505,2,1.4026960874263439,-0.5920334723567687,-0.32789569778285665,-0.3614297976516634
5.151515151515151,2,1.3685573287064676,-0.627738326151057,-0.3407812942235383,-0.34766988782541874
5.252525252525253,2,1.3331723883208058,-0.6620704390032621,-0.35620625262661154,-0.33358610017338447
5.353535353535354,2,1.296176695193923,-0.6949701106990952,-0.374053044133535,-0.3190608910180347
5.454545454545454,2,1.2569826155799335,-0.7263411134714161,-0.39411468310748177,-0.3039047976285501
5.555555555555555,2,1.2156127803701506,-0.7561763996195511,-0.41801940678078264,-0.2881258334820801
5.656565656565657,2,1.1712446122217304,-0.7843084709292736,-0.44592126426072276,-0.27146097267862523
5.757575757575758,2,1.1240757532494148,-0.8107850989365343,-0.4804497949238976,-0.253972911154036
5.858585858585858,2,1.072833679382038,-0.8354050273431876,-0.5225156806723174,-0.23525089130446686
5.959595959595959,2,1.0169392566030657,-0.8580788582942487,-0.5751022506489678,-0.21510782831473865
6.0606060606060606,2,0.9550409820408552,-0.8786126097040438,-0.6418108927389145,-0.19310615336668216
6.161616161616162,2,0.8855247680632262,-0.8968085775945743,-0.7282393192754529,-0.16872101751477042
6.262626262626262,2,0.8056345736323907,-0.912386897812296,-0.8431517290107616,-0.1410523980233105
6.363636363636363,2,0.7121664632669116,-0.9249681998787728,-0.9996025596919409,-0.109057607763719
6.4646464646464645,2,0.6000169807477109,-0.9340242715541677,-1.2180402121459255,-0.07107070881229245
6.565656565656566,2,0.461391104102073,-0.9388644180523747,-1.5306416879623845,-0.024539406830532684
6.666666666666667,2,0.2847630842570455,-0.9384494350167455,-1.984150494812492,0.03430893424876787
6.767676767676767,2,0.05317154432575648,-0.9312692905250404,-2.6344435658858982,0.11102743792641719
6.8686868686868685,2,-0.25465763945412234,-0.91517180701065,-3.492973660751714,0.21256400028541744
6.96969696969697,2,-0.6520866879887667,-0.8873408644263296,-4.341004280313344,0.3431849536246775
7.070707070707071,2,-1.1081816040263215,-0.8451879759944754,-4.4991880722546975,0.49240639974173883
7.171717171717171,2,-1.5180885518272993,-0.7884130990854878,-3.420928928725144,0.6252570572147989
7.2727272727272725,2,-1.782661371530104,-0.7205336842709761,-1.8444984572075014,0.7089227027947663
7.373737373737374,2,-1.9069792954001505,-0.6467686096206916,-0.7263799556970675,0.7454443391080963
7.474747474747475,2,-1.9485718998646313,-0.5708962086861736,-0.15980844995972066,0.7542503805339553
7.575757575757575,2,-1.950734473920898,-0.49487057331456286,0.08644152573632669,0.7499028628612702
7.6767676767676765,2,-1.935992651924251,-0.41959306676908603,0.18947407635361924,0.739970421759356
7.777777777777778,2,-1.914206026654551,-0.3454509780945369,0.2350334451585822,0.7277654074244861
7.878787878787879,2,-1.8892360327417466,-0.27260089856485337,0.2575746125773528,0.7145854041515725
7.979797979797979,2,-1.8625452461314542,-0.20110897697637123,0.27034609650498587,0.7009223471755762
8.080808080808081,2,-1.8347666392327286,-0.13101082937784575,0.279168434313991,0.686989601702766
8.181818181818182,2,-1.8061759930442212,-0.06232954937878931,0.2867202322974661,0.6728806343066598
8.282828282828282,2,-1.7768443483421776,0.004919132355941476,0.2940343969325846,0.6586201739569963
8.383838383838384,2,-1.7467658308328642,0.07071874003657076,0.3015746787726932,0.6442073609418499
8.484848484848484,2,-1.7159063685349283,0.1350549054182729,0.3096482144147268,0.6296317958170912
8.585858585858587,2,-1.684226236384596,0.19790760010217207,0.31855057516635127,0.6148815721213872
8.686868686868687,2,-1.6516451194423039,0.2592563155535153,0.3284085026000307,0.5999312854438669
8.787878787878787,2,-1.6180421126084608,0.31907940404755447,0.3392436577509638,0.5847420772663166
8.88888888888889,2,-1.58331054403417,0.3773541967281038,0.35128826973162464,0.5692799015628497
8.98989898989899,2,-1.547279318226364,0.4340484522772954,0.36460748793883613,0.5534898759236349
9.09090909090909,2,-1.5094080688931837,0.48904631561388706,0.37781834083718385,0.5371996019234687
9.191919191919192,2,-1.470592182534052,0.5425470563573868,0.39622810989064716,0.5206942570875248
9.292929292929292,2,-1.4296595917956332,0.5942884210864966,0.41600568273734384,0.5036006358594446
9.393939393939394,2,-1.3865198320955279,0.6442565977523629,0.43870766283676343,0.4858895041816851
9.494949494949495,2,-1.3408620110553517,0.6924013465093101,0.4653684752688715,0.4674605805844965
9.595959595959595,2,-1.29224989307397,0.7386406805627033,0.497113105061309,0.4481739189871431
9.696969696969697,2,-1.240085626323226,0.7828762500543867,0.5353908755724328,0.4278367921041162
9.797979797979798,2,-1.1833373550028528,0.824943431999525,0.5818304957811772,0.4061162228676492
9.8989898989899,2,-1.121417891476686,0.8647502023573664,0.6402674996962235,0.38282261700173753
10.0,2,-1.0523185268553987,0.9020401980518413,0.7144754866623095,0.35730349574834347
0.0,3,-1.5194414847466904,-1.7475459175185717,-6.293023965450594,0.6896502227501349
0.10101010101010101,3,-1.9933313725122783,-1.6692257550240737,-3.0674283854641127,0.8423921745056977
0.20202020202020202,3,-2.1821390678419585,-1.5807818558159634,-0.898003718652391,0.899431813001717
0.30303030303030304,3,-2.225307822413788,-1.4892627299525498,-0.12399865957085532,0.9077201228014327
0.40404040404040403,3,-2.2225862454177747,-1.397842781115665,0.11804363996039835,0.900718267213636
0.5050505050505051,3,-2.205878258385347,-1.3074197900429168,0.19368642547018444,0.8891207387979768
0.6060606060606061,3,-2.1847505694352156,-1.2182575102178443,0.21908528093413038,0.8761340238262615
0.7070707070707071,3,-2.1620401731171803,-1.1304346104529792,0.22885452461303202,0.8627090317359254
0.8080808080808081,3,-2.138644037084053,-1.0439764526457345,0.23386502904735984,0.8491464425377333
0.9090909090909091,3,-2.114834740206364,-0.9588917496634702,0.2374738459518423,0.8355376967130194
1.0101010101010102,3,-2.0906967561934793,-0.8751875330951158,0.24080967855051916,0.8219114209375009
1.1111111111111112,3,-2.066220603617551,-0.792860973427521,0.24400391083090256,0.8082642661010184
1.2121212121212122,3,-2.041406282478579,-0.7119120706606861,0.24727820194998174,0.794596232203572
1.3131313131313131,3,-2.0162248916160457,-0.6323493451065341,0.2505597430283175,0.7808982535457841
1.4141414141414141,3,-1.990658078943148,-0.5541782071188789,0.2539109027825298,0.7671645734556412
1.5151515151515151,3,-1.964726147804494,-0.4773926710962406,0.25777889554215294,0.7534015606745808
1.6161616161616161,3,-1.938429098200084,-0.40199273703861926,0.2623961145677801,0.7396092152026026
1.7171717171717171,3,-1.9115826225441226,-0.3280128173918955,0.2664197319628643,0.725728395340834
1.8181818181818181,3,-1.8842659550820375,-0.25543811816823125,0.27089527163087257,0.7117845262385614
1.9191919191919191,3,-1.8564940818999227,-0.1842658412848759,0.27625755093208615,0.6977824167189659
2.0202020202020203,3,-1.8281965553283077,-0.11451014032890255,0.2822660953253659,0.6836995277980293
2.121212121212121,3,-1.7991818128604549,-0.046209501976159556,0.28787689086911383,0.6694745710852288
2.2222222222222223,3,-1.769570797405014,0.020660372320081888,0.2944687564175906,0.6551462409803326
2.323232323232323,3,-1.7393316069124833,0.08609286716574982,0.30223923175734646,0.6407043444931111
2.4242424242424243,3,-1.7082316478224198,0.1500397506107108,0.31013882889387084,0.6260745659000925
2.525252525252525,3,-1.6763572752403666,0.21251868245204228,0.3193393722094471,0.6112845129166526
2.6262626262626263,3,-1.6434458700137071,0.2734651025852968,0.32886419477684353,0.5962509498322159
2.727272727272727,3,-1.609594132736695,0.3329027830788966,0.34005160099748527,0.5810045253736384
2.8282828282828283,3,-1.574514350396409,0.390763605987788,0.3521191124332847,0.5654538763996171
2.929292929292929,3,-1.538172455767965,0.44703950567277917,0.3658779623293027,0.549588184877803
3.0303030303030303,3,-1.500308171735544,0.5016900516841872,0.38122622645430193,0.5333233871329022
3.131313131313131,3,-1.4607301969927091,0.5546745913560448,0.39864098257021385,0.5165984262405
3.2323232323232323,3,-1.4193047030367854,0.6059628136184193,0.41905840046420473,0.49937071343770045
3.3333333333333335,3,-1.3756107418865249,0.655473455025113,0.4426631049295221,0.48150535029383407
3.4343434343434343,3,-1.3290706032065087,0.7030975567902182,0.46978927646013047,0.462817030616155
3.5353535353535355,3,-1.279545841566051,0.7488037654357088,0.5026942840187036,0.4432616961596364
3.6363636363636362,3,-1.2266497411738864,0.7925213946718621,0.5433175205799606,0.42271515407983795
3.7373737373737375,3,-1.1688620880636418,0.8340497018843426,0.5925073219405899,0.40068404922892437
3.8383838383838382,3,-1.1056864378047093,0.873305410640937,0.6546055790112062,0.3770084518921739
3.9393939393939394,3,-1.035231211853518,0.9100260253139043,0.7338455211368238,0.35107533559691234
4.040404040404041,3,-0.9558777619401477,0.9440086983602701,0.8377805148222001,0.3223586740893645
4.141414141414141,3,-0.8641569037731335,0.97490975004471,0.9775825307475936,0.28972498458806384
4.242424242424242,3,-0.7553500451854969,1.0022306653160438,1.171609616489267,0.25163463737409597
4.343434343434343,3,-0.6233087627776357,1.0253791183035472,1.4483751311516257,0.20607764637230874
4.444444444444445,3,-0.45731977448774186,1.0434045131162095,1.8538987028566694,0.1495462906215
4.545454545454545,3,-0.24121395836559367,1.054951254664977,2.4552467237530666,0.07674123581086609
4.646464646464646,3,0.048253387123225765,1.0580188826699066,3.3187044567058077,-0.019952387885735695
4.747474747474747,3,0.43606095073428275,1.0497864960126357,4.374625719908967,-0.14867274997893662
4.848484848484849,3,0.9196083436857554,1.0269084350904087,5.061856406732415,-0.3083300102346124
4.94949494949495,3,1.4106079434335803,0.9874571629778878,4.387346798601034,-0.469366458676386
5.05050505050505,3,1.7667014149168354,0.9337109565136124,2.586948785479821,-0.584481202073186
5.151515151515151,3,1.9456248230291266,0.8713979254055628,1.0859911786345728,-0.6399681360367464
5.252525252525253,3,2.0108384596343654,0.8056215217978572,0.3186123222230318,-0.6573209213313123
5.353535353535354,3,2.0250917990442097,0.7391624642252403,-0.012132186753828211,-0.6576414306297526
5.454545454545454,3,2.0170222432405205,0.6730720009996677,-0.13572765906545203,-0.6505455478134846
5.555555555555555,3,2.0005673752993878,0.6078414118756184,-0.18158407373866425,-0.6407118858915037
5.656565656565657,3,1.981046515761883,0.543659595732701,-0.20058845330077146,-0.6299261449694744
5.757575757575758,3,1.960247833543616,0.48059058467501786,-0.2098773385410027,-0.6187886501595399
5.858585858585858,3,1.9387551057885,0.41865586668057764,-0.2151042487127729,-0.6074954263748717
5.959595959595959,3,1.9168294565278887,0.3578659704977408,-0.21879591419737132,-0.5961342168758123
6.0606060606060606,3,1.8945659055492428,0.29822701149756786,-0.22193816297266272,-0.5847371026162521
6.161616161616162,3,1.8719875892367026,0.23975208453246705,-0.22485735131652357,-0.5733126687143987
6.262626262626262,3,1.84909523765516,0.18243340542152087,-0.22775396585537666,-0.5618606395798214
6.363636363636363,3,1.8258888508046138,0.1262709741647284,-0.2307967624828133,-0.5503810152125198
6.4646464646464645,3,1.8023684286850645,0.07126479076209005,-0.23415177281691238,-0.5388737956124942
6.565656565656566,3,1.7784861421197105,0.01742596183196347,-0.23763840078058307,-0.5273237781620344
6.666666666666667,3,1.7542120724653167,-0.03523856508913888,-0.24124611153615608,-0.515721453149163
6.767676767676767,3,1.7295738243263212,-0.08673520018485148,-0.24537556661433524,-0.5040755947631169
6.8686868686868685,3,1.7044865970213796,-0.1370444267873405,-0.24967503650587988,-0.4923592372213038
6.96969696969697,3,1.6789281064966395,-0.18616111627652648,-0.25426088217308845,-0.48056529441377804
7.070707070707071,3,1.652931616901644,-0.234092924314453,-0.2595954706474339,-0.4687043440129178
7.171717171717171,3,1.6264127646510693,-0.28082011731067547,-0.2654391608005524,-0.4567495803963114
7.2727272727272725,3,1.5991922017725206,-0.32630074375945106,-0.27112486722891715,-0.44464401767354345
7.373737373737374,3,1.571468108708328,-0.37058116029282623,-0.278098533049621,-0.43245062554992086
7.474747474747475,3,1.5430150946722117,-0.41361336454769027,-0.28555263208687465,-0.4200974739208912
7.575757575757575,3,1.5138048570727636,-0.45539050200612124,-0.29379993424374434,-0.40757558555717976
7.6767676767676765,3,1.483793873521096,-0.49590254057849775,-0.30311226449580536,-0.39487112180179884
7.777777777777778,3,1.4529128822392277,-0.5351340743353363,-0.313698514968507,-0.3819620224573868
7.878787878787879,3,1.420877509137325,-0.5730203741635217,-0.32502810432273654,-0.3687578114348735
7.979797979797979,3,1.3876336613745026,-0.6095495122249143,-0.3376738808847185,-0.3552412529765066
8.080808080808081,3,1.3531037038957348,-0.6447041626781609,-0.35218492085550246,-0.34138762378670084
8.181818181818182,3,1.3171826847228283,-0.6784607361742244,-0.3691068931464463,-0.32716351249599446
8.282828282828282,3,1.2792367405356893,-0.7107158542539656,-0.38784000484083825,-0.3123645232282987
8.383838383838384,3,1.2391032374875843,-0.7414372259493907,-0.4094923701077605,-0.29693859743256873
8.484848484848484,3,1.1965979869862826,-0.7705893086436442,-0.4353188946721366,-0.28082670841918456
8.585858585858587,3,1.150978307147146,-0.7980472288681345,-0.46596650164840603,-0.2637896204578397
8.686868686868687,3,1.101769973256346,-0.8237293257292012,-0.5033134041416661,-0.24567470270350192
8.787878787878787,3,1.0483747501509886,-0.8475408700834903,-0.5497561621556808,-0.22628885871143017
8.88888888888889,3,0.9894507300199741,-0.8692877887870951,-0.6081960536549869,-0.2051977240875183
8.98989898989899,3,0.9240064690468052,-0.8888274566365597,-0.6833685562359835,-0.18208032590649773
9.09090909090909,3,0.8498955483285077,-0.9058834032009648,-0.7818621934391592,-0.15623962256277152
9.191919191919192,3,0.7641621187433437,-0.9201540051813324,-0.9142033477437311,-0.1267104392356924
9.292929292929292,3,0.6624825710221464,-0.9311975528010302,-1.0968973875034544,-0.09208102015398009
9.393939393939394,3,0.5389043721912874,-0.9384157777210099,-1.3550417047153922,-0.050407072215695126
9.494949494949495,3,0.3840538430077651,-0.9409526701068902,-1.7273434070609186,0.0013788970045376472
9.595959595959595,3,0.18349014364587396,-0.9375557366412207,-2.2683746412576586,0.06800700122745673
9.696969696969697,3,-0.08208813762532441,-0.9264286213558932,-3.024997129119803,0.15579128729883435
9.797979797979798,3,-0.4328192170866774,-0.9050955541382317,-3.9326632186490262,0.2712794426381079
9.8989898989899,3,-0.8660170363728338,-0.8707037793179203,-4.560662220728144,0.41338593074547264
10.0,3,-1.3146424566467343,-0.8215015995919915,-4.136355608159089,0.5596475921883775
0.0,4,0.37747711989511323,-1.5582606925395277,-3.596137046227253,0.04472500620426412
0.10101010101010101,4,-0.04120454812770462,-1.5470162435398662,-4.7645924173116345,0.1835359322785593
0.20202020202020202,4,-0.5938047378807944,-1.51964314732816,-6.130965690206743,0.3659111224488088
0.30303030303030304,4,-1.2370294054203788,-1.4720488121789388,-6.234280610801018,0.5771463892853888
0.40404040404040403,4,-1.7684051231981095,-1.4043941184488733,-3.988140990909666,0.7497613156292947
0.5050505050505051,4,-2.0404581666367325,-1.323551033959838,-1.5966421981772532,0.8350561244762333
0.6060606060606061,4,-2.1317737381254305,-1.23754944929331,-0.4202106352930526,0.8597612093280308
0.7070707070707071,4,-2.1485946497197532,-1.150609761933,0.02128580606553454,0.8595722007021177
0.8080808080808081,4,-2.1379880736691863,-1.0642195039283386,0.16610579277100923,0.8502773248182847
0.9090909090909091,4,-2.119168659076025,-0.978962133485963,0.22253088136570842,0.838320361924406
1.0101010101010102,4,-2.0970359108725414,-0.8949859582946539,0.24577481799360912,0.8253443675104908
1.1111111111111112,4,-2.073198839025761,-0.8123435732173369,0.254299456294114,0.8118891845564096
1.2121212121212122,4,-2.0481875585334075,-0.7310534989352221,0.2545716682563065,0.7981327527734839
1.3131313131313131,4,-2.022811377671123,-0.6511491982331568,0.2549888281527273,0.7843470724392515
1.4141414141414141,4,-1.9970559859840769,-0.572630586903498,0.2556640909409402,0.7705273677882587
1.5151515151515151,4,-1.9710826794996403,-0.49550419644526744,0.258224613716704,0.7567278395962311
1.6161616161616161,4,-1.944755198421144,-0.419771429373107,0.26162581980280947,0.7429031614319218
1.7171717171717171,4,-1.9180674280362935,-0.3454328833674797,0.266035871355936,0.7290513349032631
1.8181818181818181,4,-1.8909045660202288,-0.2725002116404571,0.27075290801968555,0.71513486944944
1.9191919191919191,4,-1.8632267392855255,-0.2009862356641528,0.27576488854689646,0.7011413288061187
2.0202020202020203,4,-1.8348863976210112,-0.13092296828485855,0.2802822740139333,0.6870236637593277
2.121212121212121,4,-1.8060015734912283,-0.062284800897105475,0.28567088931532053,0.6728195112235498
2.2222222222222223,4,-1.7765722668961754,0.00492826649910712,0.29230141138826493,0.6585288711987847
2.323232323232323,4,-1.7465288962908987,0.07070437251494212,0.30007387646799405,0.64412934059597
2.4242424242424243,4,-1.7156645965028792,0.1350082533710518,0.30809830193299725,0.6295543152762229
2.525252525252525,4,-1.6839946597542002,0.19783803131263894,0.3170661863151118,0.6148090178305574
2.6262626262626263,4,-1.6513664516927378,0.2591575978162732,0.3266681777140988,0.5998449773764943
2.727272727272727,4,-1.617802835405353,0.31897219277052274,0.3377608070088158,0.5846694656170828
2.8282828282828283,4,-1.582966258882821,0.3772005880997407,0.3492716255741221,0.5691753804209576
2.929292929292929,4,-1.5469337520672208,0.4338691648733225,0.3626249463395065,0.5533866396975187
3.0303030303030303,4,-1.5093845848504903,0.48891158929671275,0.3773241045315988,0.537200755663716
3.131313131313131,4,-1.4702549658360593,0.5423107948336653,0.39434364071823136,0.5205976022897754
3.2323232323232323,4,-1.429322804181203,0.5940199441949048,0.4141459939099926,0.5035062717807406
3.3333333333333335,4,-1.3859862230119806,0.6439236926891994,0.43623346920423267,0.4857338281580469
3.4343434343434343,4,-1.3401663924617417,0.6920010450447925,0.4625043919662041,0.46725539448426107
3.5353535353535355,4,-1.2916055220210991,0.7381987243163589,0.4944938343129842,0.4479885923859424
3.6363636363636362,4,-1.2393271328361593,0.7823723489050638,0.5326575304795272,0.42761755435171545
3.7373737373737375,4,-1.1827252404381179,0.824424502997505,0.5795399736279295,0.4059467799462056
3.8383838383838382,4,-1.1209284267527435,0.864227777756233,0.6383228056068253,0.3826942904004989
3.9393939393939394,4,-1.0523236264580151,0.9015666764862039,0.7130565647460049,0.3573367637202581
4.040404040404041,4,-0.9751148500592288,0.9362223727073211,0.810509519540773,0.32929012517258816
4.141414141414141,4,-0.8865462302447356,0.9678792039076077,0.9407925358839457,0.29765679648773796
4.242424242424242,4,-0.7825105848203641,0.996091246740537,1.1198910701035223,0.2610974451574189
4.343434343434343,4,-0.6568176962539036,1.020255169434989,1.373669804353608,0.21758888745563523
4.444444444444445,4,-0.5000619250500963,1.0395726771069955,1.7435787057105754,0.16404912987623238
4.545454545454545,4,-0.29750534456944966,1.0527916403219908,2.292190915741517,0.09564900550168383
4.646464646464646,4,-0.027757063884172293,1.05807677610119,3.0909805222084796,0.005380569554644767
4.747474747474747,4,0.3352896760439158,1.052803101847629,4.12658534763647,-0.11528343213781385
4.848484848484849,4,0.8001555927943355,1.0336431182299162,4.989097336801982,-0.26896140548010616
4.94949494949495,4,1.302907773963422,0.9980672632385138,4.691149697942848,-0.43417374220370825
5.05050505050505,4,1.7004639393131937,0.9471564880127026,3.0258378303100413,-0.5632984123052447
5.151515151515151,4,1.915305106217488,0.8862498491657146,1.3785717768749999,-0.630851692016877
5.252525252525253,4,2.002627162652022,0.8210924540478127,0.43959146824100526,-0.6556152178205281
5.353535353535354,4,2.024435388617958,0.7546382244914179,0.04039905652854958,-0.6584543445054138
5.454545454545454,4,2.0197644297249946,0.688397688422772,-0.11503831898296002,-0.6524813224698496
5.555555555555555,4,2.004880769574046,0.6229540660852295,-0.17520777564979473,-0.6431571942636972
5.656565656565657,4,1.985804344300624,0.5585181718948713,-0.19789082220456256,-0.6325026595598661
5.757575757575758,4,1.9651873920598069,0.4951855599208997,-0.20835916479039046,-0.6214081680146623
5.858585858585858,4,1.94381625936246,0.4329849901033153,-0.21415368991444556,-0.610137752461041
5.959595959595959,4,1.9219743376261988,0.37192758455403524,-0.21803928836314096,-0.5987866181790019
6.0606060606060606,4,1.8997831889527341,0.31201910963087265,-0.22124530853717106,-0.5873956702929695
6.161616161616162,4,1.8772735353357608,0.25327295761078317,-0.22416517632298227,-0.5759760422859724
6.262626262626262,4,1.8544504350208304,0.19568508307973637,-0.22702330078555116,-0.5645291505455925
6.363636363636363,4,1.8313148098678496,0.1392537167048541,-0.23000041355434575,-0.5530551844029401
6.4646464646464645,4,1.8078666598768185,0.08397885848613681,-0.23326204115998014,-0.5415541438580153
6.565656565656566,4,1.784087094088495,0.0298646205434923,-0.23683477227159255,-0.5300200060657312
6.666666666666667,4,1.7599008101944114,-0.023072605572084643,-0.2403696870545703,-0.5184287630266649
6.767676767676767,4,1.7353490691225761,-0.07484180139939763,-0.2443715358968771,-0.5067935696142322
6.8686868686868685,4,1.7103812672329315,-0.12543144595281813,-0.24870687248345308,-0.4950983260141226
6.96969696969697,4,1.6849296590713954,-0.1748261155513202,-0.25318437828173634,-0.48332147865371045
7.070707070707071,4,1.6590401916898732,-0.22303627101005732,-0.25835428147351036,-0.4714776458292872
7.171717171717171,4,1.6326636787620168,-0.27005045209283485,-0.2641734186525897,-0.45955119611448325
7.2727272727272725,4,1.6055792504351163,-0.3158171969225793,-0.26971207104519285,-0.44747193701686677
7.373737373737374,4,1.5779960244790752,-0.3603852291835631,-0.27649046804514377,-0.43530632621412085
7.474747474747475,4,1.5497007603853123,-0.40370945520411583,-0.28374473128796773,-0.42298628978149644
7.575757575757575,4,1.520660412785505,-0.44578206177552904,-0.29175238917841595,-0.41050133347679973
7.6767676767676765,4,1.4908331456021056,-0.48659341698461145,-0.3007819171477609,-0.39783815406839446
7.777777777777778,4,1.460151216336771,-0.5261285291545301,-0.31103503684186484,-0.3849751701686216
7.878787878787879,4,1.4283452944781907,-0.5643245322616169,-0.3220053330910293,-0.3718267960086224
7.979797979797979,4,1.3953642837099047,-0.6011703878655098,-0.33425045849532853,-0.3583767353789343
8.080808080808081,4,1.3611312020842565,-0.6366489100487842,-0.34829116030828633,-0.34460047335816657
8.181818181818182,4,1.325544979237591,-0.6707371922305418,-0.3646512822471183,-0.33046584693049424
8.282828282828282,4,1.2879889237166233,-0.7033317926440091,-0.38269335445465713,-0.3157741883959405
8.383838383838384,4,1.248341545594126,-0.7344066153636702,-0.4035565139858789,-0.300486740840464
8.484848484848484,4,1.2064229518497256,-0.7639264424477498,-0.4284064042770068,-0.2845458877867252
8.585858585858587,4,1.1615404221088637,-0.7917742096503795,-0.4578239999418281,-0.2677285267262626
8.686868686868687,4,1.1132141029374838,-0.8178668941162444,-0.49350409585137434,-0.24988024137141165
8.787878787878787,4,1.0609354880734716,-0.8421219899817528,-0.5377316326802183,-0.23083703002570702
8.88888888888889,4,1.0033693033686875,-0.8643469943832245,-0.5930750780142675,-0.21016663483068088
8.98989898989899,4,0.9396732457739045,-0.884416781153064,-0.6639487470867317,-0.18759662984776393
9.09090909090909,4,0.8677564866763481,-0.9020597526825496,-0.7563315780710027,-0.16244817871327938
9.191919191919192,4,0.7850721227201857,-0.9170045012597026,-0.8796671043386375,-0.133890407489415
9.292929292929292,4,0.6875730237985733,-0.9288408178223869,-1.0488581104094434,-0.10060162007803197
9.393939393939394,4,0.5697671830547933,-0.9370068372289186,-1.2866851285216416,-0.0607886052030032
9.494949494949495,4,0.42321885133068676,-0.9407129387571421,-1.6282867666189969,-0.011692087859752768
9.595959595959595,4,0.2348056151054789,-0.9388269620112916,-2.1250097376314616,0.05098659243225981
9.696969696969697,4,-0.013773133708149272,-0.9296842066353016,-2.8303694082777393,0.13323665834506987
9.797979797979798,4,-0.34357295547479455,-0.9109607873291969,-3.7230450605098864,0.24192170431354465
9.8989898989899,4,-0.7605909787592375,-0.8798254112357708,-4.481248325481177,0.37885202033546383
10.0,4,-1.2154632146695683,-0.8340607515177314,-4.352906314136017,0.5274251216577048
0.0,5,-1.5439177663789085,0.9175599312816209,1.8011355909616806,0.5201352600408614
0.10101010101010101,5,-1.3863161752741522,0.9669518945993378,1.406230143979971,0.4643085987847615
0.20202020202020202,5,-1.2538326803554714,1.0114184900137746,1.243903259836257,0.4171829941175721
0.30303030303030304,5,-1.131116492107048,1.0513312491339262,1.2078224446070505,0.3736167474267542
0.40404040404040403,5,-1.0071724540472042,1.0868706570574735,1.2607666724440207,0.32993277421190315
0.5050505050505051,5,-0.8735543711935009,1.1178733966340584,1.3995640054725544,0.2833265639555631
0.6060606060606061,5,-0.7198107315644957,1.1437826530733308,1.644869491625517,0.23035140031660983
0.7070707070707071,5,-0.5340499854630045,1.163868838042461,2.0417726267052316,0.16709207261817074
0.8080808080808081,5,-0.2986205720984198,1.17690927437482,2.6614953712101714,0.08774623907448527
0.9090909090909091,5,0.01426345014574669,1.18071308710674,3.5849267099154383,-0.0168020225223649
1.0101010101010102,5,0.4340039647124561,1.1723014298484946,4.737167439330248,-0.156154750227385
1.1111111111111112,5,0.9569576117996206,1.148006993915372,5.438542782559345,-0.32885300352756497
1.2121212121212122,5,1.476421283979584,1.1059180984350772,4.528685787785608,-0.4992016345555331
1.3131313131313131,5,1.8323793532121895,1.0490724869733052,2.491932778513118,-0.6140646168689502
1.4141414141414141,5,1.9988461370783268,0.9840227126773649,0.9624449174655536,-0.6652168932045999
1.5151515151515151,5,2.0551214220591953,0.9159634817521605,0.2333999403651319,-0.6794380394698758
1.6161616161616161,5,2.0624290832986074,0.8473649882624436,-0.04339443806168297,-0.6773006936503654
1.7171717171717171,5,2.052029726876496,0.7793285442613462,-0.1466653132597857,-0.6692984785762551
1.8181818181818181,5,2.0349980171722235,0.7122272463318035,-0.18569245050404481,-0.6591478221461947
1.9191919191919191,5,2.0153789633642094,0.646196637055457,-0.20124347151375055,-0.6482060969251002
2.0202020202020203,5,1.9946456562389936,0.5812867686777055,-0.2081224605968255,-0.6369676699915116
2.121212121212121,5,1.9733954262024243,0.5175182982594486,-0.21223193031879828,-0.6256330286181047
2.2222222222222223,5,1.9518121162965514,0.454898688174999,-0.2154335192168364,-0.614263951310517
2.323232323232323,5,1.9299528045214023,0.3934311916539359,-0.21837762905591673,-0.6028796809507297
2.4242424242424243,5,1.907798622388511,0.33311423236788634,-0.22106765601258943,-0.5914738229540294
2.525252525252525,5,1.88534969680013,0.27394899159293773,-0.2236614056392897,-0.5800464983729059
2.6262626262626263,5,1.8626070734510192,0.21594520323220368,-0.22629540792605296,-0.5685987046991533
2.727272727272727,5,1.8395701504120936,0.15909726419803452,-0.22913687972983368,-0.5571298677505668
2.8282828282828283,5,1.8162389276833528,0.10340517449042978,-0.23233834778153883,-0.5456399875271463
2.929292929292929,5,1.7925679991937435,0.048878413733623775,-0.23571956991154064,-0.5341145606468227
3.0303030303030303,5,1.7684811227406902,-0.004467100653976826,-0.23892770864571722,-0.5225292342032983
3.131313131313131,5,1.7440739358006876,-0.056651335327023926,-0.24284564637859551,-0.5109145562450943
3.2323232323232323,5,1.7192733609596569,-0.10766089014262817,-0.24716424485655417,-0.49924706097704374
3.3333333333333335,5,1.6940123878646087,-0.1574834403852525,-0.25168318832854586,-0.48750523326251943
3.4343434343434343,5,1.6682938566597099,-0.20611904280942428,-0.256678347732222,-0.47569001603260835
3.5353535353535355,5,1.642086335535897,-0.25356167923563044,-0.26222568010880287,-0.4637913332295903
3.6363636363636362,5,1.6153188064741901,-0.2997925217915474,-0.2681995704669255,-0.4517867673719602
3.7373737373737375,5,1.5879335319348173,-0.3447970400321482,-0.2746171710053705,-0.4396580413094625
3.8383838383838382,5,1.5599073853626702,-0.3885719032731876,-0.2817334329291048,-0.4273976682360109
3.9393939393939394,5,1.5311985416611555,-0.4311077301735662,-0.2897281593274379,-0.41499233187548074
4.040404040404041,5,1.5016741088364378,-0.4723700027088594,-0.298400532836928,-0.40240003609822195
4.141414141414141,5,1.4712495321926788,-0.512337545127074,-0.3078942685679871,-0.38959400772242136
4.242424242424242,5,1.4398960056535652,-0.5510045696540368,-0.31866281069002866,-0.3765650305742526
4.343434343434343,5,1.4075501093121103,-0.5883557342546221,-0.33105136540293656,-0.36329298748706196
4.444444444444445,5,1.373937694281077,-0.6243260339819888,-0.344753782689856,-0.34969082916155975
4.545454545454545,5,1.338931541622519,-0.6588850911583652,-0.360213665045252,-0.3357181744636153
4.646464646464646,5,1.3024862650319342,-0.6920218137630629,-0.3782361331780296,-0.3213606340931072
4.747474747474747,5,1.264493007389659,-0.7237101514840062,-0.39950312587559333,-0.3065836590309526
4.848484848484849,5,1.223690124207329,-0.7538895364172341,-0.4229732677697593,-0.2909707389746274
4.94949494949495,5,1.1796440009173994,-0.7824370772752228,-0.44992459830364107,-0.27438552848745157
5.05050505050505,5,1.1324519311935783,-0.809249804559697,-0.4827036282292245,-0.25686732342721297
5.151515151515151,5,1.0815468062451081,-0.834237668543284,-0.5232049270632877,-0.23823309084548377
5.252525252525253,5,1.0259395245016492,-0.8572529060357241,-0.5737947485420236,-0.21816298109816812
5.353535353535354,5,0.9647069069813676,-0.8781834083770501,-0.6382430712137253,-0.19635674176865253
5.454545454545454,5,0.8960704573499728,-0.8968028923097937,-0.721690147087312,-0.17223662629600467
5.555555555555555,5,0.8177686419387676,-0.9128390781324873,-0.8320904502288431,-0.14506694210409002
5.656565656565657,5,0.7262380563899646,-0.9259136473919141,-0.9820604938778301,-0.11368510897052728
5.757575757575758,5,0.6163829111202479,-0.9355077425456721,-1.191555555054021,-0.07642712087037115
5.858585858585858,5,0.48141542227256395,-0.9409795752193774,-1.490265686476024,-0.031073169076229486
5.959595959595959,5,0.30974425909622044,-0.9412972013133127,-1.924376157357162,0.02617172705548071
6.0606060606060606,5,0.0852974078863715,-0.9350278199312356,-2.5498118300319557,0.10056938536662521
6.161616161616162,5,-0.21295488011861155,-0.9201179343074488,-3.3895609861090907,0.19899282232670046
6.262626262626262,5,-0.6007690329879058,-0.8938211305847248,-4.266938870095013,0.3265110863682836
6.363636363636363,5,-1.0540437444672925,-0.8534468338952214,-4.5514204757508425,0.47491103708211224
6.4646464646464645,5,-1.477282247380138,-0.7982701867203562,-3.602691423754824,0.6123120949080697
6.565656565656566,5,-1.7606301942388956,-0.7312880964313195,-2.0181205058127265,0.7022959378417198
6.666666666666667,5,-1.8974730443968748,-0.6578761124107547,-0.8343780183642854,0.7430160889596753
6.767676767676767,5,-1.9479654862715639,-0.5821673283296955,-0.1987079529925153,0.7547996506458343
6.8686868686868685,5,-1.9526723584613181,-0.5060327918321976,0.06928627512509977,0.7512929722759193
6.96969696969697,5,-1.939358367961128,-0.4306035836257937,0.18425600199612296,0.7418263615620955
7.070707070707071,5,-1.918116384645745,-0.35627514138091554,0.233902572830345,0.729790470973976
7.171717171717171,5,-1.8931919089789762,-0.28321715848398527,0.2563050518868028,0.7166117802252577
7.2727272727272725,5,-1.8665801530590094,-0.21151786981595855,0.26909791400581895,0.7029612423407336
7.373737373737374,5,-1.8389143867603657,-0.14121232421111743,0.2781040148834816,0.6890522838675297
7.474747474747475,5,-1.810428830104905,-0.07232166296188251,0.2857051903497907,0.6749643875657605
7.575757575757575,5,-1.7811999439268478,-0.004862113047780587,0.29297922669872933,0.6607241221788013
7.6767676767676765,5,-1.7512307370742022,0.06115142759684545,0.3004524225485423,0.646333483851611
7.777777777777778,5,-1.7204912555170293,0.12570220816537045,0.30844209430134983,0.631783604627985
7.878787878787879,5,-1.6889411735763775,0.18876919931804167,0.3172264176373183,0.617062444570923
7.979797979797979,5,-1.6565424689985013,0.250332551277494,0.32714302173338206,0.6021586529143341
8.080808080808081,5,-1.6232385028551368,0.31037228294602104,0.33847772611442173,0.5870546820886442
8.181818181818182,5,-1.588739532410002,0.3688667689326808,0.35050852169627267,0.5716553928744885
8.282828282828282,5,-1.5528148898528877,0.4257948005557321,0.3631399177900066,0.5558853099139137
8.383838383838384,5,-1.5152815171102323,0.481135504968222,0.3767666341240883,0.5396848053721959
8.484848484848484,5,-1.4759848818516568,0.5348500206581258,0.3920747853260257,0.5230049592400104
8.585858585858587,5,-1.4348504496229435,0.5868490385232812,0.41005986435476816,0.505826880639429
8.686868686868687,5,-1.3917551549356308,0.637073853695561,0.4317613522121597,0.4881134613988395
8.787878787878787,5,-1.3419788232579486,0.6847843551438129,0.445195869812845,0.46834065074306197
8.88888888888889,5,-1.2968921920061116,0.7316811168075362,0.4856478258936425,0.45018532288153473
8.98989898989899,5,-1.2466240383691591,0.7763192877380435,0.5264286286743555,0.4304533936071835
9.09090909090909,5,-1.1911743623470894,0.8186988679353354,0.5727264854265851,0.4091448629200074
9.191919191919192,5,-1.1304378955156587,0.858812422637711,0.6296986778428741,0.3862251369960388
9.292929292929292,5,-1.063199254103389,0.8965570880958024,0.7019061284753169,0.36129594549474275
9.393939393939394,5,-0.9876198357236776,0.9316658547867934,0.7954554722741002,0.3337622215887729
9.494949494949495,5,-0.9011397893255404,0.9638334056408847,0.9198540461110268,0.3027910360657878
9.595959595959595,5,-0.7998621644454025,0.9926535333709402,1.0901095081059036,0.2671104859237381
9.696969696969697,5,-0.6777655421419002,1.0175294000373039,1.3306341079051656,0.2247532207114798
9.797979797979798,5,-0.5262171974785319,1.037675308784065,1.6800862643573038,0.17289404524057295
9.8989898989899,5,-0.3319530442804707,1.0519569266777862,2.196590490446175,0.1071872196483045
10.0,5,-0.07381422019194432,1.0585948020067772,2.9547439251095384,0.020698419930196294
0.0,6,0.44231724735692524,-0.9848602647037095,-1.7141660096666413,-0.015115064805394438
0.10101010101010101,6,0.2440532673344556,-0.983126756783309,-2.231756768395767,0.05085736134073541
0.20202020202020202,6,-0.01685398755219687,-0.9738181126792261,-2.972011513202873,0.13720587002934737
0.30303030303030304,6,-0.3632359940306434,-0.9544524550760534,-3.9051398495647995,0.25137549501528467
0.40404040404040403,6,-0.7999937505800737,-0.922029484751285,-4.654081704786602,0.3947998825101102
0.5050505050505051,6,-1.2686255863409908,-0.8743461833457404,-4.387175489889154,0.5478316076700462
0.6060606060606061,6,-1.6444977187848924,-0.8124433749730318,-2.9234884679423483,0.6689954645931662
0.7070707070707071,6,-1.8575548854900923,-0.7410546014483173,-1.3863164694048697,0.7352552685932519
0.8080808080808081,6,-1.9461471671545054,-0.6653262805251724,-0.4634097516392287,0.7597374744198465
0.9090909090909091,6,-1.969153543656123,-0.5883728665308678,-0.037057033996204414,0.7622760389874321
1.0101010101010102,6,-1.9627361904144247,-0.5116921881953578,0.13782895396330175,0.7550248760178322
1.1111111111111112,6,-1.9445452183845755,-0.43596701365961243,0.2112867849428658,0.7439128737054994
1.2121212121212122,6,-1.9213860292643252,-0.361459914478164,0.24468961167944675,0.7312260040533194
1.3131313131313131,6,-1.8957791569472044,-0.28827366440000546,0.2612312789417326,0.7178112966090684
1.4141414141414141,6,-1.8688510339079236,-0.21646057107321628,0.27122213084814106,0.7040477160408556
1.5151515151515151,6,-1.84104875844279,-0.14604848577266985,0.2788703696752507,0.6900861518657746
1.6161616161616161,6,-1.8125228713892492,-0.07705462656520849,0.28583862036801166,0.6759779322340971
1.7171717171717171,6,-1.7832994447065735,-0.009492972289611892,0.29279479978611317,0.6617326797214986
1.8181818181818181,6,-1.7533597868221515,0.05662165790898803,0.30008795549418765,0.6473451517467845
1.9191919191919191,6,-1.7226595690036632,0.12127479670766735,0.3079344070108654,0.6328015365540431
2.0202020202020203,6,-1.6911335868132642,0.1844496986189601,0.31647676381251033,0.6180812156964907
2.121212121212121,6,-1.6587001304405562,0.24612015449677016,0.3258187228094336,0.6031586998470673
2.2222222222222223,6,-1.6253117948949403,0.3062684631827928,0.33635610400549915,0.5880193674194605
2.323232323232323,6,-1.5908391016198302,0.364869101322332,0.3481363566301782,0.5726217604517879
2.4242424242424243,6,-1.555138541486312,0.42189377979558473,0.3612996698016092,0.5569199285090649
2.525252525252525,6,-1.5180403222169105,0.4773108155840485,0.3760540658622226,0.5408593863667002
2.6262626262626263,6,-1.4793309029979633,0.5310803634909839,0.39264559870687343,0.5243716100999222
2.727272727272727,6,-1.4388129799619394,0.583173346768814,0.41168697144691124,0.5073927702027254
2.8282828282828283,6,-1.396144679360519,0.6335305902060797,0.43355081656136574,0.489812853773101
2.929292929292929,6,-1.3510584688793965,0.6820788007560258,0.4592277128571435,0.4715475695760638
3.0303030303030303,6,-1.3031193579324012,0.7287375748378874,0.48970777432256474,0.45245728098827454
3.131313131313131,6,-1.2516765467853384,0.7733959314176121,0.5261525121997606,0.4323324535006053
3.2323232323232323,6,-1.1962047658033275,0.815968574176509,0.5709478124135025,0.41100368365600853
3.3333333333333335,6,-1.1354459617638788,0.856276490526585,0.6263511358494828,0.3880635545528539
3.4343434343434343,6,-1.0686810672853082,0.8942229089205599,0.6971439684792636,0.3632788285003987
3.5353535353535355,6,-0.9929544251353992,0.9294293155259168,0.7884365172100503,0.3356895206767386
3.6363636363636362,6,-0.9072826361458953,0.9618131547610104,0.9104319472584397,0.3049733350645644
3.7373737373737375,6,-0.8070232586824082,0.9908681522181997,1.0771380664980454,0.26961654274625607
3.8383838383838382,6,-0.6866131450680875,1.016036117732586,1.3119641787720586,0.2278019738405234
3.9393939393939394,6,-0.5376788361631231,1.0365487973619811,1.6520520452046275,0.17678969223024224
4.040404040404041,6,-0.3468170189962894,1.0512678274865614,2.155068285640474,0.11218781783299236
4.141414141414141,6,-0.09392880834403078,1.0585043182515645,2.894555228003071,0.02740931489790595
4.242424242424242,6,0.2469854523560171,1.0558049729068841,3.893304715243521,-0.08604881564579797
4.343434343434343,6,0.6918539424855136,1.0399502256165305,4.864248397079211,-0.23328132920293987
4.444444444444445,6,1.1972087089817591,1.0080145462047705,4.8997001158062155,-0.3996038727409044
4.545454545454545,6,1.6292719148247223,0.9600905035781191,3.4431410118728443,-0.5404300051801154
4.646464646464646,6,1.882946626864667,0.9008448000603368,1.6754096112994417,-0.6210385289589114
4.747474747474747,6,1.9912355490447708,0.836231190524694,0.5871134098144275,-0.6528272623832365
4.848484848484849,6,2.0228809068838975,0.7698637535173961,0.10050990422195916,-0.6589512191957922
4.94949494949495,6,2.022246334857688,0.703500916626619,-0.09269467002503473,-0.6543155060610039
5.05050505050505,6,2.0088603035810406,0.6378452091038709,-0.16667883037299291,-0.6454764484672716
5.151515151515151,6,1.9903467154612815,0.5731643738667999,-0.19418553341541533,-0.6349931967448805
5.252525252525253,6,1.9699800969524153,0.5095756587138789,-0.20647401013013167,-0.6239650762317304
5.353535353535354,6,1.9487531065883676,0.44711502531075975,-0.2130557610184255,-0.6127253705501732
5.454545454545454,6,1.9270040998575133,0.38579544321125725,-0.21723202625026083,-0.6013877294999216
5.555555555555555,6,1.9048879559264007,0.32562379114448714,-0.22053762329874183,-0.590004238051766
5.656565656565657,6,1.8824638904540218,0.2666122542765503,-0.22360294309284162,-0.5785954471031106
5.757575757575758,6,1.8597261334403965,0.2087555945126714,-0.22656882838758224,-0.5671590841143103
5.858585858585858,6,1.8366743706628716,0.15205360245876368,-0.22960334195681223,-0.5556950303848748
5.959595959595959,6,1.8133086021214473,0.09650627811482614,-0.23287377112479363,-0.5442032859148042
6.0606060606060606,6,1.7895376984724816,0.04214282949603786,-0.23585478271358318,-0.5326554214572297
6.161616161616162,6,1.7654155801660283,-0.011054025529356339,-0.23917225281280383,-0.5210682583533857
6.262626262626262,6,1.740942620788162,-0.06308440670004081,-0.24301563281512537,-0.5094419131493846
6.363636363636363,6,1.7161168911448108,-0.1139477872200439,-0.24755506719994086,-0.4977757779002674
6.4646464646464645,6,1.690788753961115,-0.16360330634088635,-0.25201409240839834,-0.4860226975643126
6.565656565656566,6,1.6650382836105282,-0.21207282959598112,-0.25717666262385025,-0.4742079058971107
6.666666666666667,6,1.6388654800930502,-0.2593563569853282,-0.26326874769762,-0.4623314028986615
6.767676767676767,6,1.6120702789177328,-0.30540968513454975,-0.26941903911641624,-0.4503294472969409
6.8686868686868685,6,1.5846721854451433,-0.35023712366776555,-0.2761013188560428,-0.43820825357053006
6.96969696969697,6,1.5567198681334744,-0.3938494256679819,-0.2839074039410731,-0.42598332766662594
7.070707070707071,6,1.5282433379975935,-0.4362537092900769,-0.2932857623161178,-0.4136641987131927
7.171717171717171,6,1.4985177781068295,-0.4772780590159086,-0.30128572810975485,-0.4010207221012159
7.2727272727272725,6,1.4681490714665908,-0.5170661810510041,-0.3112904163882265,-0.3882452784187967
7.373737373737374,6,1.4370023431645464,-0.5555870834600338,-0.3231291895965822,-0.37529497549084656
7.474747474747475,6,1.404693946390755,-0.5927540648847713,-0.3358734028394533,-0.36204771113793355
7.575757575757575,6,1.3712779164544913,-0.6285784375228144,-0.35045684139181077,-0.3485207429833095
7.6767676767676765,6,1.3366407677389416,-0.6630339993098807,-0.3672335079162512,-0.3346779892923218
7.777777777777778,6,1.3004906518050638,-0.6960915025612493,-0.38629109592120514,-0.32042411709760465
7.878787878787879,6,1.2609402397560412,-0.7276730575462377,-0.4050559698239019,-0.3051352094155979
7.979797979797979,6,1.2189282475758252,-0.7576759951921916,-0.42730985676452915,-0.28913101617912895
8.080808080808081,6,1.1742519601557104,-0.7860012811660634,-0.4543860225441365,-0.2723505679741659
8.181818181818182,6,1.1263600284040427,-0.8125675373819982,-0.48762075495683177,-0.254615506975881
8.282828282828282,6,1.0747539849392456,-0.8372950402330003,-0.5290673325906191,-0.2357649922975485
8.383838383838384,6,1.0183896120545937,-0.8600252943062269,-0.5810966353723631,-0.2154615177311161
8.484848484848484,6,0.9561306226968942,-0.8806421095926165,-0.6476154679793663,-0.19333406692612365
8.585858585858587,6,0.8862287603886398,-0.8989224673015174,-0.7341264438173626,-0.1688147556427788
8.686868686868687,6,0.8061685982524943,-0.9145655865613624,-0.8491262321470157,-0.14108516031340723
8.787878787878787,6,0.7124378274058073,-0.9271904093368166,-1.0058681452620857,-0.1089999151794813
8.88888888888889,6,0.6000112581401938,-0.9362974753358267,-1.2248708106064519,-0.07091725435767615
8.98989898989899,6,0.46080498077915655,-0.9411387661351525,-1.5388492526200148,-0.02419240918404201
9.09090909090909,6,0.2832980032728561,-0.9406721278635125,-1.994859236547045,0.03494547409994881
9.191919191919192,6,0.050360084677775495,-0.9333847624220227,-2.64920175336366,0.11210562260220969
9.292929292929292,6,-0.25927989174607413,-0.9171217390594709,-3.511774526270348,0.21423474651932276
9.393939393939394,6,-0.6579266210954118,-0.8891048435495331,-4.356299382578437,0.3452491966017728
9.494949494949495,6,-1.1125143912850546,-0.8468120316706697,-4.501033255659264,0.49395893253972945
9.595959595959595,6,-1.521107984449414,-0.7900136815443887,-3.413871736814732,0.6263702402527638
9.696969696969697,6,-1.7887990431782301,-0.7220297860479412,-1.8086837015321147,0.7110683334626061
9.797979797979798,6,-1.9131210282282338,-0.6479822147954573,-0.681225414548885,0.7475724903957751
9.8989898989899,6,-1.9507204755492427,-0.5718571392213326,-0.14463598246240272,0.755030634464503
10.0,6,-1.9496128044478203,-0.4957508226926042,0.07436806229350301,0.7495876563287803
0.0,7,-2.8141141952588256,-2.836507018156769,5.333778412202356,1.1938051996300598
0.10101010101010101,7,-2.565040820655665,-2.7216438371050646,1.016463869375058,1.1031231960255594
0.20202020202020202,7,-2.504406977886977,-2.611782782448969,0.3592073008686234,1.075587844792257
0.30303030303030304,7,-2.4759709322129466,-2.5040166215787543,0.23880891406801208,1.0589247521762326
0.40404040404040403,7,-2.4534450040429223,-2.397799694902176,0.21451408454160736,1.0443349810077858
0.5050505050505051,7,-2.4320700705752203,-2.29302605309223,0.21032055613819178,1.030225093731222
0.6060606060606061,7,-2.4108021875709613,-2.1896662492774532,0.2100978994040883,1.0162451458088173
0.7070707070707071,7,-2.38942839858196,-2.0877102468572564,0.21071027275669207,1.0023234826511371
0.8080808080808081,7,-2.367978901148024,-1.987160777857218,0.21260606751986577,0.9884703522398226
0.9090909090909091,7,-2.3463377418109244,-1.88800338515055,0.21427166300142142,0.9746461396136781
1.0101010101010102,7,-2.3245427446427214,-1.7902427846587412,0.21630774237811146,0.9608637671914899
1.1111111111111112,7,-2.302572084487456,-1.6938745615642476,0.21852470744516106,0.947115665600102
1.2121212121212122,7,-2.2803880160176133,-1.598891689967758,0.22056509930616874,0.9333887846703883
1.3131313131313131,7,-2.258013414804634,-1.5052984279184722,0.2228271737696319,0.9196910334627761
1.4141414141414141,7,-2.23534495048792,-1.4130720022443535,0.224247130580862,0.9059864503122635
1.5151515151515151,7,-2.212450834898231,-1.3222274462787593,0.22577636307250448,0.8922987747179942
1.6161616161616161,7,-2.18933569113783,-1.2327657789158715,0.22759921372632608,0.8786296156403348
1.7171717171717171,7,-2.165999519206717,-1.1446870001556897,0.229843970908447,0.8649789730792851
1.8181818181818181,7,-2.1424423191048922,-1.0579911099982138,0.23263655578037779,0.851346847034845
1.9191919191919191,7,-2.1186640908323557,-0.9726781084434442,0.2361004196942993,0.8377332375070148
2.0202020202020203,7,-2.0944916126357915,-0.8887454239557783,0.23860391494702926,0.8240802324756491
2.121212121212121,7,-2.0699896181054784,-0.8061940175272913,0.24105863763152113,0.8104094738703123
2.2222222222222223,7,-2.045201999028643,-0.7250245407464309,0.2440960509764356,0.7967356357259764
2.323232323232323,7,-2.020128755405286,-0.6452369936131978,0.2478869740762747,0.7830587180426419
2.4242424242424243,7,-1.9947698872354067,-0.5668313761275914,0.2525988381481481,0.7693787208203084
2.525252525252525,7,-1.969125394519006,-0.48980768828961224,0.2583955024359172,0.7556956440589762
2.6262626262626263,7,-1.9429402137131055,-0.4141976370625339,0.26321815114861014,0.7419265803752042
2.727272727272727,7,-1.9161746030714328,-0.34000616274505585,0.26712410674972714,0.7280586118734813
2.8282828282828283,7,-1.8889732615621264,-0.26721527780036614,0.2717065209759769,0.7141387723740664
2.929292929292929,7,-1.861336189185186,-0.19582498222846534,0.2772504910004744,0.7001670618769597
3.0303030303030303,7,-1.8332633859406113,-0.1258352760293529,0.2840357751596965,0.6861434803821607
3.131313131313131,7,-1.8045622329762054,-0.05726911280070572,0.2909633575927001,0.6720053518454489
3.2323232323232323,7,-1.7749904427960614,0.009844635051481396,0.29683161875566844,0.657673838595255
3.3333333333333335,7,-1.7447058141775542,0.07552477175954751,0.3033385412331761,0.6432002866085482
3.4343434343434343,7,-1.7136467611009847,0.1397248819713189,0.3105041167002467,0.6285672615689069
3.5353535353535355,7,-1.6818158091439264,0.20244686913132975,0.3189166228334321,0.6137754784392201
3.6363636363636362,7,-1.6490678654455755,0.2636549192560937,0.3282772525787803,0.5987789605314522
3.7373737373737375,7,-1.6153584497544853,0.32333679567407864,0.3390237881532803,0.5835636968732232
3.8383838383838382,7,-1.5806119531101805,0.3814780129871885,0.3514949941594833,0.5681054501709142
3.9393939393939394,7,-1.5444679985781324,0.43799867086646693,0.36473725145558533,0.5522894214682796
4.040404040404041,7,-1.5070754160641018,0.49293686943069503,0.38056904954465676,0.5361626807259876
4.141414141414141,7,-1.468049420047545,0.5462166105480628,0.39839631842336587,0.5196020326459774
4.242424242424242,7,-1.4272953259166623,0.5978161577075605,0.41920849396178206,0.5025773647917167
4.343434343434343,7,-1.3844378865707774,0.6476657502849099,0.4431917487280871,0.4849682455045984
4.444444444444445,7,-1.3389428074584013,0.6956700289663523,0.470595271536593,0.4666029338883769
4.545454545454545,7,-1.2906333680729722,0.74179118598577,0.5033259698934699,0.44742504362527274
4.646464646464646,7,-1.2389496057852194,0.7859284706093391,0.5427194392596738,0.4272546372211171
4.747474747474747,7,-1.1829772152175502,0.8279223081060152,0.5903351063506158,0.4057975845321157
4.848484848484849,7,-1.1223531181516782,0.867704632277213,0.6498564145091236,0.3829373972320785
4.94949494949495,7,-1.053514933126304,0.9051029365405597,0.7240536124620344,0.3574981152727307
5.05050505050505,7,-0.9754058520382806,0.9397665931995168,0.8210995196261704,0.32915084446612575
5.151515151515151,7,-0.8856078766542982,0.9713632947007289,0.9518496730013406,0.2971117392380508
5.252525252525253,7,-0.7804190831941544,0.9995126689716306,1.1325980790278964,0.26017218313327606
5.353535353535354,7,-0.6536026358401799,1.0236264619819375,1.3892881751320014,0.21629244781459744
5.454545454545454,7,-0.4955266045793701,1.0428417216117836,1.7636202319133436,0.16231942008567113
5.555555555555555,7,-0.29108527220073105,1.055896672201141,2.319098040155427,0.09330197925350095
5.656565656565657,7,-0.018282646723756315,1.060923355759673,3.1279282381769606,0.002032658523940578
5.757575757575758,7,0.34889493827651435,1.05524482385048,4.169949115694339,-0.11998130101553678
5.858585858585858,7,0.817418192267558,1.0355464036014221,5.012717429675787,-0.27484249099594743
5.959595959595959,7,1.3196369879442607,0.9993791600714202,4.658977458872741,-0.4398376066528482
6.0606060606060606,7,1.7125408505211832,0.9479682285284168,2.9589939988416605,-0.5673781654089556
6.161616161616162,7,1.9219163755906272,0.8867879953422024,1.3270103712552144,-0.6330913248863559
6.262626262626262,7,2.005318228244037,0.8214653931957537,0.416362273662611,-0.6565371022943959
6.363636363636363,7,2.0252835525249338,0.7549388071927484,0.033412737970220596,-0.6587571046544944
6.4646464646464645,7,2.0199896661711403,0.6886714303281867,-0.11629821268331719,-0.6525746507455925
6.565656565656566,7,2.0049096256054586,0.6232157927205539,-0.17468399717267613,-0.6431842613831897
6.666666666666667,7,1.9859530132637049,0.5587796996464848,-0.19841915573107716,-0.6325696510643339
6.767676767676767,7,1.9653010770031822,0.49544101204968705,-0.20856897038971844,-0.6214630931377065
6.8686868686868685,7,1.9439139328314787,0.43323509303231167,-0.21421757100393624,-0.610186983812647
6.96969696969697,7,1.9220685177761445,0.3721728329661595,-0.2180647541046798,-0.5988343614564589
7.070707070707071,7,1.899876111568665,0.31225958714368246,-0.2212512796352562,-0.5874426763324672
7.171717171717171,7,1.8773680371642867,0.253508435836615,-0.22417440399345068,-0.5760232414438698
7.2727272727272725,7,1.8545482126757664,0.19591449586114495,-0.22705055074702996,-0.5645770372826651
7.373737373737374,7,1.8314169536006897,0.1394766881904186,-0.23005280780033446,-0.5531040970795911
7.474747474747475,7,1.8079742599390571,0.084195012824436,-0.233345875027457,-0.5416044208346481
7.575757575757575,7,1.7841804514950421,0.03007945546092959,-0.23680170251397042,-0.530065447529076
7.6767676767676765,7,1.7599979332210929,-0.022860522939204774,-0.2403445630138621,-0.518475276211084
7.777777777777778,7,1.7354577962921771,-0.07463274660840569,-0.24440052642608812,-0.5068437489901654
7.878787878787879,7,1.7105197963972218,-0.1252257166717055,-0.24888995696519362,-0.4951582176876269
7.979797979797979,7,1.6851139492907747,-0.1746194367602577,-0.2535812360715767,-0.4833966873129077
8.080808080808081,7,1.6592884615673507,-0.22282768078615636,-0.25903403269011527,-0.4715743084700398
8.181818181818182,7,1.633135103024291,-0.26987119650036584,-0.26599234009752204,-0.4597202879080727
8.282828282828282,7,1.6060914563431192,-0.31562282992847734,-0.27155483953366155,-0.4476556301191413
8.383838383838384,7,1.5785801001732906,-0.3601781196554778,-0.27848169818924223,-0.43551482541406505
8.484848484848484,7,1.5505316411929202,-0.40352181329224457,-0.28667863463317433,-0.42327575951149043
8.585858585858587,7,1.5216887749828183,-0.4455987822584308,-0.29525626874596594,-0.41085633951037737
8.686868686868687,7,1.4920921754146679,-0.4864171312764511,-0.3048779587324351,-0.3982695830531259
8.787878787878787,7,1.461671346909563,-0.525961374049703,-0.31570625040058997,-0.3854930240332075
8.88888888888889,7,1.4303483703028899,-0.5642144745870001,-0.3279429808341613,-0.3725018251284966
8.98989898989899,7,1.3977313806833271,-0.6010938598315791,-0.34076956004810366,-0.35917086957233707
9.09090909090909,7,1.363863398213222,-0.6366077402199715,-0.3551872051409366,-0.3455139500564093
9.191919191919192,7,1.3286322108717705,-0.6707319210299412,-0.37168514602873837,-0.33149527555526076
9.292929292929292,7,1.2919256066381706,-0.7034422075392502,-0.390866365671832,-0.31707905504344014
9.393939393939394,7,1.253124893714798,-0.7345883397198523,-0.41219992642047576,-0.30206907525694254
9.494949494949495,7,1.2122167938207948,-0.7641707479436438,-0.4371775352160201,-0.2864608814106887
9.595959595959595,7,1.1690554769002734,-0.7921568697942226,-0.4670414361804084,-0.27020803431380963
9.696969696969697,7,1.123455581003426,-0.8185043031724897,-0.5031183720971542,-0.25325157345630933
9.797979797979798,7,1.0721786502768265,-0.8431281445035393,-0.5453897394466173,-0.23451767379203953
9.8989898989899,7,1.0145025885945576,-0.8657577955072912,-0.59790741200775,-0.21378367649769975
10.0,7,0.9505749520377468,-0.8861891125441949,-0.6657751064756657,-0.1911123765096359
0.0,8,0.37897071167702734,1.7612257716581838,6.3661621310423335,-0.17707195533622136
0.10101010101010101,8,1.0792433330545614,1.7318510005821381,7.176216875273437,-0.4085378443903297
0.20202020202020202,8,1.722824468031642,1.67939877561449,5.09311282521398,-0.6195680743848466
0.30303030303030304,8,2.0786963958243962,1.6101860598320283,2.084644504345391,-0.7335778692636007
0.40404040404040403,8,2.199455579870886,1.5338788323292851,0.5599062608409833,-0.7687437821122476
0.5050505050505051,8,2.223767335651839,1.4559052436947693,0.04217434932384423,-0.7716494614635974
0.6060606060606061,8,2.2177981114854117,1.3782660623550198,-0.12033239550215491,-0.7644837746521385
0.7070707070707071,8,2.2024264832124847,1.3015446554011085,-0.17135799430834742,-0.7542451380975687
0.8080808080808081,8,2.184066342632418,1.2259166707987097,-0.18836582695440596,-0.7430832255973866
0.9090909090909091,8,2.164657150736565,1.1514337183977659,-0.19474924609908117,-0.7316479648053728
1.0101010101010102,8,2.144811237063158,1.078110473378198,-0.19782821398311068,-0.7201444439129325
1.1111111111111112,8,2.124764160944971,1.0059469413542073,-0.2003752904686329,-0.7086511830719374
1.2121212121212122,8,2.104503379238984,0.9349443600352967,-0.2023643475141521,-0.697164083748681
1.3131313131313131,8,2.0840246592685086,0.8651029197149248,-0.2038672606035833,-0.6856817477371645
1.4141414141414141,8,2.0633785761148666,0.7964164963492778,-0.20551334129556798,-0.6742206251282408
1.5151515151515151,8,2.0425441117833145,0.7288876349687805,-0.20717111473198369,-0.6627738795923568
1.6161616161616161,8,2.0215190398801246,0.6625166051633647,-0.2089099226971446,-0.6513407869709325
1.7171717171717171,8,2.0002910747196583,0.5972969798451608,-0.21072924131305704,-0.6399168235628968
1.8181818181818181,8,1.9788657746344271,0.533231666779557,-0.21276746454437656,-0.6285040359967795
1.9191919191919191,8,1.9572434359400699,0.47032082098001315,-0.21511903885076422,-0.6171025333786908
2.0202020202020203,8,1.9351385108403765,0.408594225456432,-0.21543312473655163,-0.6056191186438876
2.121212121212121,8,1.912782709847825,0.34802771249826164,-0.21593893600370923,-0.594129417449159
2.2222222222222223,8,1.8901778103603089,0.2886210967205685,-0.21677792719285988,-0.5826340099014742
2.323232323232323,8,1.8673238123778282,0.23037437812335304,-0.21807350655059599,-0.5711328960008328
2.4242424242424243,8,1.844220715900383,0.17328755670661472,-0.21994656034948717,-0.5596260757472353
2.525252525252525,8,1.8208685209279731,0.11736063247035401,-0.22251532525979195,-0.5481135491406812
2.6262626262626263,8,1.797267227460599,0.0625936054145705,-0.22589525933010407,-0.536595316181171
2.727272727272727,8,1.7734168354982602,0.008986475539264646,-0.23019891157688077,-0.5250713768687043
2.8282828282828283,8,1.7493173450409567,-0.04346075715556404,-0.23553579018289664,-0.5135417312032813
2.929292929292929,8,1.7249687560886888,-0.09474809266991509,-0.2420122293046042,-0.5020063791849019
3.0303030303030303,8,1.6999562201801588,-0.14483809381773802,-0.2472660596496611,-0.490329533805537
3.131313131313131,8,1.6744607887980165,-0.19374709923512035,-0.25274379388116197,-0.47857045631699746
3.2323232323232323,8,1.6485020262561545,-0.2414768744652125,-0.2588259481433941,-0.46673555045437065
3.3333333333333335,8,1.6219012169081044,-0.287981054615621,-0.26475374803668034,-0.4547683353283267
3.4343434343434343,8,1.5946789045104255,-0.3332649694326832,-0.27102793821964305,-0.4426753035412963
3.5353535353535355,8,1.5668752592894641,-0.3773390404338143,-0.2782237812521019,-0.43046915040090045
3.6363636363636362,8,1.5384531799933177,-0.42019309216875883,-0.28648947189463275,-0.41813818718652196
3.7373737373737375,8,1.5089262625039894,-0.4616937226456014,-0.2939139152852627,-0.40552917265828975
3.8383838383838382,8,1.4787344765585098,-0.5019615986867039,-0.3031644675992029,-0.39278071894038963
3.9393939393939394,8,1.4476456123590347,-0.5409481377314247,-0.31370637568514126,-0.3798186616042499
4.040404040404041,8,1.4153212683484806,-0.5785845503334479,-0.32486841368584896,-0.36653478609393036
4.141414141414141,8,1.3818118627515465,-0.6148760343024792,-0.3376296458580512,-0.35294555196368355
4.242424242424242,8,1.3469990797548042,-0.6497956795950153,-0.3523937134205588,-0.3390133146119337
4.343434343434343,8,1.3106304276910656,-0.6832927575162367,-0.3693251825435424,-0.3246572920626061
4.444444444444445,8,1.2722213356051755,-0.7152753410820433,-0.3883122037886009,-0.30972208912958893
4.545454545454545,8,1.2317223726241922,-0.7457287485771467,-0.41071441223173377,-0.29419220763625425
4.646464646464646,8,1.1889108391563303,-0.7746080152224069,-0.43762767988272333,-0.277996412037283
4.747474747474747,8,1.1427960956630199,-0.8017630260402514,-0.46937296883924684,-0.2608144968183232
4.848484848484849,8,1.0931504361818054,-0.8271481307540978,-0.5082836702299505,-0.24257360334366196
4.94949494949495,8,1.0390812513016694,-0.8506301215865605,-0.5565320878922276,-0.22298507566145243
5.05050505050505,8,0.9794211051294944,-0.872040296109017,-0.6173826460943255,-0.20167101530256365
5.151515151515151,8,0.9128707753341785,-0.8912009510617037,-0.6957159168926252,-0.17821019504061258
5.252525252525253,8,0.8373619316933408,-0.907848496566031,-0.7985969509662145,-0.1519307441267115
5.353535353535354,8,0.7496637829846451,-0.921660973681826,-0.9372994601843578,-0.12177719608275997
5.454545454545454,8,0.6451091167668933,-0.9321541215417315,-1.1296073482736713,-0.08622609748618233
5.555555555555555,8,0.5176020845402628,-0.9387202323166876,-1.4020262105180663,-0.04328601269230842
5.656565656565657,8,0.35691905016266784,-0.9404459447208494,-1.79604903276469,0.01039004626050069
5.757575757575758,8,0.14802843960139264,-0.9360158440677498,-2.3672058745812934,0.07972490973738577
5.858585858585858,8,-0.12917157397229637,-0.9235209631574186,-3.155922345504313,0.17129192220126002
5.959595959595959,8,-0.49354728890461275,-0.9004034995140087,-4.061629711031316,0.2912093296024715
6.0606060606060606,8,-0.9350103047884246,-0.8638444847617424,-4.579136967241659,0.43592640058025767
6.161616161616162,8,-1.3758922924903854,-0.812448433098023,-3.9603485453191,0.5794606597033299
6.262626262626262,8,-1.702278740052896,-0.7482484748554081,-2.4187984740868242,0.6839761450079924
6.363636363636363,8,-1.8735942793398948,-0.6761010568966614,-1.0721039812900108,0.7362714969064089
6.4646464646464645,8,-1.939397244221503,-0.6006473207210988,-0.325553175500093,0.753175569455241
6.565656565656566,8,-1.9528491748668184,-0.5245065382319656,0.015357335240820058,0.7525834941710705
6.666666666666667,8,-1.9434618067268805,-0.4488880254736467,0.16349085977277888,0.7444131372738699
6.767676767676767,8,-1.9236465576647162,-0.3742716843162305,0.2245379259974022,0.7328336315093207
6.8686868686868685,8,-1.8994085394700184,-0.30089509776183465,0.25168556456351576,0.7198625196741284
6.96969696969697,8,-1.8731374910506509,-0.22886113346059653,0.2661768587153336,0.70630323924759
7.070707070707071,8,-1.8457177742932795,-0.15821462574275663,0.2759617418093779,0.6924535664806102
7.171717171717171,8,-1.8174311134943768,-0.08897806298868728,0.2838489461258081,0.6784089086973714
7.2727272727272725,8,-1.7883854524864355,-0.021168594031945095,0.29117133949240587,0.6642063904309414
7.373737373737374,8,-1.7586010930488338,0.04519863984363808,0.29857920777771235,0.6498537883600354
7.474747474747475,8,-1.7280520671287798,0.11010890766923083,0.30641730251563204,0.6353434285316445
7.575757575757575,8,-1.6966958116394886,0.17354339498487795,0.3149510809462076,0.6206623775475043
7.6767676767676765,8,-1.6644765849479766,0.23548237541134306,0.3244202918156832,0.6057933699552359
7.777777777777778,8,-1.6312749801536217,0.29590455616801004,0.33480616348499015,0.5906980229733398
7.878787878787879,8,-1.5969906535937115,0.35478862975172604,0.3463255904164146,0.5753443092144555
7.979797979797979,8,-1.5614715079627832,0.412104713652802,0.35906893936205675,0.5596835217440742
8.080808080808081,8,-1.5241802293625826,0.4677366399676377,0.3715309935076614,0.5435443004563516
8.181818181818182,8,-1.4860283426948808,0.5218891307574915,0.38914938244539865,0.5272168388477941
8.282828282828282,8,-1.4458598340317308,0.5743021356314066,0.4079123002256564,0.5103331356351497
8.383838383838384,8,-1.4036012251427123,0.6249639749806607,0.4293179691112633,0.49286947671552667
8.484848484848484,8,-1.3589765039906236,0.673828903690912,0.4543382973517318,0.47473690775081373
8.585858585858587,8,-1.3115865360342838,0.7208211722295992,0.4839727682343049,0.455807433862788
8.686868686868687,8,-1.2608901372949382,0.7658498003021273,0.5194975306970406,0.4359067257448375
8.787878787878787,8,-1.2060134086464527,0.808772259292322,0.5623848746424333,0.41475298559599605
8.88888888888889,8,-1.14636085818744,0.849493201152123,0.6158793751265823,0.3921540726523385
8.98989898989899,8,-1.080225453161002,0.8877873671150583,0.6831868122609809,0.36755599324599675
9.09090909090909,8,-1.006550958084338,0.9235188998853512,0.7706857259462274,0.34061572603575585
9.191919191919192,8,-0.9224645846020296,0.9563560422188555,0.8866372257715143,0.3103977920527528
9.292929292929292,8,-0.8247403410558009,0.9859517918542956,1.0446199531426397,0.2758499942283139
9.393939393939394,8,-0.7081176511575028,1.0117783905713653,1.2660540825126319,0.23525399101440994
9.494949494949495,8,-0.5646092488630022,1.0331012306479543,1.5854641165036043,0.18599633424447048
9.595959595959595,8,-0.3813894342753578,1.0488184959054931,2.0577632913023023,0.12387524503141974
9.696969696969697,8,-0.1400344816386857,1.0573891497148402,2.754810032248232,0.04285221723190589
9.797979797979798,8,0.18493560243378088,1.056503995628065,3.7179937789043054,-0.0654121338531313
9.8989898989899,8,0.6137646139464679,1.0430109388019118,4.739117231001147,-0.20745560056895007
10.0,8,1.1168683333532194,1.0137611293021944,4.998712553955799,-0.3732068530712194
0.0,9,-2.065968328265132,0.7026997884480992,4.728212324047415,0.7084761235251708
0.10101010101010101,9,-1.736974458937022,0.7677600580111495,2.3329481685114075,0.5944741491115972
0.20202020202020202,9,-1.547841549412221,0.824207986397313,1.5374389322144046,0.5276666507109194
0.30303030303030304,9,-1.4120227806827925,0.874942068699096,1.204060650796135,0.47901145564765774
0.40404040404040403,9,-1.2989586460796567,0.9212246541219998,1.058522587851777,0.43823790508508553
0.5050505050505051,9,-1.1950887006791446,0.9635817140443422,1.0123489436643978,0.40079078595675866
0.6060606060606061,9,-1.0924155855140631,1.0021911270954003,1.0329845909113957,0.36399245336499436
0.7070707070707071,9,-0.9846097384943494,1.0370299382949657,1.1117967499928973,0.3257345836117854
0.8080808080808081,9,-0.8655766862666654,1.0678427733068807,1.255308222569555,0.2840027105350964
0.9090909090909091,9,-0.7277363330713412,1.0941520449268032,1.4846564216197253,0.23630197469532688
1.0101010101010102,9,-0.5605976415531433,1.1151980398638686,1.8399800563735516,0.1791860111934565
1.1111111111111112,9,-0.3488805169051308,1.1298190837927435,2.3852806051270097,0.10763890004886068
1.2121212121212122,9,-0.06918442315519234,1.1361632930384606,3.201267759812466,0.013983921515833404
1.3131313131313131,9,0.3073959892971141,1.1315501102108618,4.287791746256314,-0.11123533711309548
1.4141414141414141,9,0.7924145511042915,1.1124761689965557,5.2170985649578325,-0.2716365949678675
1.5151515151515151,9,1.3182963451144345,1.0762146480258292,4.892458835521097,-0.4445130915732001
1.6161616161616161,9,1.7287390877096402,1.0240310426595345,3.0919064947137187,-0.5778484320805157
1.7171717171717171,9,1.9463624609743448,0.9616890328542925,1.3506973506644084,-0.6462334225150678
1.8181818181818181,9,2.029861323984674,0.8950091242732298,0.41089863763403234,-0.6696210496131068
1.9191919191919191,9,2.049161933836574,0.8271823239527808,0.02446937362947732,-0.6715327995423768
2.0202020202020203,9,2.043084682777374,0.7596381793314743,-0.1200653240031605,-0.6650041062145563
2.121212121212121,9,2.027731595750316,0.6929345954893581,-0.17541615044722259,-0.6554395049493958
2.2222222222222223,9,2.008780065936777,0.6272651768646863,-0.19768827703546143,-0.6447443671032381
2.323232323232323,9,1.9882771892408113,0.5627001121451668,-0.2072173014854065,-0.6336057372232815
2.4242424242424243,9,1.9670600206890407,0.4992689978602478,-0.2122077047738229,-0.6223046067536968
2.525252525252525,9,1.9454377483775176,0.4369832052591766,-0.21568992146532756,-0.610944796476451
2.6262626262626263,9,1.9235076955906283,0.3758495279227211,-0.21867955032159758,-0.5995592003917242
2.727272727272727,9,1.901291911512006,0.31587078593992834,-0.22151282497699065,-0.5881553562333305
2.8282828282828283,9,1.8787822531178597,0.25704460107019733,-0.22428778548743822,-0.5767303911106331
2.929292929292929,9,1.8559787204081897,0.1993709733135285,-0.2271610296282207,-0.5652843050236318
3.0303030303030303,9,1.8328450737630204,0.14286153734390308,-0.22999523078495568,-0.5538057937439337
3.131313131313131,9,1.8093711883018861,0.08751954373854655,-0.2328908006620382,-0.5422916990165318
3.2323232323232323,9,1.785576326970563,0.033338808158489226,-0.23617692068773832,-0.530748029534087
3.3333333333333335,9,1.7614604897690511,-0.01968066939626867,-0.24001984372308927,-0.5191747852965991
3.4343434343434343,9,1.7369394267083127,-0.07152457796590998,-0.24402974631865282,-0.5075448370383768
3.5353535353535355,9,1.7119925217765755,-0.1221894156518663,-0.24830105515086648,-0.49585154621540073
3.6363636363636362,9,1.6866194139089756,-0.17167367641713777,-0.2530638148831557,-0.4840948928751827
3.7373737373737375,9,1.6607192193715734,-0.21995473007097155,-0.2579507512081446,-0.47224275778579305
3.8383838383838382,9,1.6343411876578346,-0.267043624236092,-0.26354885251398025,-0.4603108209368721
3.9393939393939394,9,1.6073778410384507,-0.31291501052800086,-0.2695350054228324,-0.44826494631095015
4.040404040404041,9,1.5797550257729032,-0.357551399951175,-0.2758667459971835,-0.4360815819275561
4.141414141414141,9,1.5515007933266591,-0.40096171374602874,-0.28308520611019594,-0.4237694835258178
4.242424242424242,9,1.5224238812291,-0.4431053247698267,-0.2906795413510758,-0.41126760542504487
4.343434343434343,9,1.4925322835178525,-0.48398260507598156,-0.2991944125218785,-0.3985785875008854
4.444444444444445,9,1.4617510689305768,-0.5235768639345174,-0.3088245561199864,-0.38567856538122447
4.545454545454545,9,1.429935469458344,-0.5618523093009543,-0.31956166187804336,-0.37252166919938434
4.646464646464646,9,1.3968832708279022,-0.5987574367842989,-0.3313368988644211,-0.35904392782368083
4.747474747474747,9,1.3625625131922323,-0.6342873089300177,-0.3448760684544414,-0.34523501713540955
4.848484848484849,9,1.3268696426048483,-0.6684174063087963,-0.3607074914065017,-0.33106205378102965
4.94949494949495,9,1.2895162476142519,-0.7010934150614812,-0.37900637083646627,-0.3164325215339852
5.05050505050505,9,1.2500119014516502,-0.7322284614866905,-0.3998304686908999,-0.3011887363847707
5.151515151515151,9,1.2082931509632835,-0.7618044894050358,-0.4246085927297579,-0.2853107510274254
5.252525252525253,9,1.1639227757946256,-0.7897506525856702,-0.4542687028965924,-0.2686575484258305
5.353535353535354,9,1.1159801425165308,-0.8159349692436151,-0.48971918263563263,-0.2509310495559359
5.454545454545454,9,1.0641770984968728,-0.8403054452194517,-0.5335367617865358,-0.2320386698176608
5.555555555555555,9,1.0071996129102685,-0.8626550051957776,-0.5881208920533089,-0.21155620395703767
5.656565656565657,9,0.9442623737787769,-0.8828656504941574,-0.6577438412782552,-0.1892297478933151
5.757575757575758,9,0.8730494441572816,-0.9006866602194228,-0.748363320067713,-0.16430403737113233
5.858585858585858,9,0.791059087378204,-0.9158263714727993,-0.8693264411185369,-0.1359646043612147
5.959595959595959,9,0.6947787886780544,-0.9278932675140449,-1.0347253617291243,-0.1030667117250818
6.0606060606060606,9,0.5787019299957887,-0.9363417124201797,-1.2667242647128738,-0.06381119583725092
6.161616161616162,9,0.4344474806077294,-0.9403874981729863,-1.5998196744684625,-0.015456660324377378
6.262626262626262,9,0.24957157282620085,-0.9389342355820146,-2.0836327957560985,0.04607175809673403
6.363636363636363,9,0.005907597068080443,-0.9303630777683222,-2.773366648274109,0.126721672828528
6.4646464646464645,9,-0.3175388498999189,-0.912405090071313,-3.6578140851628436,0.23333995597139384
6.565656565656566,9,-0.7297415919251493,-0.8822221981176086,-4.447287340898127,0.36872867718289026
6.666666666666667,9,-1.1866309416838632,-0.8374414905197691,-4.401330583818463,0.518039746595939
6.767676767676767,9,-1.57656872021335,-0.7784161461866882,-3.1462843729292684,0.6440839831502292
6.8686868686868685,9,-1.8139643567408499,-0.7090966785939539,-1.6003938177886707,0.7185945641532135
6.96969696969697,9,-1.9185785769963264,-0.6346307623565881,-0.5974481844591488,0.7485015764892147
7.070707070707071,9,-1.9507276271127425,-0.5585957809965041,-0.10479172042278462,0.7541489277706811
7.171717171717171,9,-1.9491682865359727,-0.48265025746884965,0.1099356427909311,0.7485661126765809
7.2727272727272725,9,-1.9330375365952348,-0.4075463939012607,0.20130221890691136,0.7381822717918289
7.373737373737374,9,-1.9105195444988587,-0.3336034335947792,0.24118966339695092,0.7257467437392716
7.474747474747475,9,-1.8850161311184381,-0.26096124669202747,0.2600689455200491,0.7124027934856146
7.575757575757575,9,-1.858094684114126,-0.1896914477897767,0.27174296153097727,0.6986776578906937
7.6767676767676765,9,-1.8301886065437953,-0.11982143129970838,0.280351955132378,0.684717630934579
7.777777777777778,9,-1.8014827963202407,-0.05137094759906775,0.2878634246336235,0.6705856619466847
7.878787878787879,9,-1.7720337464048355,0.01564408625996879,0.29520056313312715,0.6563016430509472
7.979797979797979,9,-1.7418313234997778,0.08120598998944,0.3027990572474327,0.6418633751672965
8.080808080808081,9,-1.710849430803894,0.14529974127635503,0.3110170953339768,0.6272631608495409
8.181818181818182,9,-1.6790129239360376,0.20790585547108031,0.31995793376316584,0.6124772509472738
8.282828282828282,9,-1.6462556348516122,0.2690085117542794,0.32987087619983646,0.5974846441669187
8.383838383838384,9,-1.61244341124261,0.3285800960707037,0.3407206042665434,0.5822424640094896
8.484848484848484,9,-1.577473230251765,0.38660293238251037,0.35280786910123624,0.5667175479250876
8.585858585858587,9,-1.5411746060172415,0.44304356081587765,0.366234327118728,0.5508552979513552
8.686868686868687,9,-1.5034199128827452,0.4978635006103277,0.38146784625847363,0.5346157375868932
8.787878787878787,9,-1.4640157835611411,0.5510203008611535,0.3989003835245585,0.5179372411296368
8.88888888888889,9,-1.4227163889915855,0.6024649228381294,0.4189970354277325,0.5007411348079864
8.98989898989899,9,-1.3792136207345802,0.6521395883713325,0.44235972054909456,0.4829285676867712
9.09090909090909,9,-1.3331304332526015,0.6999762967873833,0.46982599187623053,0.4643783912983749
9.191919191919192,9,-1.283966408781035,0.7458868515915932,0.5024694956840361,0.4449296794875721
9.292929292929292,9,-1.231168837392381,0.7897756327591222,0.5419974311772024,0.4244045702801855
9.393939393939394,9,-1.1737858458398425,0.8315019536757516,0.5903590184061491,0.402495151701564
9.494949494949495,9,-1.1111747597039525,0.8709738874200522,0.6513752446642639,0.3789933274066473
9.595959595959595,9,-1.0409961135969934,0.9078782112399258,0.7287455791126775,0.353140157116336
9.696969696969697,9,-0.9623140242965292,0.9421268116655122,0.8305876104332396,0.3246295539878089
9.797979797979798,9,-0.8715104086185184,0.973304121393962,0.9673197809043962,0.2922831947799086
9.8989898989899,9,-0.7643944728708855,1.000964755873043,1.1563457064338638,0.25473384056542564
10.0,9,-0.6343880149575599,1.0244786317353696,1.4255801355694548,0.20983076287016203
