Model,Data pts/run,Data pts/interval,Runs,Noise Lvl,Reg weight,Layers,Hid Nodes,Lrn rate,Activ Func,Euler steps,Epochs,MSE Train,Sim Time,MSE true alldat,MSE noisy alldat,MAE true alldat,MSE_dy pred alldat,MAE_dy pred alldat,MSE_dy dat alldat,MAE_dy dat alldat,stop criteria,MSE fitdat,MAE fitdat,MSE_dy dat fitdat ,MAE_dy dat fitdat,MSE_dy pred fitdat,MAE_dy pred fitdat
vdp,3,2,1,0,1.00E-06,1,10,0.1,tanh,40,30,4.13E-08,2.424556971,4.105117193,4.105117035,1.274013572,84.03016124,4.618196075,11.48699569,2.141855381,converge,0.001702631,1.911020358,4.60817361,1.847487008,4.507565154,1.830994535
vdp,3,2,1,0,1.00E-06,2,10,0.1,tanh,40,29,1.00E-07,2.940668344,1.969491522,1.969491577,0.825702714,14.96521722,2.614809038,11.45458557,2.190649225,converge,0.004689648,1.238554071,4.411428465,1.836211224,4.244238987,1.801747996
vdp,3,2,1,0,1.00E-06,1,15,0.1,tanh,40,30,5.02E-08,2.560594082,4.686814288,4.686813863,1.405011557,149.8860693,5.945273727,11.54968515,2.129954845,converge,0.001238045,2.107517336,4.740108562,1.852890007,4.665890508,1.842812167
vdp,3,2,1,0,1.00E-06,2,15,0.1,tanh,40,28,1.33E-07,2.842152119,1.516580997,1.516580963,0.747292971,11.17891079,2.122982565,11.54245017,2.181238729,converge,0.004997451,1.120939456,4.439851144,1.797160879,4.308381059,1.770197883
vdp,3,2,1,0,1.00E-06,1,20,0.1,tanh,40,31,4.89E-08,2.751522303,3.434271931,3.434272003,1.133583008,69.44559978,4.333965896,11.48192571,2.147736473,converge,0.002011871,1.700374512,4.594608505,1.847395043,4.484148685,1.828209307
vdp,3,2,1,0,1.00E-06,2,20,0.1,tanh,40,33,1.95E-07,4.04591918,1.875902775,1.875902812,0.924030883,13.37252481,2.143665476,12.14813941,1.886476193,converge,0.104222516,1.386046324,2.608635158,1.309991079,2.272365205,1.18837776
vdp,3,2,1,0.05,1.00E-06,1,10,0.1,tanh,40,29,3.90E-08,2.811639071,4.715837623,4.757139587,1.48650682,113.9794089,5.638964548,12.5354496,2.168641975,converge,0.001218424,2.22976023,6.200543089,2.160958614,6.080254242,2.141712415
vdp,3,2,1,0.05,1.00E-06,2,10,0.1,tanh,40,29,9.86E-08,3.203175783,2.012710517,2.218995158,0.893311899,11.38824198,2.037383863,12.9172937,2.258334478,converge,0.003983089,1.339967849,5.983209993,2.139606977,5.663047809,2.081030311
vdp,3,2,1,0.05,1.00E-06,1,15,0.1,tanh,40,30,4.93E-08,2.945669413,7.028983048,7.042648824,1.823948808,1504.649631,14.41560545,12.53420512,2.150949518,converge,0.000825311,2.735923212,6.388973028,2.177495111,6.320851365,2.169023125
vdp,3,2,1,0.05,1.00E-06,2,15,0.1,tanh,40,28,1.33E-07,3.077699184,1.750350814,1.981532033,0.852351815,10.5810049,1.820335073,13.15842113,2.26868802,converge,0.003901497,1.278527722,6.023142737,2.10436856,5.708247235,2.047097566
vdp,3,2,1,0.05,1.00E-06,1,20,0.1,tanh,40,31,4.99E-08,3.023686647,4.056998222,4.121544139,1.37534215,47.52300373,4.056213207,12.57417501,2.173991617,converge,0.001334257,2.063013224,6.217026672,2.161759323,6.07839461,2.138530963
vdp,3,2,1,0.05,1.00E-06,2,20,0.1,tanh,40,33,1.96E-07,4.142941475,1.723031882,1.991316605,0.939674666,11.79368404,1.88442736,11.82535356,1.799215972,converge,0.119268556,1.409512,3.790960029,1.668731526,2.981570626,1.375052844
vdp,3,2,1,0.1,1.00E-06,1,10,0.1,tanh,40,29,3.73E-08,3.44978404,5.861984027,6.059795125,1.76539119,330.3241352,8.389274198,17.59874345,2.677439988,converge,0.000955073,2.648086785,7.338960021,2.353048801,7.290258329,2.346339793
vdp,3,2,1,0.1,1.00E-06,2,10,0.1,tanh,40,30,9.78E-08,4.505023241,2.35149866,2.874642436,1.068695768,12.22857455,2.043256173,18.61594497,2.798554734,converge,0.003280495,1.603043652,7.045545482,2.319180147,6.686845059,2.254368261
vdp,3,2,1,0.1,1.00E-06,1,15,0.1,tanh,40,30,4.87E-08,3.585318089,8.636389003,8.799362183,2.112677902,2683.433671,18.66150799,17.49997622,2.659061268,converge,0.000734176,3.169016852,7.520837105,2.369761031,7.535209615,2.375676485
vdp,3,2,1,0.1,1.00E-06,2,15,0.1,tanh,40,28,1.32E-07,4.350496054,2.295885521,2.845046488,1.085298631,12.35989879,2.119690122,18.92301624,2.831284766,converge,0.002850218,1.627947947,7.107509541,2.288281091,6.739919532,2.222089462
vdp,3,2,1,0.1,1.00E-06,1,20,0.1,tanh,40,31,4.94E-08,3.918890715,5.675137818,5.913897196,1.740329639,229.3223559,7.326820427,17.6410824,2.683115242,converge,0.000815225,2.610494458,7.441516933,2.357667852,7.384685377,2.349380827
vdp,3,2,1,0.1,1.00E-06,2,20,0.1,tanh,40,33,1.99E-07,5.23425436,1.841784136,2.459857432,0.978675115,11.92872539,1.667155823,14.7045953,2.095348567,converge,0.136572957,1.468012673,5.134523034,1.960186357,3.806624691,1.55384487
vdp,5,4,1,0,1.00E-06,1,10,0.1,tanh,40,99,0.08275492,34.76694918,752.1135812,752.1135938,16.84091747,2969706705,19118.13002,13.62842581,2.760224199,converge,1.643546486,25.2613762,15.26402357,3.190936098,9.408902354,1.612089433
vdp,5,4,1,0,1.00E-06,2,10,0.1,tanh,40,182,0.07980444,90.41867089,705.2760825,705.2760938,16.17626095,496033105.6,8776.193738,22.92209703,4.131370862,converge,63.3109375,24.26439143,28.13726729,4.584278855,1523422.51,409.6182444
vdp,5,4,1,0,1.00E-06,1,15,0.1,tanh,40,120,0.081806414,46.1883781,1920.793593,1920.793594,24.87798897,17666784681,47155.52276,11.31891253,2.653237512,converge,30.77333679,37.31698345,11.36405962,2.860095556,136114.4414,119.4239818
vdp,5,4,1,0,1.00E-06,2,15,0.1,tanh,40,131,0.08338809,65.5753181,902.4115352,902.4114844,18.68498548,1065375581,13319.25078,43.7190042,4.725168375,converge,135.5161987,28.02747822,62.08138822,5.947944301,7537470.182,957.7870643
vdp,5,4,1,0,1.00E-06,1,20,0.1,tanh,40,171,21449.139,63.55058956,438300.6781,438300.72,477.1315577,2.30E+17,217323956.5,13189.83069,97.33121296,diverge,484605.2,715.6973365,12896.20832,90.78927808,3.14E+17,259608827.9
vdp,5,4,1,0,1.00E-06,2,20,0.1,tanh,40,151,0.08537553,75.5873003,786.3782904,786.3783594,17.56965348,1623589574,15358.76437,11.62730087,2.819783595,converge,33.2682312,26.35448022,10.66593022,2.917727019,284135.4779,171.0703252
vdp,5,4,1,0.05,1.00E-06,1,10,0.1,tanh,40,14,76.239044,4.779592276,2326.08178,2322.503281,30.30999186,20338518796,57911.53298,112.26748,8.124538901,diverge,96.41392212,45.46498779,148.4912703,9.41385625,1111101.796,626.8246802
vdp,5,4,1,0.05,1.00E-06,2,10,0.1,tanh,40,153,0.074791685,77.96675801,827.6612155,830.0340625,20.29114221,4015848165,25336.09577,17.13512288,3.478675668,converge,36.96636047,30.43671331,19.55936486,3.923096699,873146.1699,299.3150017
vdp,5,4,1,0.05,1.00E-06,1,15,0.1,tanh,40,51,1445.8741,18.85329723,2393.987995,2398.190469,7.453692647,3.65137E+11,60525.46728,289926.8564,492.9133752,diverge,23933.175,11.18053897,295390.5146,518.4744083,3.65137E+12,604345.0938
vdp,5,4,1,0.05,1.00E-06,2,15,0.1,tanh,40,63,658.7587,30.89039922,248725.4265,248767.52,321.4661514,2.59E+16,69268943.24,938594.5089,750.171303,diverge,39.01930237,482.1992272,1016708.354,776.9686884,862515.3396,731.0713957
vdp,5,4,1,0.05,1.00E-06,1,20,0.1,tanh,40,29,95778550,10.62478685,2675199.678,2674970.56,1242.898315,2.00E+19,2114058311,1.2246E+11,291442.2309,diverge,8491560,1864.347473,58986657838,195605.7114,1.43E+19,2088134122
vdp,5,4,1,0.05,1.00E-06,2,20,0.1,tanh,40,61,70654.82,32.09597683,2339710.039,2339815.52,983.8978984,6.74E+17,317381970.4,31268.56576,169.0469166,diverge,950037.4,1475.846848,28418.66049,157.5197179,6.36E+16,115411352.9
vdp,5,4,1,0.1,1.00E-06,1,10,0.1,tanh,40,87,0.07784826,32.97458696,1544.048404,1550.524844,23.10434035,1506424942,16189.83345,30.11784856,3.887000951,converge,287.9480225,34.65651053,58.58047596,5.036865586,27271304.18,1789.723137
vdp,5,4,1,0.1,1.00E-06,2,10,0.1,tanh,40,142,0.07549244,70.20413184,1100.898733,1106.081875,24.9189562,11798954304,44198.63599,28.16928874,4.065197972,converge,73.40378418,37.37843429,26.91557517,4.354591902,8609186.853,940.7800175
vdp,5,4,1,0.1,1.00E-06,1,15,0.1,tanh,40,16,282.10434,6.045373201,9184.547118,9203.155,68.92534803,2.45815E+12,698452.1805,179.6105438,9.591031843,diverge,8095.371875,103.388022,308.7442527,12.62707715,1.75629E+12,592203.3268
vdp,5,4,1,0.1,1.00E-06,2,15,0.1,tanh,40,141,1.01E-05,70.84101439,3.665479131,3.714542236,1.354547698,399.5123243,5.524220164,20.99261543,2.28484078,converge,0.291242123,2.031821547,8.328483369,2.184519605,4.585214563,1.400487919
vdp,5,4,1,0.1,1.00E-06,1,20,0.1,tanh,40,156,4.10E-06,60.45928407,3.858284683,4.032047729,1.431509281,207.5863544,4.341552174,15.03310394,2.180407749,converge,0.322006154,2.147263922,7.66532812,2.183401287,4.520536154,1.511418959
vdp,5,4,1,0.1,1.00E-06,2,20,0.1,tanh,40,74,0.08160625,36.88035107,2470.365716,2476.868594,38.06601977,1.16717E+11,139869.0032,21.84283015,3.764940189,converge,236.8576172,57.09902966,20.26668484,4.098751641,269276935.9,5374.525881
vdp,8,7,1,0,1.00E-06,1,10,0.1,tanh,40,66,0.10425489,41.9644804,519.7966833,519.7967285,13.9708232,1373649151,12023.79186,9.936939562,2.381924233,converge,1.989881754,20.95623481,9.500280855,2.524205589,5.89920981,1.459304977
vdp,8,7,1,0,1.00E-06,2,10,0.1,tanh,40,90,0.10834106,88.60298371,520.6330576,520.6330566,14.20902891,604478813.1,8994.350808,6.603288396,1.977675383,converge,3.366757631,21.31354337,4.112060625,1.832592912,203.3589578,4.688816427
vdp,8,7,1,0,1.00E-06,1,15,0.1,tanh,40,24,0.5004731,17.58087778,2.980389822,2.980389786,1.18944724,325.6834558,3.377605785,163.0402338,10.33708609,diverge,10.28439903,1.784170859,214.056176,12.9759762,3096.500218,16.85569208
vdp,8,7,1,0,1.00E-06,2,15,0.1,tanh,40,290,0.001220469,281.3822327,585.0751391,585.0750977,13.29015662,6657785600,21235.82903,6.3951727,1.262355898,converge,0.950792432,19.93523493,1.944872173,1.037436411,0.912650548,0.803018383
vdp,8,7,1,0,1.00E-06,1,20,0.1,tanh,40,23,10471.987,15.79461002,495727.8185,495727.8,530.5204345,4.97E+16,100557687.4,44914.09432,180.632716,diverge,232543.6406,795.7806518,40929.46693,171.5566824,9.59891E+15,48802343.22
vdp,8,7,1,0,1.00E-06,2,20,0.1,tanh,40,74,0.10681311,68.61388803,362.3207742,362.3207764,12.81662209,560798034.6,8316.67474,8.216827332,2.328607684,converge,2.724319458,19.22493313,6.574767496,2.227593819,82.79446116,3.353772477
vdp,8,7,1,0.05,1.00E-06,1,10,0.1,tanh,40,67,0.087439075,47.89189839,719.7062722,719.5070313,16.63524503,4023577567,20768.97974,11.09329095,2.449584614,converge,3.176207304,24.95286755,10.59479258,2.656072155,135.3333065,4.190679366
vdp,8,7,1,0.05,1.00E-06,2,10,0.1,tanh,40,159,0.091570936,153.0320036,476.0311119,475.8816895,12.11104643,22158745.09,1877.109414,9.105337659,2.340394981,converge,4.921325684,18.16656965,6.597083131,2.270746949,533.1827141,7.456962703
vdp,8,7,1,0.05,1.00E-06,1,15,0.1,tanh,40,94,0.08799737,65.83511329,1648.819455,1648.581836,26.98774599,37006526974,72295.60764,13.32531981,2.647668026,converge,8.179589272,40.48161899,13.85645413,3.006727855,21418.5649,38.67635741
vdp,8,7,1,0.05,1.00E-06,2,15,0.1,tanh,40,198,3489.9949,195.1766691,111102.05,111094.1125,266.1287726,6.69877E+15,37595050.19,4883.787907,59.95990886,diverge,107058.4688,399.1931589,6627.511074,62.79818339,6.11512E+15,35702292.86
vdp,8,7,1,0.05,1.00E-06,1,20,0.1,tanh,40,65,0.09726834,43.76201105,2614.333067,2615.714453,26.75543383,207202.3593,250.8906609,13.11604365,2.417592871,converge,2.144893169,40.13315074,6.971410289,2.048150954,1.671154463,1.024166815
vdp,8,7,1,0.05,1.00E-06,2,20,0.1,tanh,40,60,126967.266,56.01478863,2541213.361,2541220,1307.617737,1.12E+20,4432036362,376322.5656,565.8883686,diverge,3972278.5,1961.426606,358793.425,542.3991729,2.86E+20,7985959235
vdp,8,7,1,0.1,1.00E-06,1,10,0.1,tanh,40,82,0.07683348,54.63713932,631.4516399,631.5040527,15.98027733,2590334746,17507.3608,14.2965462,2.713999095,converge,4.052540779,23.97041599,10.76707679,2.661947878,355.2789532,6.685424838
vdp,8,7,1,0.1,1.00E-06,2,10,0.1,tanh,40,135,0.07917321,125.540864,558.2445043,560.1006836,17.63285459,1360206469,14187.06952,18.36725467,3.061869663,converge,3.74837923,26.44928188,14.55729482,2.978815492,1524.699183,11.70156131
vdp,8,7,1,0.1,1.00E-06,1,15,0.1,tanh,40,128,0.075771526,84.51937819,1438.294496,1438.243555,24.94236466,30209064681,63188.53389,15.11235731,2.784127738,converge,6.164699554,37.41354698,12.95269174,2.912754256,6157.507776,21.60118973
vdp,8,7,1,0.1,1.00E-06,2,15,0.1,tanh,40,165,0.07586889,157.4968712,1171.487695,1172.324512,24.71013269,17126410678,50766.94251,14.93393522,2.732580221,converge,11.8362875,37.06519903,11.862812,2.751505267,104459.1447,84.38781496
vdp,8,7,1,0.1,1.00E-06,1,20,0.1,tanh,40,79,0.08151661,54.50330973,2683.543334,2685.218359,36.77645628,1.25622E+11,131787.6833,18.37347097,2.917945853,converge,6.275099754,55.16468443,12.13559016,2.613156127,11319.2881,28.88115033
vdp,8,7,1,0.1,1.00E-06,2,20,0.1,tanh,40,169,0.07995976,168.0993674,712.8066764,712.307959,15.41660582,611771052.9,8884.418544,13.02936423,2.675302134,converge,8.55432415,23.12490873,8.841670013,2.685042309,2318.850274,14.29672887
vdp,10,9,1,0,1.00E-06,1,10,0.1,tanh,40,74,0.07211986,72.11299658,471.067421,471.0674609,12.71261183,929119453.8,9429.23176,9.126548258,2.229472519,converge,1.89214344,19.06891775,8.712462927,2.271200872,28.55310438,2.378382783
vdp,10,9,1,0,1.00E-06,2,10,0.1,tanh,40,123,0.080955096,155.0008848,601.1744968,601.1744922,15.29504313,643121697.1,9539.643653,7.252250393,2.101708408,converge,2.566389847,22.94256469,6.088416721,2.121752852,29.82199147,2.01344209
vdp,10,9,1,0,1.00E-06,1,15,0.1,tanh,40,270,0.004005167,259.5332,204.0534321,204.053418,8.499060521,235657402.6,4648.230105,3.449465028,1.273362241,converge,1.165091705,12.74859078,2.687157755,1.260557443,2.640830283,1.306522403
vdp,10,9,1,0,1.00E-06,2,15,0.1,tanh,40,228,0.000284377,299.5788507,2.662957554,2.662957458,1.202814688,6.578438491,1.199168531,8.038284862,1.581108164,converge,1.395955181,1.804222032,1.820778349,0.879819736,1.784830929,0.750253993
vdp,10,9,1,0,1.00E-06,1,20,0.1,tanh,40,279,0.03510663,269.7205429,241.201604,241.2016016,8.771433732,71633412.67,2032.253323,247.0146479,9.700227059,converge,1.302883911,13.1571506,284.4147829,9.555336658,1.227819788,0.987825705
vdp,10,9,1,0,1.00E-06,2,20,0.1,tanh,40,80,0.079718806,102.4183755,444.454123,444.4541406,14.30947838,1301664048,12479.83983,8.710657702,2.397041564,converge,2.293215179,21.46421757,7.969535696,2.488014123,34.8159948,2.410329565
vdp,10,9,1,0.05,1.00E-06,1,10,0.1,tanh,40,138,0.059075795,132.4695675,445.6745293,446.3711328,10.97568234,534117276.9,6122.578799,9.406397881,2.417882169,converge,2.294515991,16.46352351,10.83497643,2.715071843,22.89831796,2.122516741
vdp,10,9,1,0.05,1.00E-06,2,10,0.1,tanh,40,258,0.05942732,330.5120492,304.9399924,305.5755664,9.105104894,4149283.249,536.4086391,9.744575279,2.508435337,converge,2.357703209,13.65765734,12.0263969,2.849424628,3.927919725,1.383284437
vdp,10,9,1,0.05,1.00E-06,1,15,0.1,tanh,40,80,0.05976482,76.62938166,799.1689866,800.4135156,16.25402285,7919339055,25937.81633,8.404348392,2.207952807,converge,2.470070457,24.38103428,9.257765547,2.523528343,148.1159124,3.946951921
vdp,10,9,1,0.05,1.00E-06,2,15,0.1,tanh,40,121,0.059220668,157.7414265,363.9636112,364.7429297,10.2259785,37019154.2,2105.150238,10.95106512,2.547913169,converge,2.426228714,15.33896775,16.24736503,3.131612141,70.940312,3.155145414
vdp,10,9,1,0.05,1.00E-06,1,20,0.1,tanh,40,192,0.03151912,187.5321615,289.8299447,289.559043,9.498879431,360836481.4,4093.329058,438.5217032,13.81605276,converge,1.449133205,14.24831915,530.100265,14.02238095,1.223740746,0.912564125
vdp,10,9,1,0.05,1.00E-06,2,20,0.1,tanh,40,112,0.061360314,148.0786173,432.2835308,432.8179688,12.66083946,379199357.1,6683.119709,8.817106022,2.371920943,converge,2.608932114,18.99125918,9.508260895,2.58249257,8.222247089,1.780197035
vdp,10,9,1,0.1,1.00E-06,1,10,0.1,tanh,40,95,0.052022938,92.76372242,582.4106962,584.7745313,11.87830166,824256188.8,7935.522024,14.3374756,2.824613808,converge,3.315459061,17.81745249,13.47683338,3.145663164,81.54315486,3.321083947
vdp,10,9,1,0.1,1.00E-06,2,10,0.1,tanh,40,120,0.05281172,158.4174252,307.2074726,308.767793,8.992801029,668870.4669,348.7057972,13.13918884,2.622510181,converge,2.952357864,13.48920154,10.32970896,2.776361148,4.169674816,1.468471195
vdp,10,9,1,0.1,1.00E-06,1,15,0.1,tanh,40,161,0.051653683,155.7087288,591.9068269,594.38875,11.93778394,1464317754,10380.03849,14.18803853,2.779998191,converge,2.882994843,17.90667592,14.29331143,3.149816258,81.66968898,3.401532291
vdp,10,9,1,0.1,1.00E-06,2,15,0.1,tanh,40,121,0.052089088,157.5947931,731.3015024,733.6379688,14.13507669,1214470.336,393.3547641,14.31623277,2.819678169,converge,4.688864136,21.20261503,14.34329721,3.2096974,579.5809973,7.338627755
vdp,10,9,1,0.1,1.00E-06,1,20,0.1,tanh,40,357,0.051871568,306.6717436,408.3011224,410.295,9.840178827,126849287.4,3448.605345,13.87390338,2.700251164,converge,2.706786537,14.76026824,13.21549143,3.039583589,83.15039214,3.34053229
vdp,10,9,1,0.1,1.00E-06,2,20,0.1,tanh,40,118,0.054918334,134.7610991,644.119819,646.04125,15.12477104,904034720.4,10547.69712,13.2200407,2.622626851,converge,4.146854782,22.68715657,9.324232769,2.698629897,8.167863637,1.766092183
vdp,3,2,3,0,1.00E-06,1,10,0.1,tanh,40,95,8.76928E+14,8.326479197,5.82E+16,5.82E+16,161469577.8,1.21E+50,4.77E+24,5.10913E+14,19802936.92,diverge,4.40E+16,242204366.6,5.06429E+14,19814778.04,9.45E+49,3.64E+24
vdp,3,2,3,0,1.00E-06,2,10,0.1,tanh,40,379,0.000706114,63.51735687,2.227321854,2.227321879,0.910723393,13.35160914,2.372231593,11.72427043,2.188129056,converge,0.593335999,1.36608509,10.54085112,2.141131991,12.27836655,2.35473978
vdp,3,2,3,0,1.00E-06,1,15,0.1,tanh,40,256,0.003041036,40.6297648,1.303960633,1.303960546,0.687425374,14.18648713,2.019029275,19.53357352,2.722229112,converge,0.343834692,1.031138061,19.67379469,2.765373844,17.57691695,2.28541308
vdp,3,2,3,0,1.00E-06,2,15,0.1,tanh,40,378,0.000949172,72.15529275,5.708598526,5.708598328,1.317363852,10525.77666,16.92260169,13.98902861,2.439225655,converge,1.872263802,1.976045778,13.21626727,2.518814742,16.51321542,2.972904236
vdp,3,2,3,0,1.00E-06,1,20,0.1,tanh,40,57,1675004,7.852854729,97974658.77,97974664.53,5779.96504,1.16E+22,39927574536,2405401.474,1110.63273,diverge,80637162.67,8669.94756,2204273.826,1059.376653,1.71E+22,53168590462
vdp,3,2,3,0,1.00E-06,2,20,0.1,tanh,40,208,0.001048417,38.7607131,5.269517923,5.269518026,1.055552811,14715.29828,17.85732994,16.9379175,2.680308088,converge,0.324508852,1.583329216,14.20612689,2.660650742,13.71014351,2.311087648
vdp,3,2,3,0.05,1.00E-06,1,10,0.1,tanh,40,225,0.001929011,30.41384029,19.9009321,20.02172241,2.140918826,274949.5905,115.9127351,15.09179308,2.62330182,converge,21.28829617,3.211378239,13.22780982,2.591552959,337133.0516,139.7758412
vdp,3,2,3,0.05,1.00E-06,2,10,0.1,tanh,40,372,0.000348531,69.23262644,1.568081969,1.608713531,0.777111137,25.7346168,2.846500783,14.46482056,2.644858506,converge,0.121280856,1.165666705,12.40334119,2.504314375,11.48216536,2.194476084
vdp,3,2,3,0.05,1.00E-06,1,15,0.1,tanh,40,248,0.000923539,35.42489552,1.614425582,1.759263484,0.83738015,12.26180132,2.131100769,14.56203546,2.453662974,converge,0.513748593,1.256070225,14.82521805,2.568400909,14.02343924,2.466035396
vdp,3,2,3,0.05,1.00E-06,2,15,0.1,tanh,40,262,0.000102676,50.3560431,1.324196213,1.451647059,0.840394964,16.50811731,2.066421855,37.27179015,4.726533281,converge,0.817695883,1.260592446,41.20742042,5.117072634,25.8061224,2.811426866
vdp,3,2,3,0.05,1.00E-06,1,20,0.1,tanh,40,269,0.001068588,36.44836044,1.542042544,1.720775986,0.839965051,15.32729528,2.285103062,17.00862967,2.603508798,converge,0.201899489,1.259947576,19.11576319,2.844975971,19.14894331,2.576054711
vdp,3,2,3,0.05,1.00E-06,2,20,0.1,tanh,40,252,0.000873758,47.00897408,1.572638536,1.612996292,0.830324444,51.58648745,2.756123425,10.76254381,1.856916436,converge,0.230360693,1.245486666,7.193780153,1.844222752,6.477875788,1.718402704
vdp,3,2,3,0.1,1.00E-06,1,10,0.1,tanh,40,164,0.001673154,36.19404578,1.565042056,1.922980754,0.863436804,13.56732827,1.919756743,21.23173166,2.955969899,converge,0.456381639,1.295155206,22.4062936,3.019737304,20.10488219,2.594479255
vdp,3,2,3,0.1,1.00E-06,2,10,0.1,tanh,40,220,0.001947394,47.33490229,2.091904668,2.444455973,1.023506495,15.22938611,2.520836913,19.12906259,2.845272579,converge,0.418506304,1.535259742,15.26015988,2.746514523,15.26758454,2.659394674
vdp,3,2,3,0.1,1.00E-06,1,15,0.1,tanh,40,52,50375.18,7.261398315,2969957.824,2970032.533,694.9821354,7.36E+16,74762614.95,132729.9593,274.8900929,diverge,4133098.667,1042.473203,130852.764,269.6809286,8.29E+16,95261174.24
vdp,3,2,3,0.1,1.00E-06,2,15,0.1,tanh,40,153,0.000892104,27.88425493,1.393652623,1.822267024,0.817406739,12.8810366,2.013448644,17.65560332,2.702603136,converge,0.360601849,1.226110109,17.59872687,2.836085703,18.50311256,2.690181751
vdp,3,2,3,0.1,1.00E-06,1,20,0.1,tanh,40,233,0.000355821,30.3960011,2.463316736,2.806094106,1.084293534,20.89587006,2.848373393,22.5110557,3.071526915,converge,0.112695787,1.626440302,23.10969797,3.196514995,22.21820939,3.07808438
vdp,3,2,3,0.1,1.00E-06,2,20,0.1,tanh,40,175,0.000814873,29.55006814,1.379990402,1.781767019,0.86891262,10.1134344,1.761559978,12.11358526,1.922013841,converge,0.232488155,1.30336893,7.571061686,1.725620532,6.083956732,1.606267274
vdp,5,4,3,0,1.00E-06,1,10,0.1,tanh,40,346,0.012075219,125.5909197,71.78186866,71.78186523,2.814421084,291061864.7,2230.877743,8.337705917,1.421188546,converge,0.834795252,4.221631626,8.558802542,1.645140946,3.188982528,1.105475267
vdp,5,4,3,0,1.00E-06,2,10,0.1,tanh,40,335,0.000721668,168.3432324,11.96529044,11.96529053,1.932345121,613303.3243,105.1167674,3.495791195,0.912317979,converge,1.926341248,2.898517682,1.617504541,0.750003958,0.809987795,0.560388021
vdp,5,4,3,0,1.00E-06,1,15,0.1,tanh,40,872,0.000335891,311.1414602,1.45126956,1.451269531,0.728414385,2.836575995,0.919060832,4.171680039,1.111804688,converge,0.565977859,1.092621578,3.424324305,0.965696672,2.448415851,0.782119265
vdp,5,4,3,0,1.00E-06,2,15,0.1,tanh,40,367,0.002444299,191.3389723,39.1950477,39.19504883,2.618282829,24380097.51,696.2309325,3.441719505,0.928106696,converge,1.566523743,3.927424244,2.45059561,0.983143856,0.726815789,0.594468827
vdp,5,4,3,0,1.00E-06,1,20,0.1,tanh,40,296,0.005452674,114.7820182,2.101939922,2.10193985,0.96354671,6.833583669,1.315387958,7.248545664,1.392242186,converge,0.90751756,1.445320065,7.486611346,1.552822015,2.311693689,0.91439489
vdp,5,4,3,0,1.00E-06,2,20,0.1,tanh,40,234,0.001472138,113.9287591,32.86253175,32.86253418,2.503959712,10322635.24,467.6529393,4.155285853,1.013697299,converge,2.307407888,3.755939569,3.08617034,1.034369781,1.115886476,0.723769457
vdp,5,4,3,0.05,1.00E-06,1,10,0.1,tanh,40,612,0.002572487,220.5508463,2.599254626,2.78083374,1.125623592,7.024280285,1.321562479,6.955386682,1.303402827,converge,1.061340332,1.688435388,4.90522082,1.259949107,2.434879625,1.027068423
vdp,5,4,3,0.05,1.00E-06,2,10,0.1,tanh,40,433,0.00117723,230.974596,1.367908669,1.424322968,0.78015184,4.978543197,1.136516224,8.646839375,1.616776275,converge,0.082370202,1.17022776,9.266031213,1.54686296,8.053068925,1.408713083
vdp,5,4,3,0.05,1.00E-06,1,15,0.1,tanh,40,150,126220870,58.75802827,7169457811,7169457521,59000.99676,4.90E+28,9.74329E+13,148317596.2,9405.298729,diverge,5960627541,88501.49515,152957587.3,9598.498964,3.37E+28,7.59424E+13
vdp,5,4,3,0.05,1.00E-06,2,15,0.1,tanh,40,278,0.004043521,148.6637697,2.237673057,2.321269531,1.051140543,7.652358089,1.266298208,8.31697682,1.483856159,converge,0.867168299,1.576710815,7.304679365,1.544309615,1.99547722,0.95653265
vdp,5,4,3,0.05,1.00E-06,1,20,0.1,tanh,40,364,0.003488317,142.2892864,2.346791832,2.402192535,1.063055802,7.783742239,1.304725801,8.073196206,1.464629597,converge,0.867565791,1.594583703,7.223911859,1.524682753,2.223664559,0.961459396
vdp,5,4,3,0.05,1.00E-06,2,20,0.1,tanh,40,311,0.004655716,164.3456481,2.335683686,2.420336914,1.077519983,6.858486574,1.226877636,8.370834803,1.552322155,converge,0.929730924,1.616279974,7.383880051,1.619215743,1.881478664,0.933864037
vdp,5,4,3,0.1,1.00E-06,1,10,0.1,tanh,40,740,0.002434006,293.1658256,2.92937239,3.138511353,1.221215446,48.01677592,2.560699435,18.40829353,2.43322842,converge,1.231870015,1.831823169,15.36896119,2.246822236,8.488820762,1.694317572
vdp,5,4,3,0.1,1.00E-06,2,10,0.1,tanh,40,558,0.0034013,300.396271,2.523988828,2.855585632,1.138100112,21.48357028,1.909823625,23.57109643,2.557456145,converge,0.787314224,1.707150168,12.38244163,2.013352568,8.492293569,1.620042582
vdp,5,4,3,0.1,1.00E-06,1,15,0.1,tanh,40,715,0.003017061,265.0521796,2.636606697,3.085096436,1.160794902,19.41782777,2.048825331,13.59916444,2.03170811,converge,1.28063647,1.741192353,10.8943553,1.845677094,6.412588136,1.594813525
vdp,5,4,3,0.1,1.00E-06,2,15,0.1,tanh,40,231,0.004135456,133.5802753,2.419381847,2.746774597,1.106245394,12.68626157,1.635227604,13.42866094,2.023506378,converge,0.974640656,1.659368091,9.833381378,1.763531975,4.942942211,1.344933923
vdp,5,4,3,0.1,1.00E-06,1,20,0.1,tanh,40,223,0.003237903,89.55665922,2.717935324,3.145306091,1.223551139,9.195688797,1.458081546,11.15576288,1.779352001,converge,1.612149811,1.835326709,7.798472627,1.52976708,3.412367116,1.0515835
vdp,5,4,3,0.1,1.00E-06,2,20,0.1,tanh,40,480,0.004609948,265.7386165,2.614056717,2.852627869,1.177513195,201.6549173,3.233301457,16.64282184,2.324415675,converge,0.949163946,1.766269792,10.9772109,2.024329411,7.157703712,1.735698888
vdp,8,7,3,0,1.00E-06,1,10,0.1,tanh,40,405,0.000203026,329.4692051,2.946367737,2.946367645,1.167882525,1.254486925,0.440654879,1.097519756,0.436920218,converge,0.918770472,1.751823787,0.136970456,0.233625911,0.1527874,0.215216215
vdp,8,7,3,0,1.00E-06,2,10,0.1,tanh,40,379,0.000644451,427.8466663,19.00574508,19.00574493,2.432774519,1956861.109,208.9602608,2.650044277,0.759545993,converge,2.07287391,3.649161779,0.53292203,0.442743146,0.940719446,0.478596305
vdp,8,7,3,0,1.00E-06,1,15,0.1,tanh,40,364,0.000463994,295.1918766,4.37569172,4.375691605,1.391703892,4136.854887,9.525569385,1.601491326,0.599904979,converge,1.55938673,2.087555837,0.305636688,0.354829805,0.147199099,0.225134031
vdp,8,7,3,0,1.00E-06,2,15,0.1,tanh,40,495,0.000369817,543.8317776,3.405940695,3.40594101,1.358235644,291.862269,3.731105247,8.525368215,1.398077834,converge,2.096592108,2.037353466,3.024777316,0.867353039,13.3138098,1.610986873
vdp,8,7,3,0,1.00E-06,1,20,0.1,tanh,40,493,0.00172235,398.9203808,168.7967129,168.7967041,5.367173478,1279235296,5973.608606,1.929839198,0.723436482,converge,1.531425158,8.050760217,0.762666976,0.559855119,0.557622991,0.469359967
vdp,8,7,3,0,1.00E-06,2,20,0.1,tanh,40,286,0.00087842,327.09851,22.18617424,22.18617554,2.213945458,4662288.957,286.0983159,2.738922881,0.766358598,converge,1.533006986,3.320918187,0.656601621,0.475579713,0.54322864,0.418696971
vdp,8,7,3,0.05,1.00E-06,1,10,0.1,tanh,40,627,0.005861749,534.6202545,150.4868443,149.638269,4.888195749,212562024.4,2492.077563,6.441224094,1.430146721,converge,2.508615812,7.332293624,4.12779414,1.438914037,4.072111899,1.463928107
vdp,8,7,3,0.05,1.00E-06,2,10,0.1,tanh,40,473,0.005394453,558.3235633,5.735441066,5.74873848,1.718957444,2754.888298,8.518247275,14.00973425,1.885521924,converge,3.051596006,2.578436166,11.24290345,2.017443832,15.09110291,3.022129774
vdp,8,7,3,0.05,1.00E-06,1,15,0.1,tanh,40,499,0.00540764,438.1696453,1216.936528,1215.902441,12.05536049,4.47253E+11,117851.3072,5.340007878,1.258748263,converge,1.283471664,18.08304074,3.390010738,1.239109362,1.953350241,1.001228388
vdp,8,7,3,0.05,1.00E-06,2,15,0.1,tanh,40,417,0.007259227,490.3756862,3.432214678,3.511934662,1.418286916,9.99778953,1.944435347,5.886980761,1.404983447,converge,1.428035418,2.127430374,3.119513408,1.323308586,2.780248763,1.211372316
vdp,8,7,3,0.05,1.00E-06,1,20,0.1,tanh,40,138,0.0794085,120.100683,254.2551131,255.2943848,9.602234315,359707470.4,4943.892671,8.340054083,1.72150666,converge,2.55376943,14.40335147,6.642086588,1.725299217,36.89030429,1.913328938
vdp,8,7,3,0.05,1.00E-06,2,20,0.1,tanh,40,746,0.00537509,881.5278375,28.5950031,28.326474,2.314997976,15233051.42,483.1622812,8.214445508,1.538032865,converge,0.425174713,3.472496964,4.686555852,1.523871364,2.656414965,0.955436226
vdp,8,7,3,0.1,1.00E-06,1,10,0.1,tanh,40,65,0.017469767,56.04522204,3.163692628,3.408927536,1.330286258,41.70626063,2.397910779,10.93170797,1.719820743,converge,0.613811175,1.995429387,8.646387818,1.625590905,3.29984538,1.20628984
vdp,8,7,3,0.1,1.00E-06,2,10,0.1,tanh,40,766,0.008700111,908.2372506,3.807163878,3.853856659,1.469630044,21.48062561,1.934584485,10.71243572,1.771226796,converge,1.864348094,2.204445066,8.863733185,1.729026435,6.956790743,1.309768204
vdp,8,7,3,0.1,1.00E-06,1,15,0.1,tanh,40,479,0.010004113,362.0204268,3.302161496,3.500138855,1.381628935,5.797317985,1.222632257,8.576358837,1.624170317,converge,1.20312794,2.072443403,7.139238396,1.61748645,2.378656254,1.0234243
vdp,8,7,3,0.1,1.00E-06,2,15,0.1,tanh,40,422,0.010507829,434.1010234,23.77486854,23.29690704,2.182885743,2494290.012,197.5539862,9.982025456,1.741503199,converge,0.387339354,3.274328614,8.027389043,1.65103136,2.910380432,1.216443499
vdp,8,7,3,0.1,1.00E-06,1,20,0.1,tanh,40,136,0.06565801,113.9324968,148.9435515,150.8296021,6.819546035,41798043.37,1513.543346,13.73273698,2.315807259,converge,2.530844688,10.22931905,11.79748138,2.281116725,14.832315,1.765171052
vdp,8,7,3,0.1,1.00E-06,2,20,0.1,tanh,40,635,0.008715524,728.6788249,3.777280636,4.012147522,1.441985947,7.30484558,1.317362318,8.706086411,1.560577079,converge,1.096496582,2.16297892,5.705904947,1.46485831,1.915200176,0.925607244
vdp,10,9,3,0,1.00E-06,1,10,0.1,tanh,40,84,187.03812,94.38287663,5013.503818,5013.50375,58.98770069,5.65517E+11,324986.4268,198.1405041,11.89105001,diverge,6042.40625,88.48155103,196.2357739,11.77692573,9.77966E+11,416120.536
vdp,10,9,3,0,1.00E-06,2,10,0.1,tanh,40,393,0.000318207,609.1001794,5.646974378,5.646974487,1.430366401,45240.54216,28.64767928,2.120115675,0.715859851,converge,0.632912254,2.145549601,0.509668243,0.480250501,0.781776716,0.481070267
vdp,10,9,3,0,1.00E-06,1,15,0.1,tanh,40,309,0.002407098,341.4319129,443.2826348,443.2826172,8.385857998,10777841072,19725.96448,2.206161408,0.866788529,converge,1.679603577,12.578787,1.144857093,0.757905414,1.426774485,0.725461587
vdp,10,9,3,0,1.00E-06,2,15,0.1,tanh,40,269,0.000892987,435.9729526,32.38992456,32.38992432,2.870664487,5907993.379,407.0234249,2.561329447,0.836469523,converge,0.973770014,4.30599673,0.870549789,0.587404823,2.949718297,0.832536612
vdp,10,9,3,0,1.00E-06,1,20,0.1,tanh,40,407,0.001407072,453.0123127,394.2202312,394.2202344,7.777497015,14207456542,20664.46091,1.823031598,0.781496508,converge,1.26160876,11.66624552,0.936621696,0.675320172,1.080315288,0.680137997
vdp,10,9,3,0,1.00E-06,2,20,0.1,tanh,40,362,0.00059272,550.8719976,36.60138723,36.60138672,2.434569833,29624370.44,715.4008077,1.781940283,0.648391247,converge,0.813493729,3.65185475,0.512151655,0.472735854,0.687410191,0.475894571
vdp,10,9,3,0.05,1.00E-06,1,10,0.1,tanh,40,362,0.004366155,416.1529531,372.4245751,372.5527344,5.625766354,23345918605,20900.1696,2.797550945,0.909600116,converge,0.413733991,8.438649531,2.077946764,0.891222398,0.588334037,0.5314675
vdp,10,9,3,0.05,1.00E-06,2,10,0.1,tanh,40,520,0.002857051,811.1180537,12.39444131,12.46697144,1.741919187,1165271.946,138.2763156,2.342341918,0.865216557,converge,0.552204895,2.61287878,1.110025167,0.707373675,0.409036727,0.450587854
vdp,10,9,3,0.05,1.00E-06,1,15,0.1,tanh,40,459,0.004313697,516.9046779,410.9316104,411.0800391,7.201604256,23003294651,23674.61658,2.647892063,0.867911992,converge,0.469226106,10.80240638,2.017781609,0.849590262,0.528945788,0.51651764
vdp,10,9,3,0.05,1.00E-06,2,15,0.1,tanh,40,277,0.003410938,424.3900874,115.9529591,115.9397656,4.516549461,296204933.9,2949.888098,2.517494038,0.881388446,converge,0.445295397,6.774824192,1.569140859,0.826749854,0.69909929,0.526970367
vdp,10,9,3,0.05,1.00E-06,1,20,0.1,tanh,40,353,0.003810697,406.3418779,746.5764395,746.6778125,9.77872662,84943548965,48317.90324,2.44259756,0.863497376,converge,0.725089645,14.66808993,2.100369959,0.897429257,0.751388878,0.522129123
vdp,10,9,3,0.05,1.00E-06,2,20,0.1,tanh,40,169,0.003451397,260.9657006,41.36053022,41.45465332,2.396781584,37602144.59,757.4145414,2.386318839,0.88584474,converge,0.359469509,3.595172376,1.666072137,0.872248763,0.974215003,0.617119549
vdp,10,9,3,0.1,1.00E-06,1,10,0.1,tanh,40,396,0.008863498,419.5268619,2.730560615,2.793656006,1.209694637,10.97107491,1.249937065,231.1435464,4.622546015,converge,0.394582462,1.814541955,346.0333951,6.417495532,2.194179308,0.91304494
vdp,10,9,3,0.1,1.00E-06,2,10,0.1,tanh,40,223,0.008675289,329.2539337,74.90963532,75.35670898,2.900243221,364581959.9,2467.714314,6.59575133,1.310133619,converge,0.661070824,4.350364832,6.778966887,1.408077506,1.082295429,0.713480967
vdp,10,9,3,0.1,1.00E-06,1,15,0.1,tanh,40,66,0.017992537,70.24329281,2.409161748,2.590272217,1.131825145,8.281349256,1.245275851,11.51725422,1.422280304,converge,0.71316007,1.697737718,12.91498179,1.507142216,2.145919875,0.910574023
vdp,10,9,3,0.1,1.00E-06,2,15,0.1,tanh,40,759,0.008953347,1549.893196,14.14689867,14.41003662,1.780410706,154637.996,50.53431851,18.99911113,1.816823504,converge,0.411129824,2.670616059,24.07185426,1.919988467,2.079305072,0.90895907
vdp,10,9,3,0.1,1.00E-06,1,20,0.1,tanh,40,968,0.009170016,921.5242541,3.465676554,3.556479492,1.322656337,5.417782915,1.069837093,15.95375723,1.6372415,converge,1.003263982,1.983984505,27.77445169,1.794828889,3.388703215,0.970464657
vdp,10,9,3,0.1,1.00E-06,2,20,0.1,tanh,40,347,0.008275335,511.3999081,0.909553483,1.16724144,0.664182041,1.427459486,0.663406382,4.718307564,1.257692666,converge,0.519371065,0.996273062,4.478977223,1.259735539,0.733888998,0.564180163
vdp,3,2,5,0,1.00E-06,1,10,0.1,tanh,40,385,7361.878,51.56946015,142509.2412,142509.2333,223.8667773,7.63393E+15,23012159.5,5307.02442,46.72840399,diverge,252984.2,335.800166,6577.888689,57.02320952,1.51E+16,40784299.55
vdp,3,2,5,0,1.00E-06,2,10,0.1,tanh,40,339,0.00396324,64.90829802,3.590139523,3.590139516,1.121948223,82.68988639,3.679607605,14.77451027,2.7111005,converge,1.486465836,1.682922335,17.69253728,3.1084702,16.79958798,2.88761543
vdp,3,2,5,0,1.00E-06,1,15,0.1,tanh,40,277,0.004428041,38.18134427,92.40725603,92.40724284,2.983343835,76459159.84,1227.584137,15.65660955,2.728864998,converge,1.574247742,4.475015752,18.25308082,3.095638738,16.4450221,3.085186331
vdp,3,2,5,0,1.00E-06,2,15,0.1,tanh,40,335,0.005633505,59.34160018,40.57192912,40.5719279,2.351509657,24598938.29,694.3141721,15.92633626,2.659357216,converge,1.493024826,3.527264485,18.46374447,2.938027384,13.66226485,2.765873683
vdp,3,2,5,0,1.00E-06,1,20,0.1,tanh,40,240,0.005712327,33.24001193,39.36365279,39.3636556,2.278419489,15468951.31,557.1186249,14.21125273,2.568995638,converge,1.48084348,3.417629234,16.6875758,2.907837913,16.1418366,2.933330054
vdp,3,2,5,0,1.00E-06,2,20,0.1,tanh,40,468,0.000297241,89.67401886,0.811195049,0.811194992,0.530965451,8.17001698,1.416201101,8.376629854,1.484066183,converge,0.298136044,0.796448177,8.219680724,1.792117341,7.346131178,1.558998376
vdp,3,2,5,0.05,1.00E-06,1,10,0.1,tanh,40,529,0.006673078,74.23958302,72.99924013,72.48321126,2.735025753,23320032.1,695.7642263,18.61673625,2.761542989,converge,1.400563812,4.10253863,17.57947988,2.879341362,15.05931371,2.698918554
vdp,3,2,5,0.05,1.00E-06,2,10,0.1,tanh,40,1040,0.002884689,192.8234112,11.40012128,11.33694458,1.66187365,533259.6894,103.3013802,18.00167856,2.895211909,epoch limit reached,1.618580882,2.492810475,19.73999474,2.964707976,28.17229275,3.729011641
vdp,3,2,5,0.05,1.00E-06,1,15,0.1,tanh,40,283,0.00498217,38.9047811,66.85227386,66.38026937,2.757215896,23430805.13,689.182129,18.46981863,2.830298651,converge,1.90215861,4.135823844,17.43372685,2.842468654,19.57206082,3.236249144
vdp,3,2,5,0.05,1.00E-06,2,15,0.1,tanh,40,805,0.000685002,141.2588732,13.33136565,13.31606954,1.36110905,141391.1461,51.28878735,16.08001616,2.629788129,converge,1.424621836,2.041663575,15.37451284,2.701595228,18.07190801,3.22396714
vdp,3,2,5,0.05,1.00E-06,1,20,0.1,tanh,40,813,0.002596857,92.71382523,8.422168415,8.560036214,1.329254304,39.24397487,3.648477699,17.48641454,2.836986105,converge,1.454838435,1.993881456,16.88407174,2.823019736,20.24301931,3.042658226
vdp,3,2,5,0.05,1.00E-06,2,20,0.1,tanh,40,145,4.9809365,21.0995748,170.7906911,170.5802409,8.517767861,2909.000989,38.97802575,135.586615,10.37644601,diverge,175.6659342,12.77665179,125.4066579,9.6093342,2974.43899,39.73983114
vdp,3,2,5,0.1,1.00E-06,1,10,0.1,tanh,40,663,0.001650036,75.412817,6.142426822,5.565663656,1.306093957,615.9624353,5.98619925,28.96991062,3.387021938,converge,1.684279633,1.959140935,20.51950629,3.197193498,22.93778412,2.98147087
vdp,3,2,5,0.1,1.00E-06,2,10,0.1,tanh,40,155,8.0671425,24.86974001,48.06285107,50.26834717,4.021860605,868625.1515,192.8883271,580.4154799,23.23910613,diverge,94.5554362,6.032790907,619.2922129,24.15436781,1737038.448,374.5783591
vdp,3,2,5,0.1,1.00E-06,1,15,0.1,tanh,40,713,0.00584948,89.81467962,49.02852107,48.27699382,2.42564562,2721782.249,245.5301779,23.41107469,3.252437027,converge,1.875391897,3.63846843,18.97553084,3.117111115,26.29879664,3.225657245
vdp,3,2,5,0.1,1.00E-06,2,15,0.1,tanh,40,638,0.000583399,112.7785864,1.246330724,1.353946559,0.8231041,14.64075602,2.229057237,23.24388884,3.232598225,converge,1.269779714,1.23465615,21.50047037,3.420775825,18.56485417,3.047602788
vdp,3,2,5,0.1,1.00E-06,1,20,0.1,tanh,40,904,0.001558718,125.8840148,3.671088369,3.719509379,1.262452506,3083.840308,10.620175,22.86200848,3.258475397,converge,1.352381897,1.893678759,18.99901969,3.127984673,23.18118473,3.292611522
vdp,3,2,5,0.1,1.00E-06,2,20,0.1,tanh,40,460,0.002581434,88.86081481,5.994199959,6.302023315,1.707447462,33.45207053,4.321103363,17.1771865,2.621466532,converge,3.708548482,2.561171193,14.97938908,2.644280078,23.35107335,3.830281092
vdp,5,4,5,0,1.00E-06,1,10,0.1,tanh,40,632,0.000513104,250.5937467,2.746660152,2.746660156,1.18879386,1.543639027,0.524393155,1.833434862,0.605970671,converge,1.672069092,1.78319079,1.505779859,0.529154653,0.936353315,0.451957199
vdp,5,4,5,0,1.00E-06,2,10,0.1,tanh,40,385,0.000830671,207.1087992,2.683601181,2.683601074,1.182723098,2.56675138,0.679354218,3.33524453,0.775468749,converge,1.719982147,1.774084648,2.797498406,0.682189339,1.646915145,0.618805872
vdp,5,4,5,0,1.00E-06,1,15,0.1,tanh,40,647,0.001072045,264.0244927,2.849870886,2.849870911,1.248508068,1.437684377,0.612617719,2.280656263,0.758400224,converge,1.950579834,1.872762101,2.712749523,0.754936672,1.368831937,0.607998012
vdp,5,4,5,0,1.00E-06,2,15,0.1,tanh,40,335,0.000306754,188.9040875,2.421319472,2.421319275,1.111128787,3.046011749,0.722277417,3.561135032,0.868320985,converge,1.905372925,1.66669318,2.450854025,0.696419455,2.433171838,0.719176741
vdp,5,4,5,0,1.00E-06,1,20,0.1,tanh,40,685,0.000163701,276.560379,2.164963532,2.164963531,0.992873547,1.407321476,0.422895911,1.410200904,0.513448806,converge,0.841066437,1.489310321,1.389577205,0.461644399,1.521487997,0.400372571
vdp,5,4,5,0,1.00E-06,2,20,0.1,tanh,40,362,0.00102807,201.5675583,2.795058141,2.795058289,1.220452696,2.364600902,0.695472669,3.193452903,0.801861432,converge,1.759466095,1.830679044,2.923968035,0.74487335,1.630837911,0.639794538
vdp,5,4,5,0.05,1.00E-06,1,10,0.1,tanh,40,926,0.002012136,369.115109,2.826399408,2.792674866,1.265111038,2.342904158,0.769358913,2.684787843,0.932085979,converge,1.920240021,1.897666557,2.261634304,0.877294718,2.201099939,0.793900818
vdp,5,4,5,0.05,1.00E-06,2,10,0.1,tanh,40,605,0.00156836,339.5801194,2.51544338,2.489839172,1.102609458,3.600192758,0.94203092,3.676131368,1.094382876,converge,1.43163559,1.653914187,2.603586781,0.91538643,3.232814952,0.912846481
vdp,5,4,5,0.05,1.00E-06,1,15,0.1,tanh,40,928,0.020237798,370.4699097,2.727547934,2.826864014,1.249689007,18.93792104,3.48831268,22.08242164,3.849266941,converge,2.612418213,1.87453351,21.20132114,3.674143088,19.20950316,3.480461067
vdp,5,4,5,0.05,1.00E-06,2,15,0.1,tanh,40,435,0.001553901,244.9621873,2.678108688,2.654349365,1.219209835,4.634198207,1.186112333,4.781275692,1.252418162,converge,1.908461456,1.828814752,3.228399686,1.011012719,4.070044356,1.132454171
vdp,5,4,5,0.05,1.00E-06,1,20,0.1,tanh,40,1040,0.002421933,431.8925884,2.066603511,2.040582581,1.031249967,2.017733402,0.728871897,3.203277478,0.969072932,epoch limit reached,1.24725708,1.546874951,3.770449079,0.998393382,2.239996514,0.74345987
vdp,5,4,5,0.05,1.00E-06,2,20,0.1,tanh,40,1040,0.002393304,601.4190216,3.641837513,3.692462463,1.427261474,3.136784535,0.916217615,4.4471113,1.223541727,epoch limit reached,3.262791748,2.14089221,3.533373584,1.090092089,2.64813039,0.85360794
vdp,5,4,5,0.1,1.00E-06,1,10,0.1,tanh,40,494,0.01954217,213.2030747,2.50651926,2.459823151,1.106160499,2288.960042,6.987061202,11.00849438,1.911233368,converge,0.746261292,1.659240749,10.23600602,2.01144669,10.74963086,1.901289219
vdp,5,4,5,0.1,1.00E-06,2,10,0.1,tanh,40,626,0.004719834,362.9222007,3.450490672,3.54480835,1.405080214,7.838645154,1.641266495,6.288953278,1.649352976,converge,3.960360413,2.107620321,6.713982496,1.695949709,11.20375393,2.004429163
vdp,5,4,5,0.1,1.00E-06,1,15,0.1,tanh,40,1040,0.005729611,438.5288937,2.48719539,2.429963684,1.144841388,4.047014703,1.242137429,5.251669392,1.504515709,epoch limit reached,1.782713013,1.717262081,5.848687185,1.55842547,5.603213253,1.45479796
vdp,5,4,5,0.1,1.00E-06,2,15,0.1,tanh,40,421,0.017225543,247.219923,1.817957999,1.943842468,1.033450594,5.686097963,1.398111301,9.443945661,1.707332923,converge,0.770109482,1.550175891,8.671252635,1.758934511,3.042192064,1.277977681
vdp,5,4,5,0.1,1.00E-06,1,20,0.1,tanh,40,551,0.014464356,238.1233408,2.294788614,2.4899823,1.059685972,10.25492875,1.996030233,10.34162689,1.900059064,converge,0.991584549,1.589528959,10.25406026,2.007333288,9.939923644,2.023157125
vdp,5,4,5,0.1,1.00E-06,2,20,0.1,tanh,40,489,0.015670981,231.2952421,75.40223464,74.7819043,2.985686038,98131744.13,1284.635151,9.580981852,1.864686965,converge,2.059796295,4.478529056,9.524290319,1.923767203,5.380885365,1.632417482
vdp,8,7,5,0,1.00E-06,1,10,0.1,tanh,40,659,0.000379649,563.2700536,2.451708466,2.451708412,1.07267263,0.84356651,0.403225778,1.578361143,0.583058273,converge,1.414191341,1.609008944,0.772654578,0.400711703,0.488906428,0.328234157
vdp,8,7,5,0,1.00E-06,2,10,0.1,tanh,40,436,0.000737626,464.6088443,2.898281007,2.898280907,1.238088923,2.145356229,0.581438022,4.178170861,0.929822341,converge,1.705960274,1.857133385,2.170818732,0.640573981,1.117560821,0.457472919
vdp,8,7,5,0,1.00E-06,1,15,0.1,tanh,40,416,0.001404786,330.0932539,2.849588161,2.849588203,1.209012649,1.198180292,0.578748996,2.024679323,0.756436269,converge,1.22692318,1.813518973,1.823923515,0.67806663,0.670818413,0.48041452
vdp,8,7,5,0,1.00E-06,2,15,0.1,tanh,40,362,0.000637719,389.2235646,2.991338703,2.991338921,1.235185514,2.614724718,0.7348098,3.539052201,0.877481315,converge,1.887329102,1.852778271,2.02730741,0.645851515,1.227734789,0.538429807
vdp,8,7,5,0,1.00E-06,1,20,0.1,tanh,40,789,0.000451839,646.2522566,2.006608985,2.006608963,0.958483048,0.75399499,0.378753308,1.321809287,0.568917021,converge,0.757865715,1.437724573,1.10641359,0.469624158,0.675306546,0.319366643
vdp,8,7,5,0,1.00E-06,2,20,0.1,tanh,40,420,0.001125851,481.5614533,2.946205377,2.946205521,1.238057512,1.351383201,0.49304475,2.734628917,0.775614364,converge,1.866033363,1.857086268,2.020394771,0.62657059,0.559354932,0.388263047
vdp,8,7,5,0.05,1.00E-06,1,10,0.1,tanh,40,955,0.012206451,711.4560616,72.20993565,72.35174561,2.907127823,101467574.2,1371.20252,16.48099927,2.455817633,converge,1.704222107,4.360691734,11.56885677,2.282914593,4.892570475,1.466389933
vdp,8,7,5,0.05,1.00E-06,2,10,0.1,tanh,40,655,0.003330744,572.3003869,1.361543234,1.433636665,0.7761332,1.452773485,0.595598881,2.653296347,0.873274067,converge,0.730139494,1.164199799,2.742079505,0.90641981,1.014281622,0.551284765
vdp,8,7,5,0.05,1.00E-06,1,15,0.1,tanh,40,534,0.014898426,12590.52118,2.353547577,2.38381691,1.082104235,4.934895604,1.117841153,6.591096481,1.391273685,converge,0.635227108,1.623156353,5.613380551,1.482599558,2.988445494,1.128796644
vdp,8,7,5,0.05,1.00E-06,2,15,0.1,tanh,40,332,0.014884992,283.2943976,4.23397911,4.333825302,1.16031962,4881.484077,9.924303383,6.122791849,1.309922453,converge,0.491119766,1.74047943,5.806054318,1.394971135,4.695391939,1.264625137
vdp,8,7,5,0.05,1.00E-06,1,20,0.1,tanh,40,1040,0.012869191,709.8481588,1.238932057,1.317950916,0.77363449,2.468478203,0.883539719,4.997457897,1.133949445,epoch limit reached,0.535329151,1.160451735,4.955346722,1.165614345,1.715932448,0.879208726
vdp,8,7,5,0.05,1.00E-06,2,20,0.1,tanh,40,439,0.003947271,423.7007987,16.20783311,15.99130554,2.066976323,1378631.902,141.7327604,3.041597029,0.947903667,converge,1.883900833,3.100464484,2.77962007,0.937511411,0.5864111,0.460995633
vdp,8,7,5,0.1,1.00E-06,1,10,0.1,tanh,40,494,0.018833734,354.518533,837.863012,833.3197266,8.11461045,1.64095E+11,61470.82136,11.39876711,2.02113628,converge,1.653824615,12.17191568,10.81369348,2.097800162,8.364685169,1.597145737
vdp,8,7,5,0.1,1.00E-06,2,10,0.1,tanh,40,551,0.017767992,485.9456513,3.88156181,3.964748764,1.451644269,358.9566039,4.391161514,10.25894979,1.923861899,converge,2.103229332,2.177466403,9.667395797,2.015489041,6.790989221,1.42917609
vdp,8,7,5,0.1,1.00E-06,1,15,0.1,tanh,40,460,0.018964496,276.4214747,2.968625233,3.216983795,1.156791268,578.7146791,3.895738391,11.67259313,1.836238894,converge,0.95050211,1.735186902,8.193662742,1.774553938,17.73139019,1.755585536
vdp,8,7,5,0.1,1.00E-06,2,15,0.1,tanh,40,559,0.017571127,447.5284302,3.000806218,3.186228752,1.201355964,17.12522213,1.598136647,9.416654293,1.57356525,converge,0.823971081,1.802033946,6.952879675,1.470706066,2.348370998,0.915054574
vdp,8,7,5,0.1,1.00E-06,1,20,0.1,tanh,40,176,0.069598526,111.9675817,342.367595,345.159375,8.706572266,180639050.2,2944.363536,13.83076814,2.267376166,converge,3.432852173,13.0598584,11.60624584,2.28591845,35.01448677,2.322699902
vdp,8,7,5,0.1,1.00E-06,2,20,0.1,tanh,40,870,0.011343207,705.0175486,1.682235327,2.029766273,0.945078333,4.637846265,1.264882342,10.36326965,2.159514049,converge,1.415455151,1.4176175,9.804644836,2.099538521,3.724497618,1.207818007
vdp,10,9,5,0,1.00E-06,1,10,0.1,tanh,40,326,0.002327839,224.2056441,2.001521886,2.001521912,0.936297374,1.228225998,0.591492556,2.207185085,0.732468821,converge,0.437320404,1.404446061,2.441948782,0.771630582,0.752550639,0.553909051
vdp,10,9,5,0,1.00E-06,2,10,0.1,tanh,40,493,0.00067832,389.9128311,1.882283603,1.882283478,0.959756597,1.389705029,0.555163455,1.859269371,0.687913375,converge,0.449758987,1.439634896,1.476832424,0.603946204,0.961191673,0.539726593
vdp,10,9,5,0,1.00E-06,1,15,0.1,tanh,40,587,0.001206864,362.1417897,1.669910307,1.669910431,0.817911977,0.825006858,0.522992538,1.714410745,0.709032309,converge,0.39268158,1.226867965,2.061303624,0.738133769,0.675937877,0.514666532
vdp,10,9,5,0,1.00E-06,2,15,0.1,tanh,40,407,0.000546702,306.5809033,1.938223468,1.938223419,0.981869552,1.37715837,0.519776037,1.847354264,0.654120925,converge,0.582415466,1.472804328,1.436067135,0.555293433,0.667434663,0.414143354
vdp,10,9,5,0,1.00E-06,1,20,0.1,tanh,40,645,0.001179457,419.6392405,2.004841331,2.004841309,0.997449665,0.914623678,0.586292189,1.559908732,0.728581402,converge,0.432627869,1.496174497,1.687149666,0.699892,0.722391523,0.549334099
vdp,10,9,5,0,1.00E-06,2,20,0.1,tanh,40,628,0.000628099,498.8430007,1.996868703,1.996868744,1.00495156,1.104609087,0.487882055,1.923643901,0.694607812,converge,0.738000412,1.50742734,1.498455736,0.584393564,0.523977822,0.399113398
vdp,10,9,5,0.05,1.00E-06,1,10,0.1,tanh,40,432,0.00496791,279.5753613,1.554800075,1.536472321,0.840401423,1.519878085,0.66344761,2.966917999,0.864604245,converge,0.345370712,1.260602135,2.68395488,0.848218972,0.94037626,0.631284749
vdp,10,9,5,0.05,1.00E-06,2,10,0.1,tanh,40,369,0.004453858,291.1906869,1.767647305,1.748474274,0.917976255,1.877005946,0.781463877,3.148710262,0.967264294,converge,0.397451668,1.376964383,2.814731841,0.943867929,1.257296385,0.739400323
vdp,10,9,5,0.05,1.00E-06,1,15,0.1,tanh,40,511,0.005806592,334.2594383,1.362171615,1.340632782,0.789415524,1.623272013,0.669344854,3.358074832,0.921269805,converge,0.334561234,1.184123286,2.949134421,0.897749432,1.056785753,0.686913592
vdp,10,9,5,0.05,1.00E-06,2,15,0.1,tanh,40,410,0.003788832,328.3332319,1.852658913,1.855673523,0.928968648,1.570563934,0.645605113,2.574403371,0.843766635,converge,0.403915329,1.393452972,2.256385803,0.815212033,0.975389375,0.613606227
vdp,10,9,5,0.05,1.00E-06,1,20,0.1,tanh,40,53,0.017817996,34.23471284,1.700804292,1.729048462,0.934139725,6.021109352,0.938620325,5.449522366,1.087009964,converge,0.627551422,1.401209588,4.401064155,1.086787495,1.326964648,0.733959147
vdp,10,9,5,0.05,1.00E-06,2,20,0.1,tanh,40,415,0.003363794,332.1246512,2.00778482,2.006425476,0.951429302,1.289206678,0.587958106,2.265726276,0.79862317,converge,0.560020828,1.427143953,1.993010224,0.75117111,0.713971701,0.516328624
vdp,10,9,5,0.1,1.00E-06,1,10,0.1,tanh,40,619,0.011549898,405.2088788,2.540689978,2.673921509,1.113009676,9.690415116,1.426715906,19.09108683,1.892332708,converge,0.536425438,1.669514514,21.18079373,2.082482102,4.73241354,1.257330384
vdp,10,9,5,0.1,1.00E-06,2,10,0.1,tanh,40,640,0.014485834,512.9641171,4.266012676,4.414709778,1.312061702,135.0690567,3.014054853,19.47617059,2.713477,converge,0.595439682,1.968092553,22.26856134,2.975360143,5.67558851,1.603234549
vdp,10,9,5,0.1,1.00E-06,1,15,0.1,tanh,40,52,0.01988631,33.65546703,2.224494017,2.373066406,1.056259638,9.912675215,1.13792006,11.53819513,1.452059503,converge,0.808104935,1.584389457,9.44068374,1.382333025,1.455343471,0.727066245
vdp,10,9,5,0.1,1.00E-06,2,15,0.1,tanh,40,535,0.011235395,435.9414618,2.53250247,2.727185364,1.080086918,10.88273944,1.293828299,12.80726266,1.801403546,converge,0.51501152,1.620130377,11.91375123,1.855528784,2.090954085,0.940576866
vdp,10,9,5,0.1,1.00E-06,1,20,0.1,tanh,40,502,0.011447294,335.32111,2.638357875,2.746827087,1.141287776,4.233713353,1.024418189,11.31127656,1.555505541,converge,1.034816208,1.711931665,10.5742245,1.557781789,1.618627218,0.86992986
vdp,10,9,5,0.1,1.00E-06,2,20,0.1,tanh,40,406,0.009123827,330.6141217,46.01250459,46.08423828,2.292211054,58724253.57,902.5177637,5.712170839,1.127203953,converge,0.711503754,3.438316582,4.695290338,1.069555327,0.794872307,0.57358214
vdp,3,2,10,0,1.00E-06,1,10,0.1,tanh,40,480,0.014179605,45.57871819,1.693143371,1.693143336,0.846867258,14.67813517,2.680698537,13.84448995,2.677482855,converge,1.693143336,1.270300887,13.84448995,2.677482855,14.67813517,2.680698537
vdp,3,2,10,0,1.00E-06,2,10,0.1,tanh,40,475,0.01186598,52.86996651,1.794787367,1.79478747,0.946654932,12.75604997,2.545090567,14.05022983,2.610891058,converge,1.79478747,1.419982397,14.05022983,2.610891058,12.75604997,2.545090567
vdp,3,2,10,0,1.00E-06,1,15,0.1,tanh,40,451,0.010461661,42.49785113,3.21107259,3.21107254,1.088434895,1885.546007,7.975405629,14.36811872,2.703737072,converge,3.21107254,1.632652343,14.36811872,2.703737072,1885.546007,7.975405629
vdp,3,2,10,0,1.00E-06,2,15,0.1,tanh,40,406,0.014982298,46.08081007,2.306994128,2.30699412,1.009425366,11.16376958,2.42453757,15.94616453,2.80082488,converge,2.30699412,1.514138049,15.94616453,2.80082488,11.16376958,2.42453757
vdp,3,2,10,0,1.00E-06,1,20,0.1,tanh,40,370,0.011896283,34.3315599,1.7794011,1.779401143,0.980080441,9.608824577,2.129725472,15.30945232,2.749836451,converge,1.779401143,1.470120662,15.30945232,2.749836451,9.608824577,2.129725472
vdp,3,2,10,0,1.00E-06,2,20,0.1,tanh,40,503,0.00109104,56.90414333,2.646770168,2.646769969,1.14604146,4.601472455,1.220386696,4.332192224,1.034516871,converge,2.646769969,1.71906219,4.332192224,1.034516871,4.601472455,1.220386696
vdp,3,2,10,0.05,1.00E-06,1,10,0.1,tanh,40,320,0.01564956,30.10232043,1.825237786,1.828435389,0.986921243,25.26987525,2.580791901,22.7598883,3.426750293,converge,1.828435389,1.480381865,22.7598883,3.426750293,25.26987525,2.580791901
vdp,3,2,10,0.05,1.00E-06,2,10,0.1,tanh,40,552,0.016559618,61.73937798,1.285662816,1.366860708,0.809100358,12.87946698,2.638958632,21.34733676,3.191025646,converge,1.366860708,1.213650537,21.34733676,3.191025646,12.87946698,2.638958632
vdp,3,2,10,0.05,1.00E-06,1,15,0.1,tanh,40,405,0.014068693,39.00784421,65.79140383,66.40068359,2.397460157,41548336.72,838.2427811,22.69073597,3.562574973,converge,66.40068359,3.596190236,22.69073597,3.562574973,41548336.72,838.2427811
vdp,3,2,10,0.05,1.00E-06,2,15,0.1,tanh,40,376,0.015092562,41.91973901,2.094920693,2.085783132,1.005420518,131.2043343,3.845745112,24.92970898,3.582892838,converge,2.085783132,1.508130777,24.92970898,3.582892838,131.2043343,3.845745112
vdp,3,2,10,0.05,1.00E-06,1,20,0.1,tanh,40,613,0.014088554,57.65081048,2.054510965,2.062321726,1.063936747,10.77360977,2.104499789,18.38875239,3.049670855,converge,2.062321726,1.595905121,18.38875239,3.049670855,10.77360977,2.104499789
vdp,3,2,10,0.05,1.00E-06,2,20,0.1,tanh,40,563,0.004161918,63.75319457,2.99457817,3.056348928,1.292393117,11.10158137,1.976984031,9.503471896,1.964623385,converge,3.056348928,1.938589675,9.503471896,1.964623385,11.10158137,1.976984031
vdp,3,2,10,0.1,1.00E-06,1,10,0.1,tanh,40,371,0.01856214,35.00426555,1.676024579,1.888405228,0.931881968,17.82355493,2.690434025,21.62044707,3.237130604,converge,1.888405228,1.397822953,21.62044707,3.237130604,17.82355493,2.690434025
vdp,3,2,10,0.1,1.00E-06,2,10,0.1,tanh,40,629,0.015649814,70.74271607,1.417149088,1.591380437,0.896423225,20.608649,2.922330321,17.50004899,2.829049139,converge,1.591380437,1.344634837,17.50004899,2.829049139,20.608649,2.922330321
vdp,3,2,10,0.1,1.00E-06,1,15,0.1,tanh,40,1040,0.012335149,98.9906919,48.09671983,49.15457357,2.412113572,11856794.05,459.3062717,25.90617325,3.487283278,epoch limit reached,49.15457357,3.618170358,25.90617325,3.487283278,11856794.05,459.3062717
vdp,3,2,10,0.1,1.00E-06,2,15,0.1,tanh,40,485,0.016876936,55.03939724,2.358972536,2.542022196,1.099027066,22.50312416,3.089042358,36.71647547,4.178423666,converge,2.542022196,1.648540599,36.71647547,4.178423666,22.50312416,3.089042358
vdp,3,2,10,0.1,1.00E-06,1,20,0.1,tanh,40,504,0.017307336,47.491992,2.103193385,2.197473653,1.122803599,14.14901683,2.567433634,24.2432243,3.448559351,converge,2.197473653,1.684205399,24.2432243,3.448559351,14.14901683,2.567433634
vdp,3,2,10,0.1,1.00E-06,2,20,0.1,tanh,40,528,0.015155391,60.38262773,1.735363601,1.772636286,0.963427914,89.04871255,2.819104564,16.74768429,2.367912998,converge,1.772636286,1.445141871,16.74768429,2.367912998,89.04871255,2.819104564
vdp,5,4,10,0,1.00E-06,1,10,0.1,tanh,40,621,0.000649266,157.9282727,1.850471161,1.850471191,1.002512291,1.918375129,0.5430438,1.939605879,0.620734788,converge,1.850471191,1.503768437,1.939605879,0.620734788,1.918375129,0.5430438
vdp,5,4,10,0,1.00E-06,2,10,0.1,tanh,40,392,0.001452783,122.6080427,1.842563456,1.842563477,0.994065583,2.992448155,0.687988517,3.372331835,0.788548443,converge,1.842563477,1.491098375,3.372331835,0.788548443,2.992448155,0.687988517
vdp,5,4,10,0,1.00E-06,1,15,0.1,tanh,40,491,0.014357816,125.9809737,0.308826321,0.308826313,0.387696085,3.324259172,1.173078214,8.053291093,1.504815323,converge,0.308826313,0.581544127,8.053291093,1.504815323,3.324259172,1.173078214
vdp,5,4,10,0,1.00E-06,2,15,0.1,tanh,40,363,0.000848361,113.8436103,2.003463195,2.003463287,1.023908394,3.212528742,0.697286188,3.105114204,0.779742374,converge,2.003463287,1.535862591,3.105114204,0.779742374,3.212528742,0.697286188
vdp,5,4,10,0,1.00E-06,1,20,0.1,tanh,40,506,0.01154461,130.7351954,1.093447539,1.093447571,0.622930131,2.693396199,1.110139161,8.138982156,1.487003528,converge,1.093447571,0.934395196,8.138982156,1.487003528,2.693396199,1.110139161
vdp,5,4,10,0,1.00E-06,2,20,0.1,tanh,40,239,0.001796527,75.45686412,1.761864236,1.761864319,0.986780523,3.944341357,0.798460311,3.192909836,0.80774716,converge,1.761864319,1.480170784,3.192909836,0.80774716,3.944341357,0.798460311
vdp,5,4,10,0.05,1.00E-06,1,10,0.1,tanh,40,488,0.002987472,124.3851638,2.002506528,2.051363831,1.053158387,1.998333955,0.618173476,2.454793616,0.837566876,converge,2.051363831,1.57973758,2.454793616,0.837566876,1.998333955,0.618173476
vdp,5,4,10,0.05,1.00E-06,2,10,0.1,tanh,40,389,0.004306339,122.0239539,1.634960606,1.695249634,0.970319702,2.790697684,0.711227785,3.801151913,0.98401188,converge,1.695249634,1.455479552,3.801151913,0.98401188,2.790697684,0.711227785
vdp,5,4,10,0.05,1.00E-06,1,15,0.1,tanh,40,471,0.004354798,120.7703295,2.067965799,2.103393402,1.073805323,1.704630109,0.720581906,3.115995632,1.019273465,converge,2.103393402,1.610707984,3.115995632,1.019273465,1.704630109,0.720581906
vdp,5,4,10,0.05,1.00E-06,2,15,0.1,tanh,40,351,0.00329586,110.3738668,2.039820044,2.132811584,1.030806866,2.941005616,0.735500707,4.036023547,1.098613775,converge,2.132811584,1.546210298,4.036023547,1.098613775,2.941005616,0.735500707
vdp,5,4,10,0.05,1.00E-06,1,20,0.1,tanh,40,480,0.002774125,124.6230333,1.219050868,1.301164703,0.791140664,2.275470486,0.637519555,2.083844284,0.850334985,converge,1.301164703,1.186710996,2.083844284,0.850334985,2.275470486,0.637519555
vdp,5,4,10,0.05,1.00E-06,2,20,0.1,tanh,40,354,0.003483518,111.9241419,2.564261493,2.631960449,1.222311971,2.963598121,0.736422936,4.395398352,1.134009451,converge,2.631960449,1.833467957,4.395398352,1.134009451,2.963598121,0.736422936
vdp,5,4,10,0.1,1.00E-06,1,10,0.1,tanh,40,786,0.008841469,202.1822302,3.503031978,3.763057556,1.386287888,4.744975919,0.974135349,6.061016654,1.550347325,converge,3.763057556,2.079431832,6.061016654,1.550347325,4.744975919,0.974135349
vdp,5,4,10,0.1,1.00E-06,2,10,0.1,tanh,40,610,0.009303784,191.4852204,3.15496242,3.369942627,1.365344928,3.426568342,0.864997246,7.566825322,1.641551345,converge,3.369942627,2.048017392,7.566825322,1.641551345,3.426568342,0.864997246
vdp,5,4,10,0.1,1.00E-06,1,15,0.1,tanh,40,680,0.01062992,176.7357585,1.974661002,2.166943665,1.055044455,3.241831972,0.979716859,6.284333154,1.50652755,converge,2.166943665,1.582566683,6.284333154,1.50652755,3.241831972,0.979716859
vdp,5,4,10,0.1,1.00E-06,2,15,0.1,tanh,40,482,0.009010457,152.6403587,3.332391819,3.542286377,1.380206732,5.163086687,1.086325187,7.828371605,1.73792797,converge,3.542286377,2.070310098,7.828371605,1.73792797,5.163086687,1.086325187
vdp,5,4,10,0.1,1.00E-06,1,20,0.1,tanh,40,659,0.011238596,171.5598669,1.734028636,1.908756104,0.998730603,3.539837549,0.988024552,7.235664888,1.608095617,converge,1.908756104,1.498095904,7.235664888,1.608095617,3.539837549,0.988024552
vdp,5,4,10,0.1,1.00E-06,2,20,0.1,tanh,40,584,0.009135447,184.8357456,3.704652998,4.004850159,1.480761647,3.646564887,1.019814136,7.379244197,1.685121193,converge,4.004850159,2.22114247,7.379244197,1.685121193,3.646564887,1.019814136
vdp,8,7,10,0,1.00E-06,1,10,0.1,tanh,40,619,0.00167383,312.0479865,1.091739122,1.091739082,0.704073881,0.993055742,0.377631845,1.283364861,0.503023692,converge,1.091739082,1.056110821,1.283364861,0.503023692,0.993055742,0.377631845
vdp,8,7,10,0,1.00E-06,2,10,0.1,tanh,40,574,0.00264936,352.956898,1.667102999,1.667103004,0.927349306,2.026165412,0.524802984,2.848193673,0.696563543,converge,1.667103004,1.391023959,2.848193673,0.696563543,2.026165412,0.524802984
vdp,8,7,10,0,1.00E-06,1,15,0.1,tanh,40,172,3.25E+25,86.53196096,7.51E+26,7.51E+26,2.01909E+13,inf,inf,2.00E+26,1.20461E+13,diverge,7.51E+26,3.02864E+13,2.00E+26,1.20461E+13,inf,inf
vdp,8,7,10,0,1.00E-06,2,15,0.1,tanh,40,545,0.001954243,340.0735765,0.710175573,0.71017561,0.547209501,2.340479089,0.496152115,2.221064142,0.580507418,converge,0.71017561,0.820814252,2.221064142,0.580507418,2.340479089,0.496152115
vdp,8,7,10,0,1.00E-06,1,20,0.1,tanh,40,17,25348900,8.125210285,288761651.3,288761651.2,11220.90169,1.35E+26,2.6195E+12,12612259.64,2967.195809,diverge,288761651.2,16831.35253,12612259.64,2967.195809,1.35E+26,2.6195E+12
vdp,8,7,10,0,1.00E-06,2,20,0.1,tanh,40,316,0.003376948,197.2424741,1.216682004,1.216682053,0.792427264,1.342745386,0.540563476,2.353942487,0.684363129,converge,1.216682053,1.188640896,2.353942487,0.684363129,1.342745386,0.540563476
vdp,8,7,10,0.05,1.00E-06,1,10,0.1,tanh,40,629,0.009070681,317.5413136,0.303488341,0.373156905,0.345114215,2.590010801,0.745624413,4.053618793,1.184808406,converge,0.373156905,0.517671322,4.053618793,1.184808406,2.590010801,0.745624413
vdp,8,7,10,0.05,1.00E-06,2,10,0.1,tanh,40,362,0.016654694,222.0615437,0.497064987,0.565070772,0.514579149,1.997989769,0.895650992,4.544013322,1.260770174,converge,0.565070772,0.771868723,4.544013322,1.260770174,1.997989769,0.895650992
vdp,8,7,10,0.05,1.00E-06,1,15,0.1,tanh,40,579,0.009918478,294.4736152,0.217003421,0.27878406,0.317364308,1.957000126,0.854803112,4.737530024,1.098400853,converge,0.27878406,0.476046462,4.737530024,1.098400853,1.957000126,0.854803112
vdp,8,7,10,0.05,1.00E-06,2,15,0.1,tanh,40,369,0.011519338,230.9828541,0.242440508,0.315822721,0.348241876,1.299936865,0.734899467,5.215275959,1.154405333,converge,0.315822721,0.522362814,5.215275959,1.154405333,1.299936865,0.734899467
vdp,8,7,10,0.05,1.00E-06,1,20,0.1,tanh,40,598,0.010282561,315.6222088,0.392625379,0.458294868,0.455571563,2.561263048,1.039916694,6.208574029,1.382175639,converge,0.458294868,0.683357345,6.208574029,1.382175639,2.561263048,1.039916694
vdp,8,7,10,0.05,1.00E-06,2,20,0.1,tanh,40,632,0.005578386,403.2961416,1.127819468,1.242365742,0.755163341,1.208381795,0.537348442,2.810986963,0.855588725,converge,1.242365742,1.132745011,2.810986963,0.855588725,1.208381795,0.537348442
vdp,8,7,10,0.1,1.00E-06,1,10,0.1,tanh,40,910,0.014900535,463.0533926,0.870018713,1.21884613,0.676753944,2.436457314,0.837457785,6.57251693,1.596108801,converge,1.21884613,1.015130916,6.57251693,1.596108801,2.436457314,0.837457785
vdp,8,7,10,0.1,1.00E-06,2,10,0.1,tanh,40,288,3.1730692,179.3579702,76.39666294,77.37420654,6.47093029,443480.8353,87.14541182,2557.93106,37.81480138,diverge,77.37420654,9.706395434,2557.93106,37.81480138,443480.8353,87.14541182
vdp,8,7,10,0.1,1.00E-06,1,15,0.1,tanh,40,741,0.014621276,380.4600194,0.252165438,0.522062302,0.349815708,1.95999604,0.818103291,5.534200291,1.375135723,converge,0.522062302,0.524723562,5.534200291,1.375135723,1.95999604,0.818103291
vdp,8,7,10,0.1,1.00E-06,2,15,0.1,tanh,40,1028,0.016763702,650.1928523,0.374452716,0.581403542,0.43088778,2.07557898,0.998712368,11.31909276,1.823835737,converge,0.581403542,0.646331669,11.31909276,1.823835737,2.07557898,0.998712368
vdp,8,7,10,0.1,1.00E-06,1,20,0.1,tanh,40,434,0.017382393,223.5954695,0.312918577,0.551859999,0.416732906,2.309423416,0.891088539,8.176380401,1.51976391,converge,0.551859999,0.625099359,8.176380401,1.51976391,2.309423416,0.891088539
vdp,8,7,10,0.1,1.00E-06,2,20,0.1,tanh,40,670,0.019070437,423.5932269,0.907852783,1.227044106,0.725162328,2.189777509,0.877154325,7.352538032,1.549199141,converge,1.227044106,1.087743492,7.352538032,1.549199141,2.189777509,0.877154325
vdp,10,9,10,0,1.00E-06,1,10,0.1,tanh,40,410,0.001499768,279.5383799,0.445248536,0.445248528,0.457004863,1.328044631,0.575716609,1.439956595,0.617615535,converge,0.445248528,0.685507295,1.439956595,0.617615535,1.328044631,0.575716609
vdp,10,9,10,0,1.00E-06,2,10,0.1,tanh,40,436,0.001516086,360.9092042,0.565463417,0.565463448,0.51558876,1.283919145,0.554364729,1.65810521,0.633817182,converge,0.565463448,0.773383141,1.65810521,0.633817182,1.283919145,0.554364729
vdp,10,9,10,0,1.00E-06,1,15,0.1,tanh,40,448,0.001689945,307.2386069,0.399217585,0.399217606,0.433208119,1.138242333,0.592294288,1.577544896,0.696773989,converge,0.399217606,0.649812178,1.577544896,0.696773989,1.138242333,0.592294288
vdp,10,9,10,0,1.00E-06,2,15,0.1,tanh,40,353,0.001493826,296.5183661,0.478181169,0.478181152,0.469512252,1.335924269,0.50197493,1.781546193,0.622537594,converge,0.478181152,0.704268377,1.781546193,0.622537594,1.335924269,0.50197493
vdp,10,9,10,0,1.00E-06,1,20,0.1,tanh,40,524,0.001088159,359.6043112,0.280322642,0.280322666,0.352909455,1.026552522,0.442306164,1.165097925,0.553077432,converge,0.280322666,0.529364182,1.165097925,0.553077432,1.026552522,0.442306164
vdp,10,9,10,0,1.00E-06,2,20,0.1,tanh,40,438,0.001441742,366.4183116,0.597681594,0.597681618,0.537042121,1.158709707,0.504492406,1.759178103,0.648396264,converge,0.597681618,0.805563182,1.759178103,0.648396264,1.158709707,0.504492406
vdp,10,9,10,0.05,1.00E-06,1,10,0.1,tanh,40,447,0.008177318,305.0016339,0.396163469,0.435568848,0.473061519,3.972831918,1.212291392,19.44264515,2.698170214,converge,0.435568848,0.709592278,19.44264515,2.698170214,3.972831918,1.212291392
vdp,10,9,10,0.05,1.00E-06,2,10,0.1,tanh,40,1040,0.08616768,865.0804477,2.405701655,2.445853271,1.248015068,5.283311455,1.133557549,21.83216259,3.206655344,epoch limit reached,2.445853271,1.872022602,21.83216259,3.206655344,5.283311455,1.133557549
vdp,10,9,10,0.05,1.00E-06,1,15,0.1,tanh,40,555,0.007634223,382.3677764,0.239825358,0.275711594,0.344890511,2.583472014,1.005183232,6.985070036,1.472292926,converge,0.275711594,0.517335766,6.985070036,1.472292926,2.583472014,1.005183232
vdp,10,9,10,0.05,1.00E-06,2,15,0.1,tanh,40,405,0.007674448,339.7591324,0.241787247,0.282314167,0.3474405,2.080388557,0.937387638,6.041669687,1.2844591,converge,0.282314167,0.52116075,6.041669687,1.2844591,2.080388557,0.937387638
vdp,10,9,10,0.05,1.00E-06,1,20,0.1,tanh,40,62,0.01566265,42.05958414,0.547133384,0.584307785,0.519353098,1.110048091,0.654104103,5.484846395,1.069272208,converge,0.584307785,0.779029646,5.484846395,1.069272208,1.110048091,0.654104103
vdp,10,9,10,0.05,1.00E-06,2,20,0.1,tanh,40,512,0.003676922,428.9956663,0.668757242,0.693705902,0.577321091,1.326837998,0.565701745,2.107373517,0.813692521,converge,0.693705902,0.865981636,2.107373517,0.813692521,1.326837998,0.565701745
vdp,10,9,10,0.1,1.00E-06,1,10,0.1,tanh,40,195,0.01662897,133.6475422,0.561896712,0.737501526,0.537743123,1.407930904,0.749794748,12.19904217,1.492080955,converge,0.737501526,0.806614684,12.19904217,1.492080955,1.407930904,0.749794748
vdp,10,9,10,0.1,1.00E-06,2,10,0.1,tanh,40,279,0.016588278,236.3489511,0.563145851,0.740373993,0.535481107,1.334592106,0.726594384,12.61573914,1.528606356,converge,0.740373993,0.80322166,12.61573914,1.528606356,1.334592106,0.726594384
vdp,10,9,10,0.1,1.00E-06,1,15,0.1,tanh,40,168,0.01673165,116.3915298,0.560631659,0.738731613,0.537236522,1.371517452,0.739894998,11.85373546,1.469584891,converge,0.738731613,0.805854784,11.85373546,1.469584891,1.371517452,0.739894998
vdp,10,9,10,0.1,1.00E-06,2,15,0.1,tanh,40,287,0.016538678,240.708374,0.561288083,0.741571503,0.533368988,1.41035384,0.753888393,12.40749577,1.522895761,converge,0.741571503,0.800053482,12.40749577,1.522895761,1.41035384,0.753888393
vdp,10,9,10,0.1,1.00E-06,1,20,0.1,tanh,40,484,0.011677886,333.7143223,0.307261841,0.525243607,0.381152553,1.617009956,0.844885302,12.25790246,1.55834792,converge,0.525243607,0.57172883,12.25790246,1.55834792,1.617009956,0.844885302
vdp,10,9,10,0.1,1.00E-06,2,20,0.1,tanh,40,382,0.009044061,321.1134119,0.845166913,1.03009407,0.665161288,1.968962187,0.741123811,5.042600206,1.338017622,converge,1.03009407,0.997741932,5.042600206,1.338017622,1.968962187,0.741123811
