,Model,Data pts/run,Data pts/interval,Runs,Noise Lvl,Reg weight,Layers,Hid Nodes,Lrn rate,Activ Func,Euler steps,Epochs,MSE Train,Sim Time,MSE true alldat,MSE noisy alldat,MAE true alldat,MSE_dy pred alldat,MAE_dy pred alldat,MSE_dy dat alldat,MAE_dy dat alldat,stop criteria,MSE fitdat,MAE fitdat,MSE_dy dat fitdat ,MAE_dy dat fitdat,MSE_dy pred fitdat,MAE_dy pred fitdat
0,vdp,10,4,5,0,1.00E-06,1,10,0.1,tanh,40,473,0.000159236,173.9707253,1.951196309,1.951196289,0.943334988,0.804546156,0.380396074,1.027157421,0.479904671,converge,1.569713135,1.415002482,0.756653206,0.391596687,3.984066158,3.11426531
1,vdp,10,4,5,0,1.00E-06,2,10,0.1,tanh,40,276,0.000283938,143.1537519,2.109954735,2.109954834,0.982220129,1.298091864,0.490415534,1.870573819,0.622833279,converge,1.517409363,1.473330193,1.363439929,0.534056213,5.319021342,3.866114058
2,vdp,10,4,5,0,1.00E-06,1,15,0.1,tanh,40,348,0.000347449,124.9309714,1.938550273,1.938550415,0.924993639,0.582772954,0.421712238,1.11021809,0.58111655,converge,1.532934418,1.387490458,1.225000744,0.557369641,4.296800304,3.846161414
3,vdp,10,4,5,0,1.00E-06,2,15,0.1,tanh,40,254,0.000278692,119.5045221,1.946559695,1.946559601,0.963439428,1.921043432,0.624726122,2.41479852,0.761758737,converge,1.546561432,1.445159142,1.761485086,0.649006506,8.223950047,4.693943909
4,vdp,10,4,5,0,1.00E-06,1,20,0.1,tanh,40,333,0.000490963,123.3040824,1.990227923,1.990227814,1.018456193,1.287549197,0.625345759,1.985963361,0.852099147,converge,1.550216217,1.527684289,1.861909948,0.792998333,8.655499524,5.300480745
5,vdp,10,4,5,0,1.00E-06,2,20,0.1,tanh,40,228,0.000475104,110.8030248,1.970196553,1.970196533,0.946315228,0.983874142,0.516185653,1.776302518,0.712651125,converge,1.506817017,1.419472842,1.570321584,0.632317305,5.420483373,4.62816261
6,vdp,10,7,5,0,1.00E-06,1,10,0.1,tanh,40,363,0.001432807,232.2357626,1.811943398,1.811943512,0.876908027,1.137146066,0.605015092,1.804581351,0.695963673,converge,1.370206909,1.31536204,2.069090522,0.719019713,6.620976863,5.32257127
7,vdp,10,7,5,0,1.00E-06,2,10,0.1,tanh,40,414,0.000401999,350.9434433,2.215055201,2.215055084,1.03095758,1.27175131,0.491453532,1.996618146,0.65618021,converge,1.53579422,1.54643637,1.510422677,0.568765695,5.611980572,4.081259275
8,vdp,10,7,5,0,1.00E-06,1,15,0.1,tanh,40,558,0.000760829,362.7688472,1.800226522,1.800226593,0.937297869,0.725627558,0.508962914,1.403809073,0.687334508,converge,1.467101135,1.405946803,1.489717806,0.638179192,6.267994327,4.957437532
9,vdp,10,7,5,0,1.00E-06,2,15,0.1,tanh,40,312,0.000438821,269.0379596,1.978590764,1.978590698,0.993826557,1.269036013,0.51834337,1.86546158,0.658948732,converge,1.494579315,1.490739836,1.470871116,0.566914734,5.626970603,4.07648277
10,vdp,10,7,5,0,1.00E-06,1,20,0.1,tanh,40,588,0.001658703,339.1154914,1.885546798,1.88554657,0.936454909,1.179664606,0.660497727,1.985028401,0.777323082,converge,1.379614258,1.404682364,2.353088979,0.801041162,8.157795298,5.891507938
11,vdp,10,7,5,0,1.00E-06,2,20,0.1,tanh,40,377,0.000563788,324.1056252,1.890668117,1.89066803,0.961229954,1.128929892,0.493087763,1.781814783,0.658875269,converge,1.498038788,1.441844931,1.534734007,0.590448225,4.777457588,4.023066369
12,vdp,10,9,5,0,1.00E-06,1,10,0.1,tanh,40,326,0.002327839,268.1403689,2.001521886,2.001521912,0.936297374,1.228225998,0.591492556,2.207185085,0.732468821,converge,1.385277863,1.404446061,2.441948782,0.771630582,6.981059491,5.481707956
13,vdp,10,9,5,0,1.00E-06,2,10,0.1,tanh,40,493,0.00067832,549.3168957,1.882283603,1.882283478,0.959756597,1.389705029,0.555163455,1.859269371,0.687913375,converge,1.466237946,1.439634896,1.476832424,0.603946204,5.655614264,4.416399871
14,vdp,10,9,5,0,1.00E-06,1,15,0.1,tanh,40,587,0.001206864,502.1191075,1.669910307,1.669910431,0.817911977,0.825006858,0.522992538,1.714410745,0.709032309,converge,1.467293701,1.226867965,2.061303624,0.738133769,6.16607639,5.17803779
15,vdp,10,9,5,0,1.00E-06,2,15,0.1,tanh,40,407,0.000546702,456.6289208,1.938223468,1.938223419,0.981869552,1.37715837,0.519776037,1.847354264,0.654120925,converge,1.517462463,1.472804328,1.436067135,0.555293433,5.293056192,3.97428372
16,vdp,10,9,5,0,1.00E-06,1,20,0.1,tanh,40,645,0.001179457,534.7795718,2.004841331,2.004841309,0.997449665,0.914623678,0.586292189,1.559908732,0.728581402,converge,1.519806671,1.496174497,1.687149666,0.699892,6.259592892,5.230855337
17,vdp,10,9,5,0,1.00E-06,2,20,0.1,tanh,40,628,0.000628099,743.1843643,1.996868703,1.996868744,1.00495156,1.104609087,0.487882055,1.923643901,0.694607812,converge,1.507281036,1.50742734,1.498455736,0.584393564,5.182671619,4.010343115
18,vdp,10,10,5,0,1.00E-06,1,10,0.1,tanh,40,306,0.004057358,162.3297589,1.753584402,1.75358429,0.864814133,1.731215244,0.686776359,2.831761431,0.806536218,converge,1.349080048,1.297221199,3.065203707,0.87379044,10.22438619,6.598564275
19,vdp,10,10,5,0,1.00E-06,2,10,0.1,tanh,40,398,0.000995383,281.2404058,1.848152625,1.848152466,0.91671309,1.466803239,0.628007404,2.027509043,0.759978139,converge,1.474197998,1.375069635,1.651248633,0.673888709,7.121463346,5.114435321
20,vdp,10,10,5,0,1.00E-06,1,15,0.1,tanh,40,399,0.003687186,251.6139941,1.863620534,1.863620605,0.883816483,1.454077485,0.645716189,2.549534801,0.827199863,converge,1.426113739,1.325724725,2.864005312,0.883431336,8.956742403,6.325342736
21,vdp,10,10,5,0,1.00E-06,2,15,0.1,tanh,40,378,0.000748116,291.772759,1.72868463,1.72868454,0.917669601,1.243156987,0.540170589,1.882775558,0.693063877,converge,1.508638306,1.376504402,1.485098323,0.599098705,5.369401725,4.237170786
22,vdp,10,10,5,0,1.00E-06,1,20,0.1,tanh,40,626,0.001728338,576.2563343,1.808804898,1.808804932,0.938496915,1.221973637,0.674270316,1.762486194,0.764517283,converge,1.49415451,1.407745373,1.925035879,0.762634728,7.220730799,5.677615058
23,vdp,10,10,5,0,1.00E-06,2,20,0.1,tanh,40,297,0.001306717,363.9747901,1.976518164,1.97651825,0.967540326,1.207210479,0.536549573,1.866011891,0.686383551,converge,1.532444763,1.451310489,1.781680348,0.639207794,5.300339758,4.438117894
24,vdp,10,4,5,0.05,1.00E-06,1,10,0.1,tanh,40,401,0.003326025,146.2789831,1.982493176,2.041647949,0.96212806,1.008638206,0.481906462,1.674901431,0.731752533,converge,1.591017609,1.44319209,1.568291659,0.680867539,6.642092353,4.141013841
25,vdp,10,4,5,0.05,1.00E-06,2,10,0.1,tanh,40,292,0.003331797,141.9749579,1.942461818,2.049233551,0.979495685,2.114730893,0.694610234,2.381742969,0.883592789,converge,1.615006256,1.469243528,1.883893649,0.753385369,9.259544427,4.973831264
26,vdp,10,4,5,0.05,1.00E-06,1,15,0.1,tanh,40,369,0.003482316,139.9822469,2.152258858,2.237449036,1.031909157,0.97445399,0.564568831,2.133468305,0.888274587,converge,1.570401306,1.547863736,2.115440936,0.875374426,7.315483441,5.235739367
27,vdp,10,4,5,0.05,1.00E-06,2,15,0.1,tanh,40,284,0.003248646,139.9331999,2.321742746,2.428997803,1.074119937,2.293013958,0.775956733,3.101909515,1.064062678,converge,1.784132538,1.611179905,2.354506564,0.928087069,16.34135055,6.283609835
28,vdp,10,4,5,0.05,1.00E-06,1,20,0.1,tanh,40,439,0.003659717,171.3605275,1.622287903,1.703956909,0.891435701,1.085628284,0.601864486,2.046776228,0.860749725,converge,1.547218475,1.337153551,1.895313254,0.80139065,5.982101618,4.640015533
29,vdp,10,4,5,0.05,1.00E-06,2,20,0.1,tanh,40,346,0.003348559,175.3244548,2.189832565,2.295104218,1.048698227,2.599360335,0.844146989,2.881268939,1.010451608,converge,1.650014954,1.57304734,2.123474711,0.864069358,11.04937791,5.836741793
30,vdp,10,7,5,0.05,1.00E-06,1,10,0.1,tanh,40,447,0.004542313,292.1422648,7.680856407,7.759768066,1.386581722,485564.0502,72.8191762,1.695514056,0.804117952,converge,1.473656006,2.079872583,1.645691411,0.762781732,6.338591776,5.037667737
31,vdp,10,7,5,0.05,1.00E-06,2,10,0.1,tanh,40,321,0.004179703,279.2580318,1.390507147,1.462379608,0.820981702,1.267576349,0.593495879,2.064785301,0.805306129,converge,1.429548492,1.231472552,1.739948991,0.73010223,6.669915164,4.839932001
32,vdp,10,7,5,0.05,1.00E-06,1,15,0.1,tanh,40,428,0.004224744,282.6474037,1.849535335,1.89897934,0.923383614,0.787553077,0.584161735,1.652100588,0.807357994,converge,1.436425629,1.385075421,1.568711975,0.79124695,7.326828632,5.769645538
33,vdp,10,7,5,0.05,1.00E-06,2,15,0.1,tanh,40,448,0.004049191,394.5944099,1.418968947,1.490301971,0.83090115,1.18607966,0.54760369,2.048784342,0.806097608,converge,1.47263855,1.246351724,1.659267077,0.712223425,6.33340052,4.466477026
34,vdp,10,7,5,0.05,1.00E-06,1,20,0.1,tanh,40,585,0.004316863,388.2689538,1.328552404,1.423474884,0.801830665,0.980660163,0.619166962,2.159785865,0.946764729,converge,1.41959137,1.202745998,2.173890448,0.935238348,7.39683444,5.416719468
35,vdp,10,7,5,0.05,1.00E-06,2,20,0.1,tanh,40,255,0.004278042,226.0234089,1.326681068,1.420028839,0.800971218,1.190314651,0.61133936,2.037695582,0.833450821,converge,1.454026337,1.201456828,1.72313552,0.740472454,7.206337418,5.150102656
36,vdp,10,9,5,0.05,1.00E-06,1,10,0.1,tanh,40,367,0.005557884,301.6629112,42.33175709,42.31726563,2.451386053,58689448.96,985.4350704,1.971879248,0.804959308,converge,1.364475708,3.677079079,1.974725838,0.794056096,6.024719105,4.967854686
37,vdp,10,9,5,0.05,1.00E-06,2,10,0.1,tanh,40,534,0.004418205,603.5225942,1.569265105,1.648786011,0.882770126,1.150868061,0.558351392,1.906088604,0.793466284,converge,1.407129211,1.32415519,1.531166813,0.701004959,6.314537517,4.614586386
38,vdp,10,9,5,0.05,1.00E-06,1,15,0.1,tanh,40,426,0.00509492,355.333266,1.364237173,1.450615692,0.777034581,1.035702761,0.662655864,1.737194443,0.834016553,converge,1.387043915,1.165551872,1.746526271,0.825770339,9.308090255,6.344272921
39,vdp,10,9,5,0.05,1.00E-06,2,15,0.1,tanh,40,471,0.004720257,521.5098319,1.246379795,1.320615692,0.773228287,1.083360061,0.54602589,1.952074511,0.792582891,converge,1.407007751,1.159842431,1.680878536,0.737310885,5.542039172,4.587893599
40,vdp,10,9,5,0.05,1.00E-06,1,20,0.1,tanh,40,615,0.00552931,514.5281081,1.159658121,1.244248886,0.748037117,1.277038296,0.726919974,2.097470651,0.89419511,converge,1.35095993,1.122055676,2.060699748,0.875347594,8.548641026,6.137772654
41,vdp,10,9,5,0.05,1.00E-06,2,20,0.1,tanh,40,330,0.005065697,366.7823656,1.137469896,1.221068039,0.728132697,1.150915899,0.605710638,2.104180374,0.811357162,converge,1.362081604,1.092199046,1.911000486,0.772930312,6.841418632,5.227455362
42,vdp,10,10,5,0.05,1.00E-06,1,10,0.1,tanh,40,290,0.00620471,184.3898718,32.6098047,32.61907959,2.125168722,36746145.7,711.9287762,2.484724574,0.877119498,converge,1.410341949,3.187753084,2.467019965,0.883963704,9.169471868,6.103276858
43,vdp,10,10,5,0.05,1.00E-06,2,10,0.1,tanh,40,503,0.004798469,386.3298111,1.245019724,1.313688507,0.746026647,1.447716125,0.65046452,2.08861894,0.853645429,converge,1.38486145,1.11903997,1.879439199,0.81398991,7.812100222,5.485109081
44,vdp,10,10,5,0.05,1.00E-06,1,15,0.1,tanh,40,271,522.5738,173.0501459,13327.40127,13327.26875,94.42330175,1.12057E+13,1377808.018,7452.245576,63.72359278,diverge,11497.7225,141.6349526,7794.383833,65.44198266,6.69766E+13,10268480.26
45,vdp,10,10,5,0.05,1.00E-06,2,15,0.1,tanh,40,339,0.005037281,262.4841547,1.307123377,1.38417099,0.786342971,1.499319668,0.675619946,2.325080035,0.847613556,converge,1.389559021,1.179514457,2.146164511,0.809044004,7.678098512,5.506646194
46,vdp,10,10,5,0.05,1.00E-06,1,20,0.1,tanh,40,452,0.005397818,423.4353735,1.535568864,1.603943787,0.852876647,1.449443286,0.776619319,2.113819894,0.961868588,converge,1.493419952,1.279314971,2.024193407,0.926825199,9.986773885,6.619373337
47,vdp,10,10,5,0.05,1.00E-06,2,20,0.1,tanh,40,378,0.005401086,462.5362844,1.36071209,1.440739136,0.802929132,1.286435467,0.611858423,2.370069545,0.821443022,converge,1.331778564,1.204393699,2.244622001,0.806184892,6.705258028,5.255163219
48,vdp,10,4,5,0.1,1.00E-06,1,10,0.1,tanh,40,479,0.012478044,173.9223065,1.088444686,1.42526947,0.718517555,5.134825396,1.142209187,9.048660246,2.005194468,converge,1.534601593,1.077776333,9.124984025,1.962351439,28.26895126,7.898242309
49,vdp,10,4,5,0.1,1.00E-06,2,10,0.1,tanh,40,406,0.012295862,201.2755578,1.291803463,1.612858582,0.784282955,6.369673029,1.149098207,9.193772489,1.868251267,converge,1.549065552,1.176424433,8.626188155,1.728121939,32.42846396,7.912590913
50,vdp,10,4,5,0.1,1.00E-06,1,15,0.1,tanh,40,317,0.012617069,122.7436435,1.130426448,1.503116455,0.713760019,3.162883531,1.032376083,10.13815599,1.993473903,converge,1.503039246,1.070640029,9.950713176,2.019242066,21.88819674,8.316514991
51,vdp,10,4,5,0.1,1.00E-06,2,15,0.1,tanh,40,194,0.012700561,96.64931321,0.88452421,1.223763733,0.676004929,3.823048289,1.018998287,6.582051891,1.589517488,converge,1.475961304,1.014007393,5.098535621,1.431715676,17.95787749,7.469750422
52,vdp,10,4,5,0.1,1.00E-06,1,20,0.1,tanh,40,509,0.012679217,194.0585995,0.960243323,1.287554779,0.687205081,5.399666545,1.202908176,12.49644977,2.455850967,converge,1.491883698,1.030807622,12.70778339,2.466638042,28.08873926,8.266124373
53,vdp,10,4,5,0.1,1.00E-06,2,20,0.1,tanh,40,275,0.012504851,139.6536503,1.331470614,1.662775879,0.805043447,2.299806355,0.933481216,8.240958872,1.864948333,converge,1.44848175,1.20756517,6.831976875,1.71510793,21.59119356,7.993382829
54,vdp,10,7,5,0.1,1.00E-06,1,10,0.1,tanh,40,572,0.015392413,333.8917267,16.83119878,17.09961304,1.607325436,5789533.138,272.8612257,6.041419768,1.414768881,converge,1.368967438,2.410988154,4.919083193,1.340939781,18.42489355,7.918284344
55,vdp,10,7,5,0.1,1.00E-06,2,10,0.1,tanh,40,442,0.014253038,307.7571883,1.420532772,1.720255432,0.812236727,2.536051283,0.909445757,7.425606714,1.759271346,converge,1.416916046,1.218355091,6.261700057,1.647319928,20.81858356,7.881178431
56,vdp,10,7,5,0.1,1.00E-06,1,15,0.1,tanh,40,584,0.01449007,390.5799923,1.34160587,1.663353882,0.766630335,2.316563889,0.914343818,6.897671834,1.675932984,converge,1.399788513,1.149945503,6.221615476,1.653391195,17.74808054,8.16155273
57,vdp,10,7,5,0.1,1.00E-06,2,15,0.1,tanh,40,328,0.014771837,287.4799421,0.923862961,1.262079163,0.669698434,1.873430342,0.770897742,6.037269136,1.369500959,converge,1.333505249,1.004547651,4.710959892,1.264181468,14.3332971,6.975207256
58,vdp,10,7,5,0.1,1.00E-06,1,20,0.1,tanh,40,532,0.01494233,355.9919367,1.252384534,1.652719116,0.79960364,2.734941898,1.066451697,8.240723505,1.87414149,converge,1.402472229,1.199405459,7.297530697,1.85267911,20.35224348,9.009435706
59,vdp,10,7,5,0.1,1.00E-06,2,20,0.1,tanh,40,392,0.014625595,350.067986,0.84170914,1.192907639,0.65004206,1.984473461,0.836131077,6.012335535,1.449512074,converge,1.34392395,0.97506309,4.576300743,1.333335719,14.72290142,7.262386296
60,vdp,10,9,5,0.1,1.00E-06,1,10,0.1,tanh,40,815,0.015286479,676.2793496,0.660230149,0.923163834,0.569442748,5.01885167,1.160446545,11.05520593,2.475340864,converge,1.267810822,0.854164121,11.00948099,2.429187956,33.1259365,9.536690334
61,vdp,10,9,5,0.1,1.00E-06,2,10,0.1,tanh,40,493,0.015617943,566.2968512,1.117956883,1.438193665,0.725870616,3.145860909,1.023627055,6.470627936,1.642601729,converge,1.286143951,1.088805923,5.325444638,1.538877265,19.43270089,8.073776726
62,vdp,10,9,5,0.1,1.00E-06,1,15,0.1,tanh,40,50,6838.5396,42.86126018,115819.8347,115783.94,246.6586191,1.70583E+15,16527216.14,15665.41573,112.2476231,diverge,137922.38,369.9879286,15344.42646,111.0463717,2.19E+16,206438808.7
63,vdp,10,9,5,0.1,1.00E-06,2,15,0.1,tanh,40,470,0.015398517,528.18625,0.786739286,1.101628113,0.63326389,2.834996825,0.940494996,7.235973739,1.799414654,converge,1.289729919,0.949895836,5.782281289,1.638908106,22.14725371,8.068413858
64,vdp,10,9,5,0.1,1.00E-06,1,20,0.1,tanh,40,472,0.015916212,392.9606171,0.664544503,0.989702759,0.585820337,3.046637548,1.129898325,7.893510582,1.951044026,converge,1.351491547,0.878730505,6.934712176,1.92187678,21.43334019,9.208886084
65,vdp,10,9,5,0.1,1.00E-06,2,20,0.1,tanh,40,476,0.015627787,523.2309012,0.755827226,1.082990494,0.625460146,2.892673206,0.978104229,6.499139826,1.596429844,converge,1.328310852,0.938190219,5.041423668,1.452137055,18.13157989,7.919244848
66,vdp,10,10,5,0.1,1.00E-06,1,10,0.1,tanh,40,486,0.016543783,307.1209788,1.146556164,1.47574234,0.723050255,2.160115085,0.912493383,6.208387519,1.516607653,converge,1.375228577,1.084575383,5.193558466,1.463135992,16.97921065,7.874142961
67,vdp,10,10,5,0.1,1.00E-06,2,10,0.1,tanh,40,336,0.016525675,255.8609488,1.122217218,1.426255951,0.708042837,2.587633164,0.935080229,6.692124966,1.444497341,converge,1.389960938,1.062064255,5.759133905,1.393871108,17.50524335,7.917516853
68,vdp,10,10,5,0.1,1.00E-06,1,15,0.1,tanh,40,657,0.015997324,418.4133382,1.221486797,1.582237549,0.770290348,2.046326576,0.928518181,5.846925633,1.625459496,converge,1.364657288,1.155435522,5.038387413,1.599213631,15.13614337,7.601795202
69,vdp,10,10,5,0.1,1.00E-06,2,15,0.1,tanh,40,399,0.015781313,307.2362998,0.775871601,1.090502396,0.632618814,2.384608092,0.895936476,5.623031757,1.463677465,converge,1.305964966,0.948928221,4.383356088,1.339937677,13.45115666,6.855796691
70,vdp,10,10,5,0.1,1.00E-06,1,20,0.1,tanh,40,367,0.018867018,335.3360012,70.77546859,71.03389648,2.487944231,442520856.1,2272.685735,7.138043322,1.338020571,converge,1.263048859,3.731916346,6.310106205,1.341306288,21.5707787,8.770343065
71,vdp,10,10,5,0.1,1.00E-06,2,20,0.1,tanh,40,541,0.07490884,635.4152234,1.718741085,1.978857422,1.069419461,10.7238427,1.108873715,32.21082603,3.773199276,converge,0.520939713,1.604129191,27.12469697,3.371973994,53.08305551,8.49481303
72,vdp,10,4,10,0,1.00E-06,1,10,0.1,tanh,40,299,0.001277625,98.66884685,0.76147828,0.761478271,0.549057019,1.449333263,0.735042074,1.787474808,0.815811421,converge,1.374625854,0.823585528,1.787474808,0.815811421,10.07552531,6.225152579
73,vdp,10,4,10,0,1.00E-06,2,10,0.1,tanh,40,300,0.001397863,128.001121,0.681262139,0.681262131,0.515865581,1.843223137,0.609878241,2.072774747,0.65575144,converge,1.315775604,0.773798371,2.072774747,0.65575144,7.872892526,4.953977699
74,vdp,10,4,10,0,1.00E-06,1,15,0.1,tanh,40,362,0.00076528,120.5439754,0.710650582,0.710650558,0.49962647,0.707932798,0.385059328,0.909152591,0.485904918,converge,1.441903076,0.749439705,0.909152591,0.485904918,4.409443695,3.460679999
75,vdp,10,4,10,0,1.00E-06,2,15,0.1,tanh,40,287,0.000885139,122.9839976,0.471213819,0.471213799,0.459603095,1.366095944,0.513523056,1.833843042,0.650270479,converge,1.360999298,0.689404643,1.833843042,0.650270479,6.608571909,4.311198004
76,vdp,10,4,10,0,1.00E-06,1,20,0.1,tanh,40,384,0.00125545,135.1829538,0.697144162,0.697144089,0.536700729,0.83041447,0.523488808,1.455601124,0.689005617,converge,1.353088531,0.805051094,1.455601124,0.689005617,6.222364169,4.946044088
77,vdp,10,4,10,0,1.00E-06,2,20,0.1,tanh,40,288,0.00093522,127.070477,0.560188914,0.560188866,0.503097198,1.136599154,0.518782902,1.840328598,0.700784224,converge,1.339221344,0.754645797,1.840328598,0.700784224,6.809356143,4.513870509
78,vdp,10,7,10,0,1.00E-06,1,10,0.1,tanh,40,515,0.000683215,302.5873544,0.365216805,0.365216789,0.393140465,1.078867103,0.371162807,0.93518204,0.396246162,converge,1.322597656,0.589710698,0.93518204,0.396246162,3.505044656,2.762744944
79,vdp,10,7,10,0,1.00E-06,2,10,0.1,tanh,40,366,0.001671312,277.7331212,0.674518938,0.674518967,0.577725737,1.555622431,0.606522175,1.994020636,0.660996727,converge,1.321940613,0.866588606,1.994020636,0.660996727,7.738932766,4.645839216
80,vdp,10,7,10,0,1.00E-06,1,15,0.1,tanh,40,388,0.001606995,229.7274609,0.474900502,0.474900513,0.469354584,1.28244792,0.683287762,1.760675199,0.747294437,converge,1.301844482,0.704031875,1.760675199,0.747294437,9.160751486,6.236912349
81,vdp,10,7,10,0,1.00E-06,2,15,0.1,tanh,40,316,0.001240438,244.7201157,0.529267371,0.529267349,0.495365909,1.345788303,0.51607391,1.73876675,0.603797774,converge,1.324315186,0.743048864,1.73876675,0.603797774,5.543130077,4.076732097
82,vdp,10,7,10,0,1.00E-06,1,20,0.1,tanh,40,427,0.001145395,254.3040521,0.387995747,0.387995758,0.418109638,1.088005138,0.519377706,1.355984654,0.640928291,converge,1.328077393,0.627164457,1.355984654,0.640928291,6.459358225,4.785059982
83,vdp,10,7,10,0,1.00E-06,2,20,0.1,tanh,40,297,0.001345354,230.4088211,0.603487653,0.603487625,0.536768691,1.254408096,0.536388387,1.796800315,0.641683632,converge,1.317557678,0.805153036,1.796800315,0.641683632,5.429708303,4.281383745
84,vdp,10,9,10,0,1.00E-06,1,10,0.1,tanh,40,410,0.001499768,263.7289729,0.445248536,0.445248528,0.457004863,1.328044631,0.575716609,1.439956595,0.617615535,converge,1.290658722,0.685507295,1.439956595,0.617615535,6.098522103,4.783785882
85,vdp,10,9,10,0,1.00E-06,2,10,0.1,tanh,40,436,0.001516086,346.159621,0.565463417,0.565463448,0.51558876,1.283919145,0.554364729,1.65810521,0.633817182,converge,1.317915344,0.773383141,1.65810521,0.633817182,5.576822372,4.370963617
86,vdp,10,9,10,0,1.00E-06,1,15,0.1,tanh,40,448,0.001689945,307.6896725,0.399217585,0.399217606,0.433208119,1.138242333,0.592294288,1.577544896,0.696773989,converge,1.259043503,0.649812178,1.577544896,0.696773989,7.089054068,5.349600784
87,vdp,10,9,10,0,1.00E-06,2,15,0.1,tanh,40,353,0.001493826,345.0761242,0.478181169,0.478181152,0.469512252,1.335924269,0.50197493,1.781546193,0.622537594,converge,1.285684967,0.704268377,1.781546193,0.622537594,5.163046177,4.041508811
88,vdp,10,9,10,0,1.00E-06,1,20,0.1,tanh,40,524,0.001088159,336.5454752,0.280322642,0.280322666,0.352909455,1.026552522,0.442306164,1.165097925,0.553077432,converge,1.269628983,0.529364182,1.165097925,0.553077432,5.520661114,3.967173401
89,vdp,10,9,10,0,1.00E-06,2,20,0.1,tanh,40,438,0.001441742,309.4854319,0.597681594,0.597681618,0.537042121,1.158709707,0.504492406,1.759178103,0.648396264,converge,1.334838257,0.805563182,1.759178103,0.648396264,5.005823948,4.041977802
90,vdp,10,10,10,0,1.00E-06,1,10,0.1,tanh,40,351,0.001996979,178.0303955,0.364744841,0.364744835,0.422161996,1.018156324,0.549522193,1.689920307,0.710956946,converge,1.289282684,0.633242993,1.689920307,0.710956946,5.889802057,4.882859931
91,vdp,10,10,10,0,1.00E-06,2,10,0.1,tanh,40,152,1555.1003,91.28665972,45989.5609,45989.56,163.2516445,2.52701E+13,2245155.47,851.1182729,23.6399549,diverge,45996.38,244.8774668,851.1182729,23.6399549,2.0593E+14,20718133.31
92,vdp,10,10,10,0,1.00E-06,1,15,0.1,tanh,40,432,0.002496067,220.3908496,0.309541989,0.309542007,0.380573923,1.704074381,0.827836813,2.071770862,0.871729316,converge,1.262584076,0.570860885,2.071770862,0.871729316,11.72375609,7.369129995
93,vdp,10,10,10,0,1.00E-06,2,15,0.1,tanh,40,448,0.001687412,278.7201314,0.497432563,0.497432594,0.486694264,1.10480303,0.446271132,1.755078572,0.629916721,converge,1.297781219,0.730041395,1.755078572,0.629916721,4.514312897,3.626588656
94,vdp,10,10,10,0,1.00E-06,1,20,0.1,tanh,40,496,0.001890712,319.4133091,0.420849214,0.420849228,0.452845614,1.00139643,0.543323397,1.518706655,0.713920502,converge,1.303134308,0.679268421,1.518706655,0.713920502,6.256173121,4.899652578
95,vdp,10,10,10,0,1.00E-06,2,20,0.1,tanh,40,327,0.001947445,255.2510123,0.407192451,0.407192459,0.446201534,1.2774521,0.543222984,1.924438312,0.689697946,converge,1.263682632,0.669302301,1.924438312,0.689697946,6.019999881,4.716147517
96,vdp,10,4,10,0.05,1.00E-06,1,10,0.1,tanh,40,246,0.004850525,66.32250595,0.871852339,0.937344055,0.604493164,1.727141558,0.863606699,2.670162301,1.070171756,converge,1.379886017,0.906739745,2.670162301,1.070171756,13.85234343,7.544720218
97,vdp,10,4,10,0.05,1.00E-06,2,10,0.1,tanh,40,336,0.00437613,109.8960898,0.890494929,0.957971649,0.594224254,1.70423247,0.688895868,2.661398678,0.873588024,converge,1.35352005,0.89133638,2.661398678,0.873588024,8.834905831,5.608136955
98,vdp,10,4,10,0.05,1.00E-06,1,15,0.1,tanh,40,494,0.003926281,135.0095615,1.293415457,1.358543701,0.783219807,0.645621255,0.518857058,1.814934382,0.862922364,converge,1.509658661,1.17482971,1.814934382,0.862922364,5.684548978,4.92652627
99,vdp,10,4,10,0.05,1.00E-06,2,15,0.1,tanh,40,316,0.004216697,104.8361788,0.588907274,0.678910751,0.519476112,1.68355371,0.658095441,2.502167608,0.912354239,converge,1.306428528,0.779214168,2.502167608,0.912354239,8.502047611,5.421676325
100,vdp,10,4,10,0.05,1.00E-06,1,20,0.1,tanh,40,318,0.004442448,89.56600761,0.759470475,0.825359268,0.570747623,0.98621459,0.648940852,1.969200326,0.935893982,converge,1.347338409,0.856121435,1.969200326,0.935893982,8.55623869,5.97151439
101,vdp,10,4,10,0.05,1.00E-06,2,20,0.1,tanh,40,356,0.003996574,121.930433,0.983295441,1.062081909,0.701723384,1.149900169,0.615474669,2.264244118,0.958278209,converge,1.479281921,1.052585076,2.264244118,0.958278209,7.389431423,5.285728782
102,vdp,10,7,10,0.05,1.00E-06,1,10,0.1,tanh,40,534,0.004507116,252.0333126,0.524820046,0.603160629,0.479368527,1.049772693,0.497127468,1.325912311,0.654302597,converge,1.359511261,0.71905279,1.325912311,0.654302597,5.764562006,4.029504945
103,vdp,10,7,10,0.05,1.00E-06,2,10,0.1,tanh,40,495,0.004613368,281.1922293,0.911887423,0.98517868,0.663567644,1.146399361,0.53059944,2.232564036,0.832024645,converge,1.434205933,0.995351466,2.232564036,0.832024645,8.390658673,4.653309154
104,vdp,10,7,10,0.05,1.00E-06,1,15,0.1,tanh,40,444,0.004937675,210.0957808,0.767448324,0.839013748,0.614091426,0.849461063,0.597072666,1.972120679,0.880093702,converge,1.392043152,0.92113714,1.972120679,0.880093702,7.970529502,5.725159255
105,vdp,10,7,10,0.05,1.00E-06,2,15,0.1,tanh,40,333,0.005084314,192.559469,0.531898587,0.605255051,0.494298739,1.461238931,0.631625862,2.097085222,0.822690162,converge,1.308977203,0.741448108,2.097085222,0.822690162,7.728624683,5.074879565
106,vdp,10,7,10,0.05,1.00E-06,1,20,0.1,tanh,40,354,0.005442532,167.0304515,0.44783557,0.527240448,0.460344683,1.151279782,0.702286886,2.036378077,0.908606161,converge,1.299190063,0.690517025,2.036378077,0.908606161,9.653824466,6.516873508
107,vdp,10,7,10,0.05,1.00E-06,2,20,0.1,tanh,40,371,0.005302961,228.8500872,0.600369801,0.677189255,0.533938437,1.026655502,0.583708923,2.038805989,0.808197041,converge,1.305548706,0.800907656,2.038805989,0.808197041,6.403794564,4.994411875
108,vdp,10,9,10,0.05,1.00E-06,1,10,0.1,tanh,40,620,0.004899277,458.1152723,0.841107198,0.920056915,0.635973501,1.155932713,0.533306479,2.204907814,0.905540802,converge,1.404271851,0.953960251,2.204907814,0.905540802,10.3093853,4.939187619
109,vdp,10,9,10,0.05,1.00E-06,2,10,0.1,tanh,40,344,0.005738222,308.1547279,0.475652451,0.555259438,0.473709634,1.428896511,0.700216865,2.112888514,0.855979505,converge,1.240612259,0.710564452,2.112888514,0.855979505,8.587358214,5.895761308
110,vdp,10,9,10,0.05,1.00E-06,1,15,0.1,tanh,40,473,0.005471041,344.0322959,0.460428684,0.536653595,0.465497257,1.198434025,0.743832778,1.843057112,0.907308714,converge,1.286921387,0.698245885,1.843057112,0.907308714,9.871122297,6.592774071
111,vdp,10,9,10,0.05,1.00E-06,2,15,0.1,tanh,40,439,0.004999398,423.0637999,0.562973899,0.639986,0.513280678,1.200902455,0.576931929,1.956742007,0.797776162,converge,1.302945862,0.769921017,1.956742007,0.797776162,6.715988058,4.671977381
112,vdp,10,9,10,0.05,1.00E-06,1,20,0.1,tanh,40,556,0.005717143,411.6890664,0.48799701,0.568044968,0.482751045,1.449725357,0.765195328,2.173145814,0.988829579,converge,1.26905426,0.724126568,2.173145814,0.988829579,11.67496303,7.039493735
113,vdp,10,9,10,0.05,1.00E-06,2,20,0.1,tanh,40,449,0.005208715,413.6903293,0.633654166,0.71728653,0.547890839,0.944951097,0.546850571,1.93026548,0.785580469,converge,1.333811646,0.821836259,1.93026548,0.785580469,5.777526529,4.670368344
114,vdp,10,10,10,0.05,1.00E-06,1,10,0.1,tanh,40,465,0.005585399,238.6182716,0.439164468,0.520025253,0.456601536,0.869011269,0.573329316,1.71412012,0.799653435,converge,1.26806366,0.684902304,1.71412012,0.799653435,5.892403207,4.99011824
115,vdp,10,10,10,0.05,1.00E-06,2,10,0.1,tanh,40,299,0.005476913,183.1403394,0.429833563,0.506094017,0.45691458,1.809592808,0.729791541,2.068518121,0.870195206,converge,1.298073273,0.685371871,2.068518121,0.870195206,9.074540307,6.00736269
116,vdp,10,10,10,0.05,1.00E-06,1,15,0.1,tanh,40,447,0.005282095,229.5581784,0.451020247,0.527773933,0.453229899,1.056641734,0.694826042,1.761470031,0.905266729,converge,1.289528961,0.679844848,1.761470031,0.905266729,8.929971995,6.238875031
117,vdp,10,10,10,0.05,1.00E-06,2,15,0.1,tanh,40,439,0.005140287,265.3712492,0.511785049,0.588558502,0.4896083,1.384553026,0.633530828,2.029458369,0.836174078,converge,1.322516937,0.734412449,2.029458369,0.836174078,7.172202958,5.144948143
118,vdp,10,10,10,0.05,1.00E-06,1,20,0.1,tanh,40,434,0.005760587,331.0282066,0.33793223,0.411955032,0.401803988,1.34427077,0.775539883,2.094681788,0.967996372,converge,1.253567352,0.602705982,2.094681788,0.967996372,10.23805375,6.870834006
119,vdp,10,10,10,0.05,1.00E-06,2,20,0.1,tanh,40,319,0.005293411,323.4120178,0.494238826,0.573185501,0.483843492,1.291652494,0.623934802,1.975525662,0.826067892,converge,1.301395264,0.725765238,1.975525662,0.826067892,7.047389192,5.293240507
120,vdp,10,4,10,0.1,1.00E-06,1,10,0.1,tanh,40,397,0.01444727,139.5147581,0.877118023,1.173229446,0.61653592,3.118577242,1.052892344,6.72239291,1.587907831,converge,1.365640869,0.924803881,6.72239291,1.587907831,20.84904547,9.433897892
121,vdp,10,4,10,0.1,1.00E-06,2,10,0.1,tanh,40,282,0.013748975,129.3062432,1.014114679,1.316406097,0.645167107,3.270773126,0.838599395,6.804748867,1.469316799,converge,1.409563293,0.96775066,6.804748867,1.469316799,17.79103081,7.373836225
122,vdp,10,4,10,0.1,1.00E-06,1,15,0.1,tanh,40,400,0.013675268,137.6434517,1.33256397,1.613260651,0.781002166,1.401888421,0.811686208,6.287833233,1.481400839,converge,1.499403839,1.171503249,6.287833233,1.481400839,13.80778713,7.648040508
123,vdp,10,4,10,0.1,1.00E-06,2,15,0.1,tanh,40,488,0.013457973,206.5048077,0.780121783,1.141598816,0.61858401,1.839337105,0.715715321,6.17152334,1.359006271,converge,1.381958618,0.927876016,6.17152334,1.359006271,10.07208986,6.029317567
124,vdp,10,4,10,0.1,1.00E-06,1,20,0.1,tanh,40,304,0.014553505,104.9567828,1.011419379,1.298125305,0.674671977,2.028229099,0.954895335,6.832173177,1.627637136,converge,1.45828949,1.012007965,6.832173177,1.627637136,16.71098001,8.509760295
125,vdp,10,4,10,0.1,1.00E-06,2,20,0.1,tanh,40,289,0.013238122,125.2681801,1.508983626,1.762502441,0.861020052,1.380956502,0.753972955,6.818182309,1.60703348,converge,1.53859024,1.291530078,6.818182309,1.60703348,10.79941081,6.591325088
126,vdp,10,7,10,0.1,1.00E-06,1,10,0.1,tanh,40,485,0.016287694,288.1980348,0.671731108,0.980946198,0.575625148,1.078824663,0.673180476,5.225151337,1.337427153,converge,1.394622192,0.863437722,5.225151337,1.337427153,9.925182283,6.435236177
127,vdp,10,7,10,0.1,1.00E-06,2,10,0.1,tanh,40,391,0.016794894,253.8942857,0.511241109,0.831461945,0.503295608,1.974718185,0.809427871,6.183369236,1.394539512,converge,1.292983856,0.754943412,6.183369236,1.394539512,13.03614367,7.338479928
128,vdp,10,7,10,0.1,1.00E-06,1,15,0.1,tanh,40,348,0.017066315,200.5152218,0.437574546,0.762978363,0.470898637,2.064324726,0.947299568,6.654946547,1.619412776,converge,1.272826462,0.706347955,6.654946547,1.619412776,19.52456402,9.325697142
129,vdp,10,7,10,0.1,1.00E-06,2,15,0.1,tanh,40,386,0.016119186,270.7072091,0.664836938,0.974907913,0.561902628,1.491222225,0.634197509,5.757426656,1.329873599,converge,1.365558014,0.842853942,5.757426656,1.329873599,9.808907614,5.622219753
130,vdp,10,7,10,0.1,1.00E-06,1,20,0.1,tanh,40,480,0.016210347,273.9621892,0.596464547,0.904619446,0.539661076,1.491908956,0.804481161,6.086315362,1.58499356,converge,1.398850098,0.809491614,6.086315362,1.58499356,14.27111308,7.629364513
131,vdp,10,7,10,0.1,1.00E-06,2,20,0.1,tanh,40,305,0.017014101,212.2317314,0.55732666,0.896971436,0.525986207,1.980240454,0.69812118,5.857368922,1.317125914,converge,1.303397064,0.788979311,5.857368922,1.317125914,10.28016986,6.257337413
132,vdp,10,9,10,0.1,1.00E-06,1,10,0.1,tanh,40,415,0.017438786,290.1084986,0.69211386,1.043519516,0.584366822,0.902404711,0.64987622,5.46820171,1.338230173,converge,1.366066437,0.876550233,5.46820171,1.338230173,9.573906813,6.428319958
133,vdp,10,9,10,0.1,1.00E-06,2,10,0.1,tanh,40,416,0.017387543,352.5877476,0.484266999,0.821907883,0.488324376,2.43662378,0.912595518,6.229327978,1.490231722,converge,1.305942688,0.732486563,6.229327978,1.490231722,15.73161437,7.992579724
134,vdp,10,9,10,0.1,1.00E-06,1,15,0.1,tanh,40,384,0.017854538,226.4164004,0.403373321,0.738387146,0.449179841,1.77962675,0.899883162,6.610322878,1.612421261,converge,1.225652924,0.673769761,6.610322878,1.612421261,17.51917084,8.830605288
135,vdp,10,9,10,0.1,1.00E-06,2,15,0.1,tanh,40,330,0.017971933,228.5651162,0.50008429,0.828703918,0.484969289,2.567687678,0.725717195,5.64393426,1.362531258,converge,1.205460815,0.727453934,5.64393426,1.362531258,11.15754205,6.171106293
136,vdp,10,9,10,0.1,1.00E-06,1,20,0.1,tanh,40,381,0.017779082,218.5232244,0.530104372,0.86753006,0.507896212,1.88722619,0.939332779,7.125560908,1.659660064,converge,1.353809662,0.761844318,7.125560908,1.659660064,17.63262404,8.766013834
137,vdp,10,9,10,0.1,1.00E-06,2,20,0.1,tanh,40,357,0.017671412,249.8459046,0.574551488,0.921236191,0.526922644,1.417497459,0.698314421,5.633251259,1.339746238,converge,1.306293945,0.790383966,5.633251259,1.339746238,10.15914407,6.21969145
138,vdp,10,10,10,0.1,1.00E-06,1,10,0.1,tanh,40,367,0.017420854,181.4359503,0.520695642,0.855474701,0.505515413,1.110065392,0.647220582,5.101899226,1.27157394,converge,1.313018188,0.758273119,5.101899226,1.27157394,7.980101908,5.725243577
139,vdp,10,10,10,0.1,1.00E-06,2,10,0.1,tanh,40,467,0.016944475,277.2474895,0.495149484,0.817969971,0.492890243,2.016200558,0.827607818,6.049790118,1.44986451,converge,1.255886841,0.739335365,6.049790118,1.44986451,13.61637137,7.291655284
140,vdp,10,10,10,0.1,1.00E-06,1,15,0.1,tanh,40,281,0.017699441,138.8880279,0.465147596,0.804781647,0.472718275,2.127356653,0.993685581,7.411293775,1.684952767,converge,1.300972137,0.709077413,7.411293775,1.684952767,17.72714954,8.975702836
141,vdp,10,10,10,0.1,1.00E-06,2,15,0.1,tanh,40,357,0.016970307,213.6810846,0.499572474,0.838620224,0.484601254,1.413272603,0.700246829,5.697048565,1.354349347,converge,1.255259628,0.726901881,5.697048565,1.354349347,9.709468149,6.046922881
142,vdp,10,10,10,0.1,1.00E-06,1,20,0.1,tanh,40,489,0.017445331,296.4174762,0.3658836,0.690326157,0.42356482,1.732810682,0.904326747,5.590587664,1.561786566,converge,1.312662506,0.63534723,5.590587664,1.561786566,14.1784968,8.111695832
143,vdp,10,10,10,0.1,1.00E-06,2,20,0.1,tanh,40,361,0.017046422,274.7742777,0.434820034,0.762060547,0.459774697,1.61604874,0.729009564,5.637054418,1.347679129,converge,1.266188354,0.689662046,5.637054418,1.347679129,9.753812979,6.220828744
