Temp,EB,Sty,H2,BeEt,ToMe,t,Run
138.58623,4.344587,-0.63976836,0.29302412,0.027716747,-0.012803188,0.0,0
137.08621,4.4113765,-0.34945688,0.36265394,0.025099363,-0.010096264,0.12,0
134.00383,4.478127,-0.08345675,0.47290537,0.029435515,0.0029472036,0.24,0
130.29366,4.5463963,0.16539384,0.58956915,0.035992965,0.016684309,0.36,0
126.134895,4.613182,0.3967793,0.70288676,0.0438933,0.028790772,0.48,0
121.52797,4.6743846,0.60848165,0.80881375,0.05314735,0.038559727,0.6,0
116.43941,4.7257547,0.79792845,0.90512645,0.06395219,0.04571045,0.72,0
110.84734,4.762874,0.96313107,0.9909901,0.07652956,0.050220814,0.84,0
104.770035,4.781048,1.1035966,1.0673326,0.09106096,0.052388046,0.96,0
98.29403,4.775546,1.2210889,1.1370995,0.10759517,0.05288138,1.08,0
91.59467,4.74242,1.3198303,1.2047812,0.1259074,0.052674554,1.2,0
84.926155,4.679553,1.4059074,1.2751144,0.1454114,0.052872952,1.3199999999999998,0
78.56039,4.586642,1.4864401,1.3517971,0.16532984,0.054623943,1.44,0
72.69357,4.462769,1.5697763,1.4373598,0.1852009,0.059298653,1.56,0
67.38563,4.301988,1.667463,1.5342166,0.20545687,0.068871185,1.68,0
62.604603,4.0912805,1.7959267,1.644923,0.22747213,0.08594454,1.7999999999999998,0
58.47358,3.825016,1.9674051,1.7662686,0.25167704,0.11146398,1.92,0
55.573856,3.5411122,2.1624484,1.877807,0.27375022,0.13946351,2.04,0
54.366173,3.2983863,2.340523,1.9569455,0.28796035,0.16094847,2.16,0
54.577274,3.112608,2.4873114,2.0026865,0.29390594,0.17345542,2.28,0
55.73366,2.9730976,2.6087372,2.0236254,0.29370335,0.17859341,2.4,0
57.498486,2.8698978,2.712117,2.0267131,0.28897354,0.17827396,2.52,0
59.635456,2.7986877,2.8009253,2.0164335,0.28063527,0.17405012,2.64,0
61.926907,2.7589219,2.874733,1.9961014,0.26933134,0.1672551,2.76,0
64.12882,2.7509441,2.9305284,1.9688932,0.25580367,0.15908918,2.88,0
65.97045,2.7730174,2.9648945,1.9384466,0.241115,0.15060705,3.0,0
67.193085,2.8190844,2.976598,1.9090672,0.22666363,0.14274013,3.12,0
67.61085,2.8784578,2.9684837,1.8853705,0.21396591,0.13638252,3.24,0
67.16557,2.9380777,2.947334,1.871238,0.20427349,0.13235968,3.36,0
65.94246,2.9861708,2.9215782,1.8686248,0.19823803,0.13120407,3.48,0
64.134315,3.0148942,2.898511,1.8771478,0.19584198,0.13295712,3.6,0
61.980713,3.0210702,2.8825245,1.8945774,0.19655892,0.137159,3.72,0
59.716335,3.0058587,2.8745031,1.9176517,0.1995558,0.14296961,3.84,0
57.536663,2.9738941,2.8721936,1.9428796,0.20386586,0.14936881,3.96,0
55.575504,2.9316654,2.871507,1.9673188,0.20857301,0.1554303,4.08,0
53.894943,2.8854337,2.8682637,1.9891611,0.21299556,0.16057238,4.2,0
52.492596,2.8396738,2.859448,2.0078628,0.21678281,0.16464491,4.32,0
51.322582,2.796644,2.8435082,2.0238352,0.21988903,0.16783607,4.44,0
50.31932,2.7568111,2.819993,2.0379796,0.22247373,0.17050405,4.56,0
49.416073,2.719574,2.788995,2.051298,0.22479138,0.17303342,4.68,0
48.555805,2.6839359,2.7506843,2.0646565,0.22710592,0.17575285,4.8,0
47.695244,2.6489959,2.7050102,2.0786834,0.22963737,0.1789098,4.92,0
46.804287,2.6142502,2.6515522,2.0937543,0.23253633,0.18268271,5.04,0
45.86327,2.5797312,2.5894897,2.1100144,0.23587689,0.18721142,5.16,0
44.860493,2.5460448,2.5176787,2.1273963,0.2396546,0.19262862,5.279999999999999,0
43.79258,2.5143573,2.434838,2.1455832,0.24377625,0.19907787,5.4,0
42.66967,2.4863183,2.3399138,2.1638882,0.24803257,0.20670536,5.52,0
41.526363,2.4638288,2.2327523,2.1810377,0.2520574,0.21561119,5.64,0
40.43475,2.448385,2.115168,2.1949372,0.2553089,0.2257565,5.76,0
39.505512,2.4397697,1.9921397,2.2026827,0.25715765,0.23686072,5.88,0
38.856007,2.4345152,1.8720858,2.2012212,0.25715706,0.24838935,6.0,0
38.54934,2.4258394,1.7649641,2.1886628,0.25536814,0.25971583,6.12,0
38.559822,2.4064727,1.6788515,2.1653373,0.2523795,0.27036178,6.24,0
38.804882,2.372437,1.6178497,2.133703,0.24893263,0.2801175,6.359999999999999,0
39.200558,2.324399,1.5825815,2.0973866,0.24555063,0.28900185,6.48,0
39.686527,2.2662847,1.5716935,2.0601785,0.24246006,0.29715842,6.6,0
40.22078,2.2031112,1.5828774,2.0253484,0.23971032,0.30476156,6.72,0
40.76698,2.1393738,1.6132591,1.9952879,0.23731095,0.31195524,6.84,0
41.28762,2.0782773,1.6595057,1.9714048,0.23530698,0.31882447,6.96,0
41.744484,2.0216424,1.7178974,1.9541905,0.23378912,0.3253914,7.08,0
42.103367,1.9702334,1.7844483,1.9433936,0.23286365,0.3316267,7.199999999999999,0
42.33971,1.9242419,1.8551005,1.9382341,0.2326087,0.33746624,7.319999999999999,0
42.442657,1.8837098,1.925981,1.9376212,0.2330392,0.3428295,7.439999999999999,0
42.415955,1.848761,1.9936926,1.9403515,0.23409398,0.34763888,7.56,0
42.275627,1.8196275,2.0555706,1.9452764,0.23564751,0.3518385,7.68,0
42.045403,1.7965434,2.10984,1.9514241,0.23753767,0.35540923,7.8,0
41.75162,1.7796175,2.1556292,1.958063,0.23959635,0.35837644,7.92,0
41.419228,1.7687622,2.1928587,1.9647065,0.24167283,0.36080742,8.04,0
41.06927,1.763692,2.2220516,1.971077,0.24364567,0.36280066,8.16,0
40.71797,1.7639695,2.2441308,1.9770519,0.24542549,0.36447164,8.28,0
40.37676,1.7690653,2.2602398,1.9826082,0.24695268,0.36593872,8.4,0
40.05281,1.7784104,2.2716088,1.9877816,0.2481929,0.3673122,8.52,0
39.749798,1.7914374,2.2794592,1.9926351,0.24913193,0.36868688,8.64,0
39.468628,1.8076056,2.284943,1.9972429,0.24977158,0.37013876,8.76,0
39.208084,1.8264189,2.289103,2.00168,0.2501258,0.37172338,8.879999999999999,0
38.965378,1.8474367,2.2928498,2.0060182,0.2502176,0.3734772,9.0,0
38.736614,1.8702811,2.2969475,2.010325,0.250076,0.3754197,9.12,0
38.51714,1.8946403,2.302009,2.0146627,0.24973404,0.3775561,9.24,0
38.301884,1.9202693,2.3084967,2.0190885,0.24922627,0.37988082,9.36,0
38.085617,1.946988,2.3167295,2.023653,0.24858706,0.38238037,9.48,0
37.863194,1.974679,2.3268936,2.0284023,0.24784884,0.38503635,9.6,0
37.629753,2.0032787,2.3390598,2.0333748,0.24704108,0.38782784,9.72,0
37.3809,2.0327742,2.353202,2.038602,0.24618892,0.39073363,9.84,0
37.112835,2.0631924,2.3692174,2.0441086,0.2453127,0.3937336,9.96,0
36.822403,2.0945954,2.3869474,2.0499113,0.24442746,0.39681,10.08,0
36.507175,2.1270726,2.4061975,2.0560186,0.24354272,0.399948,10.2,0
36.165424,2.160734,2.426756,2.0624332,0.24266286,0.40313628,10.32,0
35.796078,2.1957054,2.4484084,2.0691507,0.24178723,0.406367,10.44,0
35.39867,2.2321231,2.4709527,2.076161,0.24091066,0.4096356,10.56,0
34.97324,2.2701294,2.4942095,2.083449,0.24002437,0.41294047,10.68,0
34.52021,2.309868,2.5180275,2.0909956,0.23911656,0.41628256,10.8,0
34.040287,2.351481,2.5422907,2.0987782,0.23817335,0.41966444,10.92,0
33.534325,2.3951037,2.5669172,2.1067703,0.23717967,0.42308995,11.04,0
33.00324,2.4408638,2.5918603,2.1149433,0.23612006,0.42656308,11.16,0
32.44789,2.4888787,2.6171033,2.1232643,0.23497944,0.43008754,11.28,0
31.869026,2.5392523,2.6426544,2.1316977,0.23374364,0.4336656,11.4,0
31.26723,2.5920758,2.6685426,2.1402035,0.23239994,0.43729773,11.52,0
30.642914,2.6474247,2.6948094,2.148737,0.23093748,0.44098172,11.64,0
29.996288,2.7053592,2.7215052,2.157248,0.2293473,0.4447123,11.76,0
29.327427,2.7659223,2.7486832,2.1656814,0.22762263,0.44848034,11.88,0
28.6363,2.8291366,2.7763977,2.1739757,0.22575882,0.45227247,12.0,0
133.33063,3.1977766,-0.3531154,-0.05150545,-0.00063610886,0.0031313307,0.0,1
127.23736,3.0334504,-0.07114544,0.059295394,0.031344485,0.00030584188,0.12,1
118.973495,2.8030257,0.13285297,0.1499138,0.072301686,-0.0071563665,0.24,1
110.34461,2.5131721,0.29787382,0.24012777,0.11634371,-0.015955698,0.36,1
103.52311,2.2207358,0.44884133,0.33453295,0.15242215,-0.024882386,0.48,1
99.5713,2.0080638,0.5742232,0.41484988,0.17107436,-0.035393924,0.6,1
97.911156,1.9151536,0.65550226,0.47168908,0.17180017,-0.046389326,0.72,1
97.071915,1.9106818,0.6968541,0.51673806,0.16252945,-0.054249633,0.84,1
95.95625,1.9434533,0.7145762,0.5630899,0.15128663,-0.057224922,0.96,1
94.216934,1.981815,0.72139907,0.6146994,0.14186737,-0.05613016,1.08,1
91.9337,2.013316,0.724024,0.6699401,0.13499407,-0.052580725,1.2,1
89.304665,2.034985,0.72539645,0.7258512,0.13017897,-0.047899853,1.3199999999999998,1
86.50814,2.0471134,0.72667,0.7799265,0.12672651,-0.04287255,1.44,1
83.66796,2.0505126,0.7283184,0.83048564,0.12409108,-0.03785071,1.56,1
80.85968,2.0455837,0.73068666,0.87654084,0.1219385,-0.032929756,1.68,1
78.126526,2.0321975,0.73420477,0.91757697,0.12010357,-0.028090747,1.7999999999999998,1
75.493065,2.0098882,0.7394139,0.9533932,0.11852867,-0.023285197,1.92,1
72.97407,1.9781258,0.7469089,0.98402286,0.1172134,-0.018472709,2.04,1
70.579254,1.9365611,0.7572604,1.0097013,0.116179645,-0.013630433,2.16,1
68.315926,1.8852147,0.7709481,1.030844,0.11544813,-0.008750072,2.28,1
66.19047,1.8246125,0.788313,1.0480098,0.11502092,-0.0038330257,2.4,1
64.20958,1.7558734,0.8095209,1.061842,0.11486764,0.0011105572,2.52,1
62.38084,1.680734,0.83453226,1.072996,0.114916444,0.0060578673,2.64,1
60.7123,1.6015022,0.86307365,1.0820718,0.11505282,0.010966869,2.76,1
59.210682,1.5209014,0.89462245,1.0895686,0.1151297,0.015772596,2.88,1
57.878605,1.4418144,0.92842114,1.0958741,0.11498893,0.020390678,3.0,1
56.711674,1.3669611,0.9635308,1.1012832,0.11448913,0.024730062,3.12,1
55.69666,1.2985946,0.99892014,1.1060319,0.113531224,0.028711058,3.24,1
54.811695,1.2382911,1.033572,1.1103274,0.112073846,0.03228249,3.36,1
54.028286,1.1868694,1.0665845,1.114367,0.11013548,0.035432525,3.48,1
53.314594,1.144432,1.097253,1.1183423,0.107785724,0.03819066,3.6,1
52.638985,1.1104826,1.1251236,1.1224351,0.10513024,0.04062199,3.72,1
51.973217,1.0840838,1.1500138,1.1268079,0.102293886,0.04281586,3.84,1
51.294697,1.0640205,1.1720012,1.1315929,0.09940496,0.04487204,3.96,1
50.587822,1.0489557,1.1913818,1.136881,0.09658228,0.046886947,4.08,1
49.844193,1.0375644,1.2086078,1.1427157,0.09392571,0.048942275,4.2,1
49.06205,1.0286416,1.2242131,1.1490933,0.09151081,0.05109767,4.32,1
48.245018,1.021178,1.2387431,1.1559703,0.08938715,0.053387728,4.44,1
47.400562,1.014402,1.2526928,1.1632768,0.08757953,0.055823296,4.56,1
46.538296,1.0077903,1.2664664,1.1709304,0.08609171,0.05839565,4.68,1
45.668617,1.0010533,1.2803532,1.1788504,0.08491093,0.061082195,4.8,1
44.801567,0.9941008,1.2945231,1.1869673,0.084012866,0.06385238,4.92,1
43.946037,0.9869966,1.3090365,1.1952266,0.08336612,0.06667284,5.04,1
43.10939,0.9799097,1.3238622,1.2035894,0.08293611,0.06951149,5.16,1
42.29728,0.9730662,1.338901,1.2120293,0.08268814,0.072340116,5.279999999999999,1
41.513702,0.9667082,1.3540107,1.2205272,0.082589604,0.07513581,5.4,1
40.761124,0.96106005,1.3690288,1.2290678,0.08261165,0.07788164,5.52,1
40.040745,0.9563064,1.3837926,1.2376359,0.08272986,0.08056635,5.64,1
39.35276,0.9525787,1.3981539,1.2462132,0.08292463,0.08318367,5.76,1
38.696625,0.94995105,1.4119891,1.2547783,0.08318093,0.085731305,5.88,1
38.071316,0.94844264,1.4252055,1.2633055,0.08348779,0.08820985,6.0,1
37.475544,0.94802535,1.4377421,1.2717657,0.083837494,0.09062168,6.12,1
36.907932,0.9486332,1.4495692,1.2801276,0.084225,0.09296989,6.24,1
36.36713,0.9501744,1.4606842,1.2883594,0.0846469,0.09525753,6.359999999999999,1
35.851913,0.95254135,1.4711055,1.29643,0.085100934,0.09748714,6.48,1
35.3612,0.9556202,1.4808689,1.3043103,0.08558544,0.099660374,6.6,1
34.89404,0.95929855,1.490021,1.3119755,0.086098924,0.10177804,6.72,1
34.449646,0.96347046,1.4986143,1.3194047,0.086639896,0.103840075,6.84,1
34.02732,0.96804047,1.5067033,1.3265829,0.08720672,0.10584586,6.96,1
33.626427,0.97292507,1.5143418,1.3335004,0.08779759,0.10779448,7.08,1
33.246384,0.97805375,1.5215797,1.3401532,0.08841056,0.10968495,7.199999999999999,1
32.886597,0.98336756,1.5284622,1.3465424,0.08904359,0.11151655,7.319999999999999,1
32.546482,0.98881876,1.5350288,1.3526733,0.08969466,0.11328893,7.439999999999999,1
32.22541,0.99436873,1.5413133,1.3585557,0.09036184,0.11500227,7.56,1
31.922739,0.99998665,1.5473441,1.3642019,0.09104332,0.116657354,7.68,1
31.637796,1.0056474,1.5531446,1.3696258,0.09173746,0.11825557,7.8,1
31.369884,1.0113305,1.5587339,1.3748436,0.09244281,0.1197988,7.92,1
31.118301,1.0170188,1.5641273,1.3798714,0.09315814,0.12128945,8.04,1
30.882332,1.0226974,1.5693369,1.3847253,0.09388243,0.12273024,8.16,1
30.661266,1.0283527,1.5743728,1.3894211,0.09461486,0.12412429,8.28,1
30.454428,1.0339719,1.5792441,1.3939735,0.095354795,0.1254748,8.4,1
30.261139,1.0395427,1.5839581,1.3983964,0.096101746,0.12678503,8.52,1
30.080772,1.0450534,1.5885212,1.4027023,0.09685534,0.12805827,8.64,1
29.912724,1.0504922,1.5929396,1.4069026,0.09761539,0.12929772,8.76,1
29.756428,1.0558479,1.5972195,1.4110074,0.09838172,0.13050646,8.879999999999999,1
29.611359,1.0611099,1.6013664,1.4150261,0.09915425,0.13168733,9.0,1
29.477036,1.066268,1.6053855,1.4189664,0.09993289,0.132843,9.12,1
29.353006,1.0713124,1.6092823,1.4228354,0.10071765,0.13397594,9.24,1
29.238863,1.0762342,1.6130617,1.4266388,0.101508476,0.13508831,9.36,1
29.134233,1.0810252,1.6167287,1.4303824,0.102305345,0.1361821,9.48,1
29.03877,1.0856785,1.6202878,1.4340705,0.10310822,0.13725907,9.6,1
28.952166,1.0901875,1.6237434,1.4377073,0.10391702,0.13832067,9.72,1
28.874125,1.0945469,1.6270994,1.4412962,0.10473169,0.13936834,9.84,1
28.804392,1.0987521,1.6303593,1.4448402,0.10555209,0.1404032,9.96,1
28.742723,1.1027993,1.6335266,1.4483417,0.106378116,0.1414262,10.08,1
28.688896,1.1066854,1.6366041,1.4518034,0.10720959,0.14243828,10.2,1
28.6427,1.1104081,1.6395946,1.455227,0.10804637,0.14344013,10.32,1
28.60394,1.1139655,1.6425002,1.458614,0.108888246,0.14443235,10.44,1
28.57244,1.1173564,1.6453234,1.4619658,0.10973501,0.1454155,10.56,1
28.548029,1.1205796,1.6480659,1.4652834,0.11058644,0.14638996,10.68,1
28.530539,1.1236348,1.6507297,1.4685677,0.111442335,0.14735612,10.8,1
28.519821,1.1265216,1.6533161,1.4718198,0.11230245,0.14831424,10.92,1
28.515732,1.1292403,1.6558269,1.4750397,0.11316657,0.14926454,11.04,1
28.51813,1.1317908,1.6582634,1.4782284,0.11403447,0.15020719,11.16,1
28.526875,1.1341736,1.6606264,1.4813861,0.114905916,0.15114231,11.28,1
28.541843,1.1363894,1.6629173,1.4845128,0.115780696,0.15206996,11.4,1
28.562902,1.1384385,1.665137,1.4876087,0.1166586,0.1529902,11.52,1
28.58994,1.1403211,1.6672866,1.4906738,0.11753939,0.15390305,11.64,1
28.622831,1.1420385,1.669367,1.4937081,0.11842288,0.15480842,11.76,1
28.661467,1.143591,1.6713789,1.4967116,0.119308904,0.15570626,11.88,1
28.705732,1.1449792,1.6733233,1.4996841,0.12019724,0.15659648,12.0,1
69.93192,2.8086147,0.055845685,0.11940414,0.026144417,0.046293635,0.0,2
69.61304,2.494872,0.3737942,0.06858538,0.041115474,-0.008077572,0.12,2
65.5064,2.182596,0.58370185,0.12209124,0.06923194,-0.028917117,0.24,2
62.17421,1.9355956,0.73844475,0.19064462,0.08862025,-0.04224114,0.36,2
60.511345,1.7989148,0.8447681,0.25042623,0.09340413,-0.053250793,0.48,2
59.81113,1.7608294,0.90675485,0.3012965,0.0873066,-0.0612102,0.6,2
59.079502,1.7747067,0.9386816,0.35365984,0.07756895,-0.06434781,0.72,2
57.827904,1.8027278,0.9544505,0.41310486,0.06896044,-0.06279745,0.84,2
56.048298,1.8272983,0.9620556,0.47822288,0.06291166,-0.05811952,0.96,2
53.928497,1.8436487,0.9647044,0.5444963,0.059063125,-0.052026037,1.08,2
51.660404,1.8517245,0.9633542,0.6075785,0.056623977,-0.045689043,1.2,2
49.376728,1.8519535,0.9584528,0.66446424,0.05497268,-0.039687328,1.3199999999999998,2
47.15476,1.8439653,0.9506771,0.7133735,0.053763058,-0.03423465,1.44,2
45.03603,1.8266925,0.94103944,0.75336397,0.052853387,-0.029399497,1.56,2
43.04144,1.7988883,0.93072253,0.7840877,0.052216694,-0.025222957,1.68,2
41.17999,1.7596453,0.92086196,0.8056967,0.051873673,-0.021752805,1.7999999999999998,2
39.454056,1.7087871,0.91237897,0.8187902,0.051845178,-0.019035898,1.92,2
37.86383,1.6471059,0.90589,0.82432723,0.05211654,-0.017101286,2.04,2
36.411,1.5764488,0.9016754,0.8234947,0.052612446,-0.015950672,2.16,2
35.100864,1.4996399,0.8996827,0.8175569,0.053186532,-0.015559836,2.28,2
33.94154,1.4202166,0.8995488,0.80772614,0.05363227,-0.015885735,2.4,2
32.94005,1.3419677,0.90065014,0.7950864,0.053718153,-0.016870433,2.52,2
32.096516,1.268337,0.90219575,0.7805778,0.053241294,-0.018436166,2.64,2
31.39913,1.2018375,0.9033728,0.76502544,0.052082997,-0.02047371,2.76,2
30.82261,1.1436594,0.9035201,0.74917203,0.050245006,-0.02283453,2.88,2
30.33145,1.0936041,0.90228003,0.7336817,0.047850907,-0.02533809,3.0,2
29.886978,1.0503622,0.8996682,0.7191004,0.045110825,-0.027798336,3.12,2
29.45551,1.0120288,0.8960282,0.7057953,0.042262644,-0.030060897,3.24,2
29.01439,0.97667545,0.8918941,0.6939111,0.039512765,-0.032033794,3.36,2
28.554033,0.94279385,0.88782185,0.6833845,0.036996752,-0.0336972,3.48,2
28.075888,0.90950865,0.8842575,0.67401636,0.03476981,-0.03508906,3.6,2
27.588137,0.87656003,0.8814723,0.6655688,0.032821745,-0.036276937,3.72,2
27.101074,0.84413767,0.8795619,0.6578475,0.03110394,-0.03732973,3.84,2
26.623648,0.812659,0.87848526,0.650741,0.029556217,-0.03829881,3.96,2
26.161644,0.782571,0.87811947,0.64422077,0.028126415,-0.03921115,4.08,2
25.71736,0.75421417,0.87831146,0.63831425,0.026780391,-0.040071808,4.2,2
25.290318,0.7277633,0.878917,0.6330686,0.025503438,-0.040871765,4.32,2
24.87846,0.70323205,0.87982166,0.62851995,0.024295926,-0.041597016,4.44,2
24.479311,0.6805159,0.8809464,0.62467295,0.023166278,-0.04223612,4.56,2
24.090855,0.6594501,0.88224155,0.62149507,0.022124333,-0.042784516,4.68,2
23.711954,0.63986075,0.8836766,0.6189225,0.021176636,-0.0432456,4.8,2
23.342367,0.62159765,0.8852291,0.61687124,0.02032447,-0.0436292,4.92,2
22.982517,0.6045471,0.8868772,0.6152505,0.019563982,-0.043948926,5.04,2
22.633158,0.58863,0.88859576,0.6139743,0.01888768,-0.044219326,5.16,2
22.295069,0.5737918,0.8903562,0.6129667,0.018286329,-0.044453792,5.279999999999999,2
21.96887,0.5599899,0.89212805,0.6121651,0.017750578,-0.044663433,5.4,2
21.654907,0.5471835,0.8938815,0.61151886,0.017271986,-0.0448568,5.52,2
21.353281,0.53532755,0.89559007,0.6109871,0.016843451,-0.045040186,5.64,2
21.06388,0.5243709,0.89723194,0.6105361,0.016459223,-0.045218244,5.76,2
20.786476,0.51425785,0.89879024,0.6101369,0.016114559,-0.045394562,5.88,2
20.520765,0.5049305,0.90025324,0.60976464,0.015805384,-0.045572087,6.0,2
20.266436,0.49633175,0.9016131,0.60939705,0.015528019,-0.045753382,6.12,2
20.023157,0.4884074,0.90286547,0.60901564,0.015278967,-0.04594068,6.24,2
19.79061,0.4811072,0.9040079,0.6086047,0.01505488,-0.04613588,6.359999999999999,2
19.56846,0.4743853,0.90504,0.6081522,0.014852559,-0.04634048,6.48,2
19.356369,0.46819925,0.9059625,0.6076491,0.014669063,-0.046555534,6.6,2
19.153961,0.46251002,0.90677696,0.6070896,0.014501725,-0.04678164,6.72,2
18.96085,0.4572808,0.9074859,0.6064704,0.014348207,-0.04701897,6.84,2
18.77663,0.4524769,0.90809286,0.60579014,0.01420649,-0.047267366,6.96,2
18.600885,0.44806504,0.9086018,0.605049,0.0140748955,-0.0475264,7.08,2
18.433195,0.44401413,0.9090176,0.60424846,0.013951977,-0.04779546,7.199999999999999,2
18.273151,0.44029468,0.9093455,0.6033911,0.013836499,-0.04807381,7.319999999999999,2
18.12035,0.43687916,0.9095911,0.6024798,0.013727427,-0.048360612,7.439999999999999,2
17.974407,0.43374193,0.90976024,0.6015182,0.013623872,-0.04865502,7.56,2
17.834948,0.43085954,0.9098588,0.60051024,0.013525048,-0.04895612,7.68,2
17.701618,0.4282101,0.9098926,0.5994601,0.013430305,-0.049263004,7.8,2
17.574074,0.42577374,0.90986747,0.59837246,0.013339081,-0.049574748,7.92,2
17.451992,0.42353204,0.9097888,0.59725165,0.013250914,-0.04989042,8.04,2
17.33506,0.42146823,0.9096622,0.5961024,0.01316542,-0.050209127,8.16,2
17.222988,0.4195668,0.9094926,0.59492934,0.013082284,-0.05052996,8.28,2
17.115494,0.41781354,0.90928507,0.59373677,0.013001265,-0.050852075,8.4,2
17.012316,0.41619545,0.9090443,0.59252906,0.012922162,-0.05117466,8.52,2
16.913212,0.41470075,0.9087747,0.59131026,0.012844832,-0.051496953,8.64,2
16.817944,0.4133185,0.9084802,0.5900845,0.012769159,-0.05181822,8.76,2
16.7263,0.41203898,0.908165,0.5888552,0.01269506,-0.05213781,8.879999999999999,2
16.638075,0.41085327,0.90783226,0.5876259,0.012622475,-0.052455105,9.0,2
16.553082,0.40975332,0.9074855,0.5863995,0.012551356,-0.052769553,9.12,2
16.471144,0.4087318,0.9071276,0.58517915,0.012481672,-0.053080644,9.24,2
16.392094,0.40778205,0.9067614,0.58396745,0.012413415,-0.053387936,9.36,2
16.315783,0.40689826,0.90638924,0.5827668,0.012346559,-0.053690992,9.48,2
16.24207,0.4060748,0.9060134,0.5815794,0.012281126,-0.053989477,9.6,2
16.170818,0.4053069,0.90563613,0.580407,0.012217109,-0.054283064,9.72,2
16.101908,0.40459034,0.90525883,0.5792516,0.01215452,-0.05457149,9.84,2
16.035223,0.40392095,0.90488327,0.57811445,0.012093356,-0.054854505,9.96,2
15.970658,0.40329537,0.9045107,0.5769971,0.012033631,-0.055131923,10.08,2
15.908112,0.40271002,0.9041425,0.5759003,0.011975373,-0.055403586,10.2,2
15.847494,0.4021622,0.90377957,0.5748253,0.011918574,-0.055669367,10.32,2
15.788718,0.40164927,0.903423,0.57377267,0.011863238,-0.055929177,10.44,2
15.731703,0.40116876,0.9030734,0.572743,0.01180938,-0.05618295,10.56,2
15.676375,0.40071857,0.9027314,0.5717368,0.011756991,-0.056430645,10.68,2
15.622665,0.4002967,0.9023975,0.57075435,0.011706066,-0.05667226,10.8,2
15.570512,0.3999015,0.90207225,0.56979585,0.011656603,-0.056907784,10.92,2
15.519849,0.39953125,0.901756,0.5688614,0.011608587,-0.05713726,11.04,2
15.470619,0.39918464,0.9014488,0.5679512,0.0115620075,-0.057360698,11.16,2
15.422773,0.39886025,0.90115094,0.567065,0.01151685,-0.05757817,11.28,2
15.376257,0.39855683,0.9008625,0.56620276,0.011473113,-0.05778973,11.4,2
15.331023,0.39827332,0.9005836,0.56536424,0.011430762,-0.05799547,11.52,2
15.287028,0.39800864,0.90031415,0.56454915,0.011389791,-0.058195457,11.64,2
15.24423,0.39776167,0.9000542,0.5637572,0.011350183,-0.058389798,11.76,2
15.20259,0.39753166,0.89980364,0.56298804,0.0113119,-0.058578607,11.88,2
15.16207,0.39731795,0.89956224,0.56224126,0.011274907,-0.058761977,12.0,2
83.50536,4.9710064,0.16341235,0.08027428,0.041534353,-0.047412932,0.0,3
78.08767,4.815042,0.37249506,0.19607575,0.06598596,-0.034362767,0.12,3
72.99154,4.6559925,0.5453859,0.27983016,0.08684795,-0.031781893,0.24,3
68.10755,4.487631,0.69073796,0.35624945,0.105904266,-0.03204574,0.36,3
63.697117,4.3158784,0.81741524,0.43367866,0.12236948,-0.032580703,0.48,3
59.935616,4.1511736,0.9296268,0.51363254,0.13527234,-0.032566383,0.6,3
56.84994,4.0041623,1.027397,0.5943708,0.1440357,-0.031858776,0.72,3
54.35504,3.882547,1.1089842,0.67334825,0.14860862,-0.030468274,0.84,3
52.29401,3.7888246,1.1731956,0.7487756,0.14951308,-0.028332997,0.96,3
50.481297,3.7200108,1.220551,0.8200694,0.14772779,-0.025316821,1.08,3
48.753532,3.6696467,1.2531382,0.8873429,0.14437178,-0.021323582,1.2,3
47.005856,3.6304626,1.2738525,0.95068187,0.14038463,-0.016377123,1.3199999999999998,3
45.19828,3.5960848,1.2857546,1.0097864,0.13638291,-0.010609709,1.44,3
43.33942,3.5615191,1.2917713,1.0640229,0.13269028,-0.004203206,1.56,3
41.463303,3.5229616,1.294615,1.1126775,0.12944588,0.0026631185,1.68,3
39.609238,3.4774394,1.2967658,1.1552422,0.12671578,0.009842588,1.7999999999999998,3
37.807804,3.422487,1.3004571,1.1916608,0.12457889,0.017241562,1.92,3
36.072575,3.3558497,1.3076965,1.2225049,0.123186655,0.024847426,2.04,3
34.396763,3.2751524,1.3203768,1.2490777,0.12280461,0.032771166,2.16,3
32.75407,3.1775498,1.3404943,1.2734529,0.123840384,0.041300338,2.28,3
31.104195,3.0595374,1.3703911,1.2984449,0.12684809,0.05094558,2.4,3
29.406864,2.9174595,1.4127254,1.3273864,0.13245957,0.06242723,2.52,3
27.653418,2.7497864,1.4694475,1.3633145,0.14112277,0.076459385,2.64,3
25.917912,2.5618997,1.5389841,1.4071126,0.15255135,0.093153544,2.76,3
24.37753,2.369648,1.6133499,1.4557229,0.16528529,0.11137137,2.88,3
23.21851,2.1933112,1.6806235,1.5035983,0.17730153,0.12914471,3.0,3
22.504951,2.0455325,1.7320642,1.5466282,0.18729815,0.14504302,3.12,3
22.177834,1.9279824,1.7650993,1.5834814,0.1950418,0.15872699,3.24,3
22.137613,1.8363396,1.7812344,1.6143018,0.20084432,0.17051014,3.36,3
22.299086,1.7648804,1.783635,1.6395257,0.20510529,0.18087211,3.48,3
22.605415,1.708385,1.775964,1.6594952,0.20814584,0.19023348,3.6,3
23.023916,1.6625706,1.761959,1.6744825,0.2101935,0.19889493,3.72,3
23.537271,1.6240753,1.7452241,1.6848193,0.2114122,0.20704246,3.84,3
24.135117,1.5903821,1.7290324,1.6910168,0.21193455,0.214775,3.96,3
24.807915,1.559768,1.7161196,1.6938099,0.21188222,0.22213414,4.08,3
25.543638,1.5312438,1.7085183,1.6941222,0.21137412,0.22912818,4.2,3
26.326826,1.5044391,1.7074771,1.6929672,0.21052647,0.23574676,4.32,3
27.13919,1.4794215,1.7134804,1.6913257,0.20945105,0.24196793,4.44,3
27.96093,1.4564855,1.7263451,1.6900381,0.20825389,0.24776165,4.56,3
28.772148,1.4359655,1.7453581,1.6897378,0.20703472,0.25309193,4.68,3
29.55429,1.4181094,1.769425,1.6908262,0.2058854,0.25792012,4.8,3
30.291414,1.4030254,1.7972096,1.6934848,0.20488654,0.26220906,4.92,3
30.971249,1.3906853,1.8272576,1.69771,0.20410286,0.26592785,5.04,3
31.585835,1.3809639,1.858106,1.7033596,0.20357902,0.26905647,5.16,3
32.13174,1.3736855,1.8883736,1.7102003,0.20333652,0.27158967,5.279999999999999,3
32.60983,1.3686638,1.9168373,1.7179501,0.20337324,0.2735394,5.4,3
33.024586,1.3657237,1.9424893,1.7263148,0.20366585,0.27493605,5.52,3
33.383175,1.3647078,1.9645733,1.7350128,0.20417431,0.27582818,5.64,3
33.694363,1.3654693,1.9826,1.7437934,0.20484762,0.2762803,5.76,3
33.967487,1.3678601,1.996341,1.7524446,0.20563011,0.27636984,5.88,3
34.211586,1.3717173,2.0058086,1.7607967,0.20646699,0.2761824,6.0,3
34.434772,1.3768562,2.0112188,1.7687204,0.20730878,0.27580693,6.12,3
34.64385,1.383064,2.012953,1.7761217,0.2081145,0.2753302,6.24,3
34.844166,1.3901021,2.0115132,1.7829378,0.20885313,0.27483225,6.359999999999999,3
35.039665,1.397713,2.0074804,1.7891308,0.20950405,0.27438244,6.48,3
35.233044,1.4056287,2.0014756,1.7946844,0.21005669,0.27403662,6.6,3
35.425953,1.4135836,1.9941266,1.7996012,0.21050908,0.2738358,6.72,3
35.619198,1.4213272,1.9860363,1.8038998,0.21086656,0.2738059,6.84,3
35.812946,1.4286361,1.9777584,1.8076136,0.21114005,0.27395844,6.96,3
36.006866,1.4353248,1.9697771,1.8107898,0.21134436,0.2742927,7.08,3
36.200264,1.4412532,1.9624918,1.8134869,0.21149668,0.2747978,7.199999999999999,3
36.39216,1.4463308,1.9562098,1.8157718,0.21161519,0.27545518,7.319999999999999,3
36.581413,1.4505157,1.9511429,1.8177172,0.2117179,0.2762412,7.439999999999999,3
36.766796,1.4538122,1.9474105,1.8193977,0.21182178,0.27712968,7.56,3
36.947063,1.4562633,1.9450454,1.8208863,0.2119419,0.2780935,7.68,3
37.121063,1.4579436,1.9440068,1.8222505,0.21209106,0.2791064,7.8,3
37.28778,1.4589493,1.9441924,1.8235497,0.21227933,0.28014413,7.92,3
37.44641,1.4593909,1.9454529,1.8248336,0.21251404,0.28118524,8.04,3
37.59642,1.459383,1.9476085,1.8261396,0.21279968,0.28221154,8.16,3
37.737556,1.4590405,1.9504616,1.8274943,0.21313798,0.28320864,8.28,3
37.86984,1.4584699,1.9538119,1.8289125,0.21352834,0.28416556,8.4,3
37.993565,1.4577672,1.9574662,1.8304005,0.213968,0.2850751,8.52,3
38.109272,1.4570158,1.961248,1.8319558,0.21445256,0.28593332,8.64,3
38.217678,1.4562835,1.9650031,1.8335702,0.21497636,0.2867392,8.76,3
38.319645,1.4556231,1.9686052,1.8352313,0.21553287,0.28749433,8.879999999999999,3
38.416107,1.4550719,1.9719566,1.8369241,0.21611528,0.28820235,9.0,3
38.508038,1.4546531,1.9749893,1.8386327,0.21671675,0.28886846,9.12,3
38.59638,1.4543777,1.9776622,1.8403416,0.21733083,0.289499,9.24,3
38.68202,1.4542447,1.97996,1.842036,0.21795161,0.2901009,9.36,3
38.76576,1.4542454,1.9818887,1.8437036,0.21857408,0.29068124,9.48,3
38.84829,1.454363,1.9834716,1.8453335,0.21919398,0.29124683,9.6,3
38.930172,1.4545763,1.9847459,1.8469176,0.21980815,0.291804,9.72,3
39.011856,1.4548602,1.9857565,1.8484505,0.22041434,0.29235828,9.84,3
39.093666,1.4551896,1.9865546,1.8499287,0.22101119,0.29291445,9.96,3
39.175816,1.4555385,1.9871936,1.8513505,0.22159809,0.29347607,10.08,3
39.258423,1.4558825,1.9877244,1.8527172,0.22217524,0.2940458,10.2,3
39.341522,1.4561999,1.9881951,1.8540301,0.22274323,0.29462537,10.32,3
39.42508,1.4564717,1.9886482,1.855293,0.2233032,0.29521552,10.44,3
39.50902,1.4566826,1.9891199,1.8565099,0.22385658,0.29581627,10.56,3
39.593227,1.4568205,1.9896392,1.8576856,0.22440493,0.29642704,10.68,3
39.677567,1.4568775,1.9902273,1.8588246,0.22494982,0.2970466,10.8,3
39.761894,1.4568479,1.9908988,1.8599322,0.22549294,0.29767346,10.92,3
39.84607,1.4567302,1.9916606,1.8610128,0.22603576,0.2983058,11.04,3
39.929974,1.4565245,1.9925144,1.8620708,0.22657964,0.29894182,11.16,3
40.01351,1.4562333,1.993456,1.8631098,0.2271257,0.29957956,11.28,3
40.096592,1.4558605,1.994478,1.8641331,0.22767492,0.30021715,11.4,3
40.179176,1.4554111,1.9955695,1.865143,0.22822794,0.30085295,11.52,3
40.26124,1.4548903,1.9967172,1.8661413,0.22878529,0.30148542,11.64,3
40.342777,1.4543039,1.9979073,1.8671292,0.22934718,0.3021132,11.76,3
40.423832,1.4536568,1.999125,1.8681071,0.22991371,0.3027352,11.88,3
40.504448,1.4529533,2.0003564,1.8690751,0.23048483,0.30335066,12.0,3
66.38381,4.6296,-0.16149178,-0.022922747,0.020082068,-0.003908881,0.0,4
66.18928,4.3428373,0.19236916,-0.027643649,0.033847515,-0.030980939,0.12,4
62.527275,4.081607,0.4393955,0.041682083,0.05779017,-0.037657823,0.24,4
58.28398,3.8296158,0.62684196,0.11779347,0.080999024,-0.042438433,0.36,4
54.50166,3.5955265,0.7808505,0.19775261,0.09979576,-0.046064205,0.48,4
51.549343,3.394908,0.9111945,0.28027287,0.112444215,-0.048363622,0.6,4
49.433887,3.2413652,1.0178907,0.3612043,0.118369766,-0.049591105,0.72,4
47.933544,3.138583,1.0993484,0.43780252,0.11834614,-0.049749374,0.84,4
46.712177,3.0783012,1.1569076,0.51041454,0.11433032,-0.0485017,0.96,4
45.46935,3.0462027,1.1946006,0.5807396,0.108548425,-0.04560282,1.08,4
44.03932,3.029073,1.2169981,0.6496772,0.102624364,-0.041181292,1.2,4
42.391342,3.0178678,1.2278438,0.71667033,0.09734409,-0.03565973,1.3199999999999998,4
40.57731,3.0072932,1.2298673,0.78014207,0.09287509,-0.029539,1.44,4
38.679512,2.994278,1.2251573,0.8381699,0.08908148,-0.023245877,1.56,4
36.7786,2.976722,1.215551,0.88898057,0.08575104,-0.017091034,1.68,4
34.939106,2.9528706,1.2028207,0.93123347,0.08271158,-0.011294638,1.7999999999999998,4
33.204376,2.9211516,1.1886513,0.9641802,0.079874024,-0.0060219695,1.92,4
31.595652,2.8802166,1.1745226,0.9877414,0.077239364,-0.0013978838,2.04,4
30.113916,2.8290017,1.1616089,1.0024903,0.074887395,0.0024996693,2.16,4
28.744484,2.7667372,1.1507586,1.0095296,0.07295381,0.005651144,2.28,4
27.463501,2.6929374,1.1425463,1.0102991,0.07160052,0.008098767,2.4,4
26.245184,2.6074202,1.1373667,1.0063734,0.07098375,0.00993911,2.52,4
25.06851,2.5104074,1.135526,0.99930716,0.07122294,0.011309443,2.64,4
23.92306,2.4027364,1.1373075,0.9905372,0.0723693,0.0123713,2.76,4
22.813711,2.2861593,1.1429765,0.98131907,0.074372426,0.013289901,2.88,4
21.76352,2.163657,1.1527023,0.9726616,0.07704832,0.01420481,3.0,4
20.812422,2.0395527,1.1663977,0.9652539,0.08006549,0.015194102,3.12,4
20.009268,1.919196,1.1835338,0.9594261,0.0829747,0.016247757,3.24,4
19.397305,1.8081083,1.2030406,0.9551991,0.08529492,0.017273566,3.36,4
18.998478,1.7108593,1.2233769,0.95241314,0.086629756,0.018142734,3.48,4
18.804333,1.6301719,1.2427702,0.9508622,0.08676109,0.018753488,3.6,4
18.777302,1.5665867,1.2595515,0.95037276,0.08568303,0.019079853,3.72,4
18.86034,1.5186669,1.2724864,0.9508262,0.083578035,0.01918652,3.84,4
18.990152,1.483529,1.2810144,0.95214665,0.08075691,0.01920943,3.96,4
19.109869,1.4575104,1.2853205,0.9542657,0.07758479,0.019313173,4.08,4
19.178324,1.4368377,1.2862272,0.95707804,0.07440946,0.01964176,4.2,4
19.17421,1.4181969,1.2849452,0.96041256,0.071506366,0.020280816,4.32,4
19.095043,1.3991199,1.282778,0.9640432,0.069049716,0.02124335,4.44,4
18.952381,1.3781482,1.280871,0.96773744,0.067110665,0.022480033,4.56,4
18.765608,1.3547931,1.2800545,0.97131556,0.06567504,0.023904298,4.68,4
18.556267,1.3293475,1.2807859,0.9746899,0.06467029,0.025419865,4.8,4
18.343979,1.3026248,1.2831742,0.9778688,0.063992895,0.026941715,4.92,4
18.144056,1.275682,1.2870516,0.9809311,0.06353183,0.028407637,5.04,4
17.966505,1.2495763,1.2920713,0.98398983,0.06318644,0.02978173,5.16,4
17.81606,1.2251854,1.297806,0.9871578,0.06287791,0.031052671,5.279999999999999,4
17.692888,1.2031008,1.3038338,0.99052507,0.06255506,0.032229,5.4,4
17.593777,1.1835961,1.3098037,0.9941484,0.06219441,0.033333126,5.52,4
17.513514,1.1666547,1.3154721,0.9980505,0.061796203,0.03439477,5.64,4
17.44623,1.1520376,1.3207159,1.0022254,0.061377607,0.035444826,5.76,4
17.386559,1.1393714,1.3255205,1.0066456,0.060964856,0.0365102,5.88,4
17.330378,1.128235,1.3299544,1.0112705,0.060585964,0.03761038,6.0,4
17.275173,1.1182312,1.3341354,1.0160553,0.06026508,0.03875594,6.12,4
17.220022,1.1090373,1.3381968,1.0209575,0.060019005,0.03994887,6.24,4
17.165285,1.1004282,1.3422613,1.0259417,0.05985606,0.04118449,6.359999999999999,4
17.112177,1.0922785,1.346422,1.0309837,0.05977664,0.04245387,6.48,4
17.062311,1.0845474,1.3507348,1.0360696,0.05977496,0.043746494,6.6,4
17.017307,1.0772548,1.35522,1.0411949,0.05984137,0.04505239,6.72,4
16.97851,1.0704532,1.3598672,1.0463616,0.05996458,0.04636353,6.84,4
16.946846,1.0642049,1.3646458,1.0515751,0.06013354,0.047674604,6.96,4
16.922773,1.0585634,1.369516,1.0568414,0.060338717,0.048983015,7.08,4
16.906336,1.0535618,1.3744365,1.0621649,0.060572788,0.050288446,7.199999999999999,4
16.897251,1.0492089,1.3793713,1.067548,0.060830776,0.051592316,7.319999999999999,4
16.895037,1.0454899,1.384294,1.0729897,0.061109804,0.05289688,7.439999999999999,4
16.89911,1.0423722,1.3891895,1.078487,0.061408665,0.05420471,7.56,4
16.908886,1.0398109,1.3940511,1.0840348,0.061727192,0.055518087,7.68,4
16.923851,1.0377556,1.398881,1.0896273,0.06206576,0.056838766,7.8,4
16.94357,1.0361564,1.4036851,1.0952586,0.062424842,0.058167778,7.92,4
16.967718,1.0349677,1.4084728,1.1009235,0.06280473,0.059505533,8.04,4
16.99606,1.0341499,1.4132531,1.1066173,0.06320535,0.060851816,8.16,4
17.028425,1.0336717,1.418033,1.1123365,0.06362624,0.06220609,8.28,4
17.064697,1.0335081,1.4228182,1.1180785,0.06406662,0.06356757,8.4,4
17.10478,1.0336398,1.4276116,1.1238414,0.06452542,0.06493545,8.52,4
17.148571,1.0340519,1.4324132,1.1296238,0.065001465,0.066308916,8.64,4
17.195969,1.0347316,1.4372222,1.1354246,0.06549355,0.06768732,8.76,4
17.246855,1.0356679,1.442036,1.1412429,0.066000514,0.06907014,8.879999999999999,4
17.301096,1.03685,1.4468513,1.1470776,0.06652128,0.07045699,9.0,4
17.358547,1.0382668,1.4516647,1.1529274,0.06705493,0.071847625,9.12,4
17.41905,1.0399065,1.4564734,1.1587906,0.06760068,0.073241815,9.24,4
17.482447,1.0417571,1.4612749,1.1646656,0.06815788,0.07463938,9.36,4
17.548584,1.0438064,1.4660664,1.1705505,0.06872595,0.07604016,9.48,4
17.6173,1.0460418,1.4708467,1.176443,0.06930445,0.077443965,9.6,4
17.688461,1.048451,1.4756138,1.1823411,0.06989295,0.078850545,9.72,4
17.761929,1.051022,1.480367,1.1882424,0.07049105,0.08025959,9.84,4
17.83758,1.0537438,1.4851052,1.1941447,0.071098395,0.08167075,9.96,4
17.915297,1.0566053,1.4898268,1.200046,0.07171463,0.08308369,10.08,4
17.994972,1.0595968,1.4945313,1.2059435,0.0723394,0.08449797,10.2,4
18.07651,1.0627089,1.4992173,1.2118357,0.07297236,0.08591316,10.32,4
18.159813,1.0659329,1.5038834,1.2177204,0.07361314,0.087328814,10.44,4
18.244793,1.0692607,1.508528,1.2235951,0.0742614,0.088744506,10.56,4
18.331367,1.0726845,1.5131499,1.2294581,0.07491679,0.09015977,10.68,4
18.419455,1.0761969,1.5177475,1.235307,0.075579,0.09157417,10.8,4
18.508982,1.0797907,1.5223196,1.2411399,0.07624769,0.09298725,10.92,4
18.599869,1.0834594,1.5268645,1.2469548,0.076922596,0.09439859,11.04,4
18.69205,1.0871965,1.5313808,1.25275,0.07760338,0.09580779,11.16,4
18.785461,1.0909957,1.5358669,1.2585237,0.07828975,0.09721442,11.28,4
18.880035,1.0948511,1.5403216,1.2642739,0.07898146,0.09861815,11.4,4
18.975714,1.0987568,1.5447437,1.2699988,0.07967826,0.10001856,11.52,4
19.072432,1.1027069,1.549132,1.2756966,0.08037992,0.10141531,11.64,4
19.17014,1.106696,1.5534855,1.2813659,0.08108617,0.10280802,11.76,4
19.268785,1.110719,1.5578033,1.2870052,0.08179685,0.104196385,11.88,4
19.368315,1.1147705,1.5620842,1.2926129,0.08251171,0.1055801,12.0,4
90.32654,3.1590009,0.3327659,0.03772501,-0.028461054,-0.0491715,0.0,5
82.02537,2.9497046,0.55965346,0.26658052,0.01669473,-0.010840854,0.12,5
75.79726,2.7606928,0.7384644,0.3847296,0.047348417,-0.0059417966,0.24,5
70.27283,2.5756865,0.8735795,0.47225106,0.07239326,-0.0094113285,0.36,5
65.76152,2.415183,0.97496736,0.5490474,0.09058312,-0.014546092,0.48,5
62.478153,2.3050072,1.0447141,0.61562634,0.09996749,-0.01981301,0.6,5
60.14875,2.251417,1.0842553,0.6721904,0.10143425,-0.024198944,0.72,5
58.255665,2.2394452,1.0995255,0.722801,0.098134935,-0.026595712,0.84,5
56.39745,2.2483568,1.0985305,0.77126026,0.09315268,-0.026518118,0.96,5
54.410107,2.262466,1.0881393,0.8185334,0.08828861,-0.024251232,1.08,5
52.299484,2.272676,1.0731666,0.86329687,0.08419297,-0.020476667,1.2,5
50.141155,2.274311,1.0567727,0.9034001,0.080904394,-0.01590862,1.3199999999999998,5
48.015427,2.265009,1.0410436,0.93696,0.07826817,-0.011120926,1.44,5
45.979855,2.24356,1.0273598,0.9628769,0.07614321,-0.006515944,1.56,5
44.06427,2.209443,1.0165825,0.9809337,0.074464574,-0.0023478318,1.68,5
42.276203,2.162674,1.0091699,0.99166256,0.07323491,0.0012481771,1.7999999999999998,5
40.609783,2.103766,1.0052842,0.9961059,0.07248963,0.004230816,1.92,5
39.054714,2.0337434,1.0048921,0.99556136,0.07225716,0.0066280486,2.04,5
37.603634,1.954197,1.0078357,0.9913615,0.07252375,0.008509936,2.16,5
36.256783,1.8673627,1.013859,0.984713,0.073207356,0.009959961,2.28,5
35.023434,1.7761526,1.0225883,0.9765957,0.07414546,0.011048406,2.4,5
33.91969,1.6840558,1.0334841,0.96772,0.07510298,0.011813107,2.52,5
32.96288,1.5948333,1.0458006,0.95853853,0.07580436,0.01225431,2.64,5
32.16416,1.5120361,1.0585917,0.949306,0.07598487,0.012346844,2.76,5
31.522049,1.438475,1.070785,0.9401601,0.075446226,0.012065704,2.88,5
31.019445,1.3758135,1.0813204,0.93119663,0.07409773,0.011414188,3.0,5
30.625257,1.3243959,1.0893211,0.92251575,0.07197102,0.010442343,3.12,5
30.299732,1.2833273,1.0942522,0.9142351,0.06920738,0.009248325,3.24,5
30.001696,1.250755,1.0960178,0.9064734,0.06602403,0.007962009,3.36,5
29.695591,1.224271,1.0949609,0.89931464,0.06266916,0.006716481,3.48,5
29.356611,1.2013575,1.0917624,0.8927708,0.05937612,0.0056175105,3.6,5
28.97281,1.1797832,1.0872754,0.8867619,0.056327384,0.004721821,3.72,5
28.54424,1.1578844,1.0823469,0.8811305,0.05363497,0.00403139,3.84,5
28.079863,1.1346914,1.0776762,0.8756849,0.051338673,0.003503425,3.96,5
27.59358,1.1099106,1.0737357,0.8702508,0.04941804,0.0030698744,4.08,5
27.100513,1.0837958,1.0707521,0.86471254,0.047811612,0.0026581262,4.2,5
26.614195,1.0569583,1.0687349,0.8590291,0.046437725,0.002207211,4.32,5
26.144796,1.0301641,1.0675324,0.85322815,0.04521306,0.0016769412,4.44,5
25.698383,1.004151,1.0669006,0.84738535,0.04406668,0.0010505728,4.56,5
25.277004,0.97949636,1.0665694,0.84159935,0.04294875,0.000332617,4.68,5
24.879374,0.9565434,1.0662978,0.83596873,0.041833635,-0.0004566038,4.8,5
24.502012,0.9353912,1.0659107,0.83057487,0.04071781,-0.0012879168,4.92,5
24.140484,0.9159337,1.0653135,0.8254701,0.039613944,-0.0021307035,5.04,5
23.790573,0.8979309,1.0644883,0.8206735,0.038543124,-0.002959016,5.16,5
23.449112,0.88108903,1.0634744,0.8161729,0.037527196,-0.0037557413,5.279999999999999,5
23.114386,0.8651322,1.0623424,0.8119324,0.036582854,-0.004514003,5.4,5
22.786087,0.84984976,1.0611677,0.80790263,0.03571847,-0.005236057,5.52,5
22.46498,0.8351162,1.0600119,0.80403197,0.034933772,-0.005930478,5.64,5
22.152401,0.8208878,1.0589097,0.8002756,0.0342215,-0.0066086664,5.76,5
21.849775,0.8071801,1.0578692,0.79660016,0.033570264,-0.007281667,5.88,5
21.558224,0.7940394,1.0568753,0.7929855,0.032967556,-0.007957968,6.0,5
21.278364,0.78151584,1.0558988,0.7894221,0.032402214,-0.008642536,6.12,5
21.010267,0.76964253,1.0549057,0.78590786,0.031865835,-0.009336904,6.24,5
20.753563,0.7584258,1.0538652,0.7824432,0.031353224,-0.010040047,6.359999999999999,5
20.507593,0.7478443,1.0527548,0.77902776,0.030862007,-0.010749612,6.48,5
20.271595,0.737855,1.0515622,0.77565837,0.030391676,-0.011463069,6.6,5
20.04485,0.7284035,1.0502839,0.7723281,0.029942548,-0.012178574,6.72,5
19.826773,0.7194331,1.0489227,0.7690273,0.029514873,-0.012895384,6.84,5
19.616953,0.7108929,1.0474844,0.7657444,0.02910828,-0.01361386,6.96,5
19.415121,0.70274156,1.0459753,0.7624678,0.028721511,-0.014335212,7.08,5
19.221098,0.6949487,1.0444003,0.75918746,0.028352564,-0.015061018,7.199999999999999,5
19.034737,0.68749183,1.0427614,0.75589526,0.027999023,-0.015792785,7.319999999999999,5
18.855873,0.68035436,1.0410588,0.75258577,0.027658377,-0.016531676,7.439999999999999,5
18.684294,0.67352134,1.0392911,0.7492553,0.027328357,-0.017278321,7.56,5
18.519732,0.6669777,1.0374576,0.74590224,0.027007105,-0.018032862,7.68,5
18.36187,0.6607063,1.0355572,0.7425259,0.026693217,-0.018795038,7.8,5
18.210375,0.65468824,1.0335903,0.73912615,0.026385704,-0.019564336,7.92,5
18.064907,0.64890367,1.0315588,0.7357032,0.02608387,-0.020340143,8.04,5
17.925135,0.6433319,1.0294656,0.73225707,0.025787191,-0.021121886,8.16,5
17.79076,0.6379542,1.0273144,0.728788,0.025495183,-0.021909038,8.28,5
17.661507,0.63275284,1.0251098,0.72529656,0.025207376,-0.022701131,8.4,5
17.53712,0.6277122,1.0228559,0.7217834,0.024923272,-0.023497755,8.52,5
17.417381,0.6228189,1.0205569,0.7182501,0.024642352,-0.024298457,8.64,5
17.302057,0.6180611,1.0182174,0.7146982,0.024364147,-0.02510272,8.76,5
17.190943,0.61342824,1.0158415,0.7111301,0.024088223,-0.025909971,8.879999999999999,5
17.08383,0.60891074,1.013433,0.70754856,0.023814227,-0.026719546,9.0,5
16.980509,0.6044996,1.0109963,0.7039567,0.023541935,-0.027530693,9.12,5
16.880787,0.60018647,1.0085355,0.700358,0.023271158,-0.028342614,9.24,5
16.78447,0.5959634,1.0060552,0.6967558,0.02300181,-0.029154463,9.36,5
16.691376,0.5918233,1.0035596,0.6931538,0.022733878,-0.029965397,9.48,5
16.601336,0.5877593,1.0010533,0.68955564,0.022467349,-0.03077458,9.6,5
16.514193,0.58376586,0.9985408,0.6859652,0.022202257,-0.03158116,9.72,5
16.429794,0.5798377,0.99602646,0.68238586,0.021938667,-0.03238432,9.84,5
16.348015,0.5759706,0.99351496,0.67882174,0.02167663,-0.033183265,9.96,5
16.268719,0.5721611,0.99101007,0.67527664,0.021416202,-0.033977173,10.08,5
16.191788,0.56840616,0.988516,0.67175424,0.021157503,-0.034765217,10.2,5
16.117107,0.56470317,0.9860368,0.6682585,0.020900644,-0.035546634,10.32,5
16.044575,0.5610502,0.98357594,0.6647931,0.02064576,-0.036320645,10.44,5
15.974087,0.55744535,0.9811369,0.6613615,0.020393,-0.037086494,10.56,5
15.905554,0.5538874,0.97872335,0.65796745,0.020142533,-0.037843455,10.68,5
15.838886,0.55037534,0.9763381,0.65461427,0.019894518,-0.038590845,10.8,5
15.774008,0.5469084,0.97398436,0.6513052,0.01964913,-0.039328016,10.92,5
15.710841,0.5434861,0.97166467,0.6480431,0.019406548,-0.040054332,11.04,5
15.649321,0.5401083,0.96938187,0.6448309,0.019166926,-0.04076926,11.16,5
15.589383,0.53677523,0.96713805,0.6416712,0.018930428,-0.041472267,11.28,5
15.53097,0.5334871,0.96493536,0.63856655,0.018697208,-0.042162865,11.4,5
15.474027,0.5302442,0.9627758,0.6355189,0.01846742,-0.042840652,11.52,5
15.418506,0.52704716,0.96066064,0.6325305,0.018241206,-0.043505207,11.64,5
15.36436,0.5238965,0.9585914,0.62960297,0.018018706,-0.044156197,11.76,5
15.311545,0.52079296,0.95656925,0.62673795,0.017800048,-0.044793338,11.88,5
15.260022,0.51773715,0.9545952,0.62393665,0.017585365,-0.04541637,12.0,5
